clinic_id,name,town,operator,landkreis,regierungsbezirk,status,versorgungsstufe,traegerart,beds,day_places,fachrichtungen,parse_quality,source,website,careers_url,ats_type
16104,kbo-Heckscher-Klinikum Ingolstadt,Ingolstadt,kbo-Heckscher-Klinikum gGmbH,Kreisfreie Stadt Ingolstadt,Oberbayern,Plan-KH,Fachkrankenhaus,oeffentlich,0,15,KJP,ok,"Krankenhausplan Bayern 2026 (51. Fortschreibung), StMGP",https://kbo-heckscher-klinikum.de,https://kbo-heckscher-klinikum.de/arbeiten-bei-uns,typo3_jobs
16105,Danuvius Klinik Ingolstadt,Ingolstadt,Danuvius Klinik GmbH,Kreisfreie Stadt Ingolstadt,Oberbayern,Plan-KH,Fachkrankenhaus,privat,0,15,PSY,ok,"Krankenhausplan Bayern 2026 (51. Fortschreibung), StMGP",http://www.danuviusklinik.de,https://www.danuviusklinik.de/karriere/,softgarden
16106,"kbo-Heckscher-Klinikum Ingolstadt, Transitionspsychiatrie",Ingolstadt,kbo-Heckscher-Klinikum gGmbH,Kreisfreie Stadt Ingolstadt,Oberbayern,Bedarfsfeststellung,-,oeffentlich,0,0,,ok,"Krankenhausplan Bayern 2026 (51. Fortschreibung), StMGP",,,
16107,Zentrum für psychische Gesundheit (ZPG) Ingolstadt,Ingolstadt,kbo-Donau-Altmühl-Kliniken gGmbH,Kreisfreie Stadt Ingolstadt,Oberbayern,Plan-KH,Fachkrankenhaus,oeffentlich,275,50,PSO|PSY,new_2026_verified,"Krankenhausplan Bayern 2026 (51. Fortschreibung), StMGP",,https://kbo.de/karriere/jobboerse?tx_solr%5Bfilter%5D%5B0%5D=jobLocation%3Akbo-Donau-Altm%C3%BChl-Kliniken,
16201,München Klinik Schwabing,München,München Klinik gGmbH,Landeshauptstadt München,Oberbayern,Plan-KH,Maximalversorgung (III),oeffentlich,521,53,CHI|GUG|HNO|INN|KCH|KIN|NCH,ok,"Krankenhausplan Bayern 2026 (51. Fortschreibung), StMGP",https://www.muenchen-klinik.de,https://www.muenchen-klinik.de/stellenmarkt/,
16202,München Klinik Harlaching,München,München Klinik gGmbH,Landeshauptstadt München,Oberbayern,Plan-KH,Maximalversorgung (III),oeffentlich,660,48,CHI|GUG|INN|KIN|NCH|NEU|PSO,ok,"Krankenhausplan Bayern 2026 (51. Fortschreibung), StMGP",https://www.muenchen-klinik.de,https://www.muenchen-klinik.de/jobs/,
16203,München Klinik Neuperlach,München,München Klinik gGmbH,Landeshauptstadt München,Oberbayern,Plan-KH,Maximalversorgung (III),oeffentlich,545,68,CHI|INN|HD,ok,"Krankenhausplan Bayern 2026 (51. Fortschreibung), StMGP",https://www.muenchen-klinik.de,https://www.muenchen-klinik.de/stellenmarkt/,
16204,München Klinik Thalkirchner Straße,München,München Klinik gGmbH,Landeshauptstadt München,Oberbayern,Plan-KH,Fachkrankenhaus,oeffentlich,150,40,HUG,ok,"Krankenhausplan Bayern 2026 (51. Fortschreibung), StMGP",https://www.muenchen-klinik.de,https://www.muenchen-klinik.de/jobs/,
16205,München Klinik Bogenhausen,München,München Klinik gGmbH,Landeshauptstadt München,Oberbayern,Plan-KH,Maximalversorgung (III),oeffentlich,,47,CHI|HCH|INN|NCH|NEU|URO,ok,"Krankenhausplan Bayern 2026 (51. Fortschreibung), StMGP",https://www.muenchen-klinik.de,https://www.muenchen-klinik.de/jobs/,
16207,HELIOS Klinikum München West,München,HELIOS Kliniken GmbH,Landeshauptstadt München,Oberbayern,Plan-KH,Schwerpunkt (II),privat,412,0,CHI|GUG|HNO|INN|MKG|NEU,ok,"Krankenhausplan Bayern 2026 (51. Fortschreibung), StMGP",http://www.helios-gesundheit.de,,
16208,HELIOS Klinik München Perlach,München,HELIOS Kliniken GmbH,Landeshauptstadt München,Oberbayern,Plan-KH,Grundversorgung (I),privat,150,0,CHI|INN,ok,"Krankenhausplan Bayern 2026 (51. Fortschreibung), StMGP",http://www.helios-gesundheit.de,,
16209,Schön Klinik München Harlaching,München,Schön Klinik München Harlaching SE & Co. KG,Landeshauptstadt München,Oberbayern,Plan-KH,Fachkrankenhaus,privat,148,16,CHI,ok,"Krankenhausplan Bayern 2026 (51. Fortschreibung), StMGP",http://www.schoen-klinik.de,https://jobs.schoen-klinik.de/stellenangebote.html?search_mode=0&search_mode=job_filter_advanced&filter%5Bradius_search_range%5D=10,rexx
16211,"kbo-Kinderzentrum München, Fachklinik für Sozialpädiatrie",München,kbo-Kinderzentrum München gGmbH,Landeshauptstadt München,Oberbayern,Plan-KH,Fachkrankenhaus,oeffentlich,60,0,KIN,ok,"Krankenhausplan Bayern 2026 (51. Fortschreibung), StMGP",,,
16212,kbo-Heckscher-Klinikum München,München,kbo-Kinderzentrum München gGmbH,Landeshauptstadt München,Oberbayern,Plan-KH,Fachkrankenhaus,oeffentlich,78,29,KJP,ok,"Krankenhausplan Bayern 2026 (51. Fortschreibung), StMGP",http://www.kbo-kinderzentrum-muenchen.de,https://recruitingapp-5545.de.umantis.com/Jobs/1?lang=ger&ContentOnly=&message=,umantis
16213,"Klinikum Dritter Orden, München-Nymphenburg",München,Ordenskliniken München-Passau gGmbH,Landeshauptstadt München,Oberbayern,Plan-KH,Schwerpunkt (II),freigemeinnuetzig,574,44,CHI|GUG|HNO|INN|KCH|KIN|MKG|NUK|PSO,ok,"Krankenhausplan Bayern 2026 (51. Fortschreibung), StMGP",http://www.dritter-orden.de,https://www.dritter-orden.de/karriere/stellenanzeigen.php,softgarden
16214,Krankenhaus Barmherzige Brüder München,München,Ordenskliniken München-Passau gGmbH,Landeshauptstadt München,Oberbayern,Plan-KH,Grundversorgung (I),freigemeinnuetzig,404,0,CHI|INN|URO,ok,"Krankenhausplan Bayern 2026 (51. Fortschreibung), StMGP",http://www.barmherzige-muenchen.de,https://karriere-barmherzige-muenchen.de/stellenangebote?tx_oycimport_list%5Bcategory%5D=15,
16215,"Rotkreuzklinikum München, Betriebsstätte Nymphenburger Straße",München,Rotkreuzklinikum München gGmbH,Landeshauptstadt München,Oberbayern,Plan-KH,Schwerpunkt (II),freigemeinnuetzig,280,0,AUG|CHI|HNO|INN|URO,ok,"Krankenhausplan Bayern 2026 (51. Fortschreibung), StMGP",https://www.rotkreuzklinikum-muenchen.de,https://www.schwesternschaft-muenchen.de/stellenangebote/index.php,
16217,Augustinum Klinik München,München,Augustinum Wohnstifte gGmbH,Landeshauptstadt München,Oberbayern,Plan-KH,Fachkrankenhaus,freigemeinnuetzig,140,10,INN|HD,ok,"Krankenhausplan Bayern 2026 (51. Fortschreibung), StMGP",http://www.augustinum-kliniken.de,https://augustinum.de/jobs-karriere/,bite
16218,"Krankenhaus Martha-Maria, München-Solln",München,Martha-Maria Krankenhaus gGmbH; Nürnberg,Landeshauptstadt München,Oberbayern,Plan-KH,Grundversorgung (I),freigemeinnuetzig,110,0,CHI|HNO|INN,ok,"Krankenhausplan Bayern 2026 (51. Fortschreibung), StMGP",https://www.martha-maria.de,https://karriere.martha-maria.de/offene-stellen,concludis
16219,Krankenhaus Neuwittelsbach,München,Kongregation der Barmherzigen Schwestern vom hl. Vinzenz von Paul,Landeshauptstadt München,Oberbayern,Plan-KH,Fachkrankenhaus,freigemeinnuetzig,122,10,INN,ok,"Krankenhausplan Bayern 2026 (51. Fortschreibung), StMGP",https://www.krankenhaus-neuwittelsbach.de,https://karriere.barmherzige.net/jobs/?filter%5Bcompany%5D%5B%5D=Krankenhaus+Neuwittelsbach,personio
16221,Klinik Josephinum,München,Klinik Josephinum gAG,Landeshauptstadt München,Oberbayern,Plan-KH,Grundversorgung (I),freigemeinnuetzig,70,0,CHI|HNO|INN,ok,"Krankenhausplan Bayern 2026 (51. Fortschreibung), StMGP",http://www.josephinum.de,https://www.josephinum.de/stellenangebot/gesundheits-und-krankenpfleger-w-m-d-fuer-schichtdienst-in-vollzeit-teilzeit/,
16222,"Krankenhaus für Naturheilweisen, München-Harlaching",München,Stiftung für Integrative Medizin und Naturheilkunde,Landeshauptstadt München,Oberbayern,Plan-KH,Fachkrankenhaus,freigemeinnuetzig,100,0,INN,ok,"Krankenhausplan Bayern 2026 (51. Fortschreibung), StMGP",http://www.krankenhaus-naturheilweisen.de,https://www.krankenhaus-naturheilweisen.de/karriere/,bite
16223,"Rotkreuzklinikum München, Betriebsstätte Taxisstraße",München,Rotkreuzklinikum München gGmbH,Landeshauptstadt München,Oberbayern,Plan-KH,Schwerpunkt (II),freigemeinnuetzig,155,0,GUG,ok,"Krankenhausplan Bayern 2026 (51. Fortschreibung), StMGP",,https://www.schwesternschaft-muenchen.de/stellenangebote/index.php,
16224,Schön Klinik München Schwabing,München,Schön Klinik München Schwabing SE & Co. KG,Landeshauptstadt München,Oberbayern,Plan-KH,Fachkrankenhaus,privat,165,26,NEU,ok,"Krankenhausplan Bayern 2026 (51. Fortschreibung), StMGP",http://www.schoen-klinik.de,https://jobs.schoen-klinik.de/stellenangebote.html?search_mode=0&search_mode=job_filter_advanced&filter%5Bradius_search_range%5D=10,rexx
16226,Maria-Theresia-Klinik,München,Kongregation der Barmherzigen Schwestern vom hl. Vinzenz von Paul,Landeshauptstadt München,Oberbayern,Plan-KH,Fachkrankenhaus,freigemeinnuetzig,52,0,CHI|INN,ok,"Krankenhausplan Bayern 2026 (51. Fortschreibung), StMGP",https://www.maria-theresia-klinik.de,https://karriere.barmherzige.net/jobs/?filter%5Bcompany%5D%5B%5D=Maria-Theresia-Klinik,personio
16227,Augenklinik Herzog Carl Theodor,München,Stiftung Augenklinik Herzog Carl Theodor,Landeshauptstadt München,Oberbayern,Plan-KH,Fachkrankenhaus,freigemeinnuetzig,47,0,AUG,ok,"Krankenhausplan Bayern 2026 (51. Fortschreibung), StMGP",http://www.augenklinik-muenchen.de,https://www.augenklinik-muenchen.de/stellenangebote,
16228,Artemed Klinikum München Süd,München,Artemed Klinikum München Süd GmbH & Co. KG,Landeshauptstadt München,Oberbayern,Plan-KH,Fachkrankenhaus,privat,110,0,CHI|HCH|INN,ok,"Krankenhausplan Bayern 2026 (51. Fortschreibung), StMGP",https://www.artemed-muenchen-sued.de,https://www.artemed-muenchen-sued.de/karriere/stellenangebote,smartrecruiters
16230,Internistisches Klinikum München Süd,München,Internistisches Klinikum München Süd GmbH,Landeshauptstadt München,Oberbayern,Plan-KH,Fachkrankenhaus,privat,125,0,INN,ok,"Krankenhausplan Bayern 2026 (51. Fortschreibung), StMGP",https://www.ikms.de,https://ikms.de/jobs/,
16232,Paracelsus-Klinik München,München,Paracelsus-Kliniken Deutschland GmbH & Co. KGaA,Landeshauptstadt München,Oberbayern,Plan-KH,Grundversorgung (I),privat,60,0,CHI|GYN|HNO|INN|MKG,ok,"Krankenhausplan Bayern 2026 (51. Fortschreibung), StMGP",https://www.paracelsus-kliniken.de,https://jobs.pkd.de/,softgarden
16233,Sana Klinik München,München,Sana Klinik München GmbH,Landeshauptstadt München,Oberbayern,Plan-KH,Fachkrankenhaus,privat,200,0,CHI,ok,"Krankenhausplan Bayern 2026 (51. Fortschreibung), StMGP",https://www.sana.de,https://jobs.sana.de/de/sites/CX_4025/,
16234,ISAR Klinikum (München Innenstadt),München,Isar Kliniken GmbH,Landeshauptstadt München,Oberbayern,Plan-KH,Grundversorgung (I),privat,175,0,CHI|INN|URO,ok,"Krankenhausplan Bayern 2026 (51. Fortschreibung), StMGP",http://www.isarklinikum.de,https://personal.isarklinikum.de/,rexx
16235,Artemed Fachklinik München,München,Artemed Fachklinik München GmbH & Co. KG,Landeshauptstadt München,Oberbayern,Plan-KH,Fachkrankenhaus,privat,52,0,CHI,ok,"Krankenhausplan Bayern 2026 (51. Fortschreibung), StMGP",https://www.artemedmuenchen.de,https://www.artemedmuenchen.de/karriere/stellenangebote,smartrecruiters
16236,Dr. Lubos Kliniken Bogenhausen,München,Dr. Lubos Kliniken Bogenhausen GmbH,Landeshauptstadt München,Oberbayern,Plan-KH,Fachkrankenhaus,privat,85,0,CHI|GYN|URO,ok,"Krankenhausplan Bayern 2026 (51. Fortschreibung), StMGP",http://www.lubos-kliniken.de,https://www.lubos-kliniken.de/karriere/stellenangebote/pflegefachkraft-w-m-d-in-vollzeit-teilzeit-moeglich/,
16239,Dr. Lubos Kliniken Pasing,München,Dr. Lubos Kliniken Pasing GmbH & Co. KG,Landeshauptstadt München,Oberbayern,Plan-KH,Fachkrankenhaus,privat,45,0,CHI|GYN|URO,ok,"Krankenhausplan Bayern 2026 (51. Fortschreibung), StMGP",http://www.lubos-klinken.de,,
16241,Frauenklinik Dr. Geisenhofer,München,Frauenklinik Dr. Geisenhofer GmbH,Landeshauptstadt München,Oberbayern,Plan-KH,Fachkrankenhaus,privat,82,0,GUG,ok,"Krankenhausplan Bayern 2026 (51. Fortschreibung), StMGP",http://www.geisenhoferklinik.de,https://geisenhoferklinik.de/karriere/,
16242,Clinic Dr. Decker,München,Clinic Dr. Decker GmbH,Landeshauptstadt München,Oberbayern,Plan-KH,Grundversorgung (I),privat,45,0,CHI|INN,ok,"Krankenhausplan Bayern 2026 (51. Fortschreibung), StMGP",https://www.clinic-dr-decker.de,https://www.clinic-dr-decker.de/karriere/,
16246,Arabella-Klinik,München,Arabella-Klinik GmbH,Landeshauptstadt München,Oberbayern,Plan-KH,Fachkrankenhaus,privat,60,0,AUG|CHI|HNO|MKG,ok,"Krankenhausplan Bayern 2026 (51. Fortschreibung), StMGP",http://www.arabellaklinik.de,https://arabellaklinik.de/karriere/,
16249,Privatklinik Dr. Gaertner,München,HNO-Klinik Bogenhausen Dr. Gaertner GmbH,Landeshauptstadt München,Oberbayern,Plan-KH,Fachkrankenhaus,privat,20,40,HNO,ok,"Krankenhausplan Bayern 2026 (51. Fortschreibung), StMGP",https://gaertnerklinik.de,https://gaertnerklinik.de/jobs/,
16251,kbo-Isar-Amper-Klinikum München-Nord,München,kbo-Isar-Amper-Klinikum gGmbH,Landeshauptstadt München,Oberbayern,Plan-KH,Fachkrankenhaus,oeffentlich,181,39,PSY,ok,"Krankenhausplan Bayern 2026 (51. Fortschreibung), StMGP",https://kbo-iak.de,https://kbo-iak.de/kbo-karriere/stellenangebote-pflege,umantis
16252,kbo-Isar-Amper-Klinikum Atriumhaus,München,kbo-Isar-Amper-Klinikum gGmbH,Landeshauptstadt München,Oberbayern,Plan-KH,Fachkrankenhaus,oeffentlich,15,37,PSY,ok,"Krankenhausplan Bayern 2026 (51. Fortschreibung), StMGP",http://www.kbo-iak.de,https://kbo-iak.de/kbo-karriere/stellenangebote-pflege,umantis
16253,Klinik Menterschwaige,München,Klinik für Dynamische Psychiatrie München GmbH,Landeshauptstadt München,Oberbayern,Plan-KH,Fachkrankenhaus,privat,62,0,PSY,ok,"Krankenhausplan Bayern 2026 (51. Fortschreibung), StMGP",https://klinik-menterschwaige.de,https://klinik-menterschwaige.de/karriere/,
16254,Tagesklinik Süd für Psychiatrie und Psychotherapie,München,"Bayerisches Rotes Kreuz, Kreisverband München",Landeshauptstadt München,Oberbayern,Plan-KH,Fachkrankenhaus,freigemeinnuetzig,0,25,PSY,ok,"Krankenhausplan Bayern 2026 (51. Fortschreibung), StMGP",https://www.brk-muenchen.de,https://www.pflegejobs.brk-muenchen.de/,pi_asp
16256,Tagklinik Westend,München,Psychosomatische Klinik GmbH & Co. Windach/Ammersee KG,Landeshauptstadt München,Oberbayern,Plan-KH,Fachkrankenhaus,privat,0,50,PSO,ok,"Krankenhausplan Bayern 2026 (51. Fortschreibung), StMGP",https://tagesklinik-westend.de,https://tagesklinik-westend.de/unsere-klinik/stellenangebote/,
16257,kbo-Isar-Amper-Klinikum München-Pasing für PSY,München,kbo-Isar-Amper-Klinikum gGmbH,Landeshauptstadt München,Oberbayern,Bedarfsfeststellung,-,oeffentlich,0,0,,ok,"Krankenhausplan Bayern 2026 (51. Fortschreibung), StMGP",,,
16258,ATOS Starmed Klinik,München,ATOS Starmed Klinik München GmbH,Landeshauptstadt München,Oberbayern,Plan-KH,Fachkrankenhaus,privat,16,0,CHI,ok,"Krankenhausplan Bayern 2026 (51. Fortschreibung), StMGP",http://www.starmedklinik.de ,,
16259,KIRINUS Tagesklinik Schwabing,München,KIRINUS Tagesklinik GmbH,Landeshauptstadt München,Oberbayern,Plan-KH,Fachkrankenhaus,privat,0,88,PSO,ok,"Krankenhausplan Bayern 2026 (51. Fortschreibung), StMGP",http://www.kirinus.de,https://karriere.kirinus.de/stellenangebote,
16260,Schön Klinik Tagesklinik München,München,MindDoc Healthcare GmbH,Landeshauptstadt München,Oberbayern,Plan-KH,Fachkrankenhaus,privat,0,35,PSO,ok,"Krankenhausplan Bayern 2026 (51. Fortschreibung), StMGP",,,
16261,kbo-Isar-Amper-Klinikum Tagesklinik am kbo Kinderzentrum München,München,kbo-Isar-Amper-Klinikum gGmbH,Landeshauptstadt München,Oberbayern,Plan-KH,Fachkrankenhaus,oeffentlich,0,15,PSY,ok,"Krankenhausplan Bayern 2026 (51. Fortschreibung), StMGP",,,
16262,Algesiologikum Tagesklinik für Schmerzmedizin,München,Algesiologikum GmbH,Landeshauptstadt München,Oberbayern,Plan-KH,Fachkrankenhaus,privat,0,50,INN,ok,"Krankenhausplan Bayern 2026 (51. Fortschreibung), StMGP",,,
16263,kbo-Isar-Amper-Klinikum Tagesklinik für PSY Berg am Laim,München,kbo-Isar-Amper-Klinikum gGmbH,Landeshauptstadt München,Oberbayern,Plan-KH,Fachkrankenhaus,oeffentlich,0,30,PSY,ok,"Krankenhausplan Bayern 2026 (51. Fortschreibung), StMGP",http://www.kbo-iak.de,https://kbo-iak.de/kbo-karriere/stellenangebote-pflege,umantis
16264,kbo-Heckscher-Klinikum für KJP am kbo-Kinderzentrum München,München,kbo-Heckscher-Klinikum gGmbH,Landeshauptstadt München,Oberbayern,Plan-KH,Fachkrankenhaus,oeffentlich,16,4,KJP,ok,"Krankenhausplan Bayern 2026 (51. Fortschreibung), StMGP",https://kbo-heckscher-klinikum.de,https://kbo-heckscher-klinikum.de/arbeiten-bei-uns,typo3_jobs
16265,Max-Planck-Institut für Psychiatrie,München,Max-Planck-Gesellschaft zur Förderung der Wissenschaften e.V.,Landeshauptstadt München,Oberbayern,Plan-KH,Fachkrankenhaus,freigemeinnuetzig,120,70,PSY,ok,"Krankenhausplan Bayern 2026 (51. Fortschreibung), StMGP",http://www.psych.mpg.de,https://www.psych.mpg.de/2901316/stellenangebote,bite
16266,KIRINUS Tagesklinik München Nymphenburg,München,KIRINUS Tagesklinik München 2 GmbH,Landeshauptstadt München,Oberbayern,Plan-KH,Fachkrankenhaus,privat,0,80,PSO,ok,"Krankenhausplan Bayern 2026 (51. Fortschreibung), StMGP",http://www.kirinus.de,https://karriere.kirinus.de/stellenangebote,
16267,ProSomno Klinik für Schlafmedizin,München,ProSomno-GmbH,Landeshauptstadt München,Oberbayern,Plan-KH,Fachkrankenhaus,privat,12,0,INN,ok,"Krankenhausplan Bayern 2026 (51. Fortschreibung), StMGP",http://www.prosomno.de,https://prosomno.de/ueber-uns/jobs/,personio
16268,Marion von Tessin Memory Tagesklinik,München,Marion von Tessin Memory-Zentrum gGmbH,Landeshauptstadt München,Oberbayern,Plan-KH,Fachkrankenhaus,privat,0,20,PSY,ok,"Krankenhausplan Bayern 2026 (51. Fortschreibung), StMGP",https://www.mvt-zentrum.de,https://mvt-zentrum.de/job/leitung-finanzen-medizincontrolling-m-w-d/,
16301,RoMed Klinikum Rosenheim,Rosenheim,Kliniken der Stadt und des Landkreises Rosenheim GmbH,Kreisfreie Stadt Rosenheim,Oberbayern,Plan-KH,Schwerpunkt (II),oeffentlich,622,18,AUG|CHI|GUG|HNO|INN|KIN|MKG|NCH|NEU|STR|URO,ok,"Krankenhausplan Bayern 2026 (51. Fortschreibung), StMGP",http://www.romed-kliniken.de,https://romed-jobs.de/de/jobs/,dvinci
16304,kbo-Inn-Salzach-Klinikum Rosenheim,Rosenheim,kbo-Inn-Salzach-Klinikum gGmbH,Kreisfreie Stadt Rosenheim,Oberbayern,Plan-KH,Fachkrankenhaus,oeffentlich,0,40,PSY,ok,"Krankenhausplan Bayern 2026 (51. Fortschreibung), StMGP",http://www.kbo-isk.de,https://kbo-isk.de/karriere,typo3_jobs
16305,kbo-Heckscher-Klinikum Rosenheim,Rosenheim,kbo-Heckscher-Klinikum gGmbH,Kreisfreie Stadt Rosenheim,Oberbayern,Plan-KH,Fachkrankenhaus,oeffentlich,30,10,KJP,ok,"Krankenhausplan Bayern 2026 (51. Fortschreibung), StMGP",https://kbo-heckscher-klinikum.de,https://kbo-heckscher-klinikum.de/arbeiten-bei-uns,typo3_jobs
16306,Schön Klinik Roseneck - Haus Rosenheim,Rosenheim,Schön Klinik Roseneck SE & Co. KG,Kreisfreie Stadt Rosenheim,Oberbayern,Plan-KH,Fachkrankenhaus,privat,99,0,PSO,ok,"Krankenhausplan Bayern 2026 (51. Fortschreibung), StMGP",https://www.schoen-klinik.de,https://www.schoen-klinik.de/karriere,rexx
16307,Augenklinik Rosenheim,Rosenheim,Augenklinik Rosenheim Betriebs-GmbH & Co. KG,Kreisfreie Stadt Rosenheim,Oberbayern,Plan-KH,Fachkrankenhaus,privat,10,0,AUG,new_2026_verified,"Krankenhausplan Bayern 2026 (51. Fortschreibung), StMGP",,,
17101,InnKlinikum Altötting,Altötting,InnKlinikum gKU Altötting und Mühldorf,Landkreis Altötting,Oberbayern,Plan-KH,Schwerpunkt (II),oeffentlich,407,0,CHI|GUG|HNO|INN|KIN|NCH|NEU|URO,ok,"Krankenhausplan Bayern 2026 (51. Fortschreibung), StMGP",https://www.innklinikum.de,https://www.innklinikum.de/stellenangebote-uebersicht,
17102,InnKlinikum Burghausen,Burghausen,InnKlinikum gKU Altötting und Mühldorf,Landkreis Altötting,Oberbayern,Plan-KH,Grundversorgung (I),oeffentlich,139,0,CHI|HNO|INN,ok,"Krankenhausplan Bayern 2026 (51. Fortschreibung), StMGP",,,
17105,Tagesklinik für KJP am Zentrum für Kinder und Jugendliche,Altötting,Zentrum für Kinder und Jugendliche Inn-Salzach e.V.,Landkreis Altötting,Oberbayern,Plan-KH,Fachkrankenhaus,freigemeinnuetzig,0,16,KJP,ok,"Krankenhausplan Bayern 2026 (51. Fortschreibung), StMGP",,,
17106,kbo-Inn-Salzach-Klinikum Altötting,Altötting,kbo-Inn-Salzach-Klinikum gGmbH,Landkreis Altötting,Oberbayern,Plan-KH,Fachkrankenhaus,oeffentlich,0,30,PSY,ok,"Krankenhausplan Bayern 2026 (51. Fortschreibung), StMGP",https://www.kinderzentrum.de,https://kinderzentrum.de/pages/stellenangebote,
17201,Kreisklinik Bad Reichenhall,Bad Reichenhall,Kliniken Südostbayern AG,Landkreis Berchtesgadener Land,Oberbayern,Plan-KH,Grundversorgung (I),oeffentlich,240,0,AUG|CHI|GUG|HNO|INN|URO,ok,"Krankenhausplan Bayern 2026 (51. Fortschreibung), StMGP",http://www.kliniken-suedostbayern.de,https://jobs.kliniken-suedostbayern.de/stellenangebote.html,rexx
17202,Kreisklinik Berchtesgaden,Berchtesgaden,Kliniken Südostbayern AG,Landkreis Berchtesgadene r Land,Oberbayern,Plan-KH,Grundversorgung (I),oeffentlich,118,0,CHI|INN,ok,"Krankenhausplan Bayern 2026 (51. Fortschreibung), StMGP",,,
17204,kbo-Inn-Salzach-Klinikum Freilassing,Freilassing,kbo-Inn-Salzach-Klinikum gGmbH,Landkreis Berchtesgadene r Land,Oberbayern,Plan-KH,Fachkrankenhaus,oeffentlich,80,20,PSY,ok,"Krankenhausplan Bayern 2026 (51. Fortschreibung), StMGP",http://www.kbo-isk.de,https://kbo-isk.de/karriere,typo3_jobs
17205,Salus Gesundheitszentrum,Bad Reichenhall,Salus Gesundheitszentrum GmbH & Co.KG,Landkreis Berchtesgadene r Land,Oberbayern,Plan-KH,Fachkrankenhaus,privat,55,0,HUG,ok,"Krankenhausplan Bayern 2026 (51. Fortschreibung), StMGP",,,
17206,Schön Klinik Berchtesgadener Land,Schönau am Königssee,Schön Klinik Berchtesgadener Land SE & Co. KG,Landkreis Berchtesgadene r Land,Oberbayern,Plan-KH,Fachkrankenhaus,privat,116,0,PSO,ok,"Krankenhausplan Bayern 2026 (51. Fortschreibung), StMGP",http://www.schoen-klinik.de,https://jobs.schoen-klinik.de/stellenangebote.html?search_mode=0&search_mode=job_filter_advanced&filter%5Bradius_search_range%5D=10,rexx
17207,CJD Berchtesgaden - Asthmazentrum,Berchtesgaden,Christliches Jugenddorfwerk Deutschland e.V.,Landkreis Berchtesgadene r Land,Oberbayern,Plan-KH,Fachkrankenhaus,freigemeinnuetzig,20,0,INN,ok,"Krankenhausplan Bayern 2026 (51. Fortschreibung), StMGP",http://www.cjd-berchtesgaden.de,https://berchtesgaden.cjd.de/de/stellenangebote-cjd-berchtesgaden,bite
17301,Kreisklinik Wolfratshausen,Wolfratshausen,Kreisklinik Wolfratshausen gGmbH,Landkreis Bad Tölz-Wolfratshausen,Oberbayern,Plan-KH,Grundversorgung (I),oeffentlich,160,0,AUG|CHI|HNO|INN,ok,"Krankenhausplan Bayern 2026 (51. Fortschreibung), StMGP",https://www.kreisklinik-wolfratshausen.de,https://www.kreisklinik-wolfratshausen.de/karriere/bfd.php,bite
17302,Asklepios Stadtklinik Bad Tölz,Bad Tölz,Asklepios Stadtklinik Bad Tölz GmbH,Landkreis Bad Tölz-Wolfratshausen,Oberbayern,Plan-KH,Grundversorgung (I),privat,230,0,CHI|GYN|HNO|INN|NEU|URO,ok,"Krankenhausplan Bayern 2026 (51. Fortschreibung), StMGP",http://www.asklepios.com,https://www.asklepios.com/karriere/jobs,
17305,"KIRINUS Schlemmer Klinik, Bad Tölz",Bad Tölz,KIRINUS Schlemmer Klinik GmbH,Landkreis Bad Tölz-Wolfratshausen,Oberbayern,Plan-KH,Fachkrankenhaus,privat,153,0,PSO,ok,"Krankenhausplan Bayern 2026 (51. Fortschreibung), StMGP",http://www.klinik-schlemmer.de,https://karriere.kirinus.de/stellenangebote,
17306,"kbo-Lech-Mangfall-Tagesklinik für PSY, PSO an der Kreisklinik Wolfratshausen",Wolfratshausen,kbo-Lech-Mangfall-Kliniken gGmbH,Landkreis Bad Tölz-Wolfratshausen,Oberbayern,Bedarfsfeststellung,-,oeffentlich,0,0,,ok,"Krankenhausplan Bayern 2026 (51. Fortschreibung), StMGP",,,
17307,m&i-Fachklinik Bad Heilbrunn,Bad Heilbrunn,m&i Klinikbetriebsgesellsc haft GmbH,Landkreis Bad Tölz-Wolfratshausen,Oberbayern,Plan-KH,Fachkrankenhaus,privat,127,0,CHI|INN|NEU,ok,"Krankenhausplan Bayern 2026 (51. Fortschreibung), StMGP",http://www.fachklinik-bad-heilbrunn.de,https://www.fachklinik-bad-heilbrunn.de/jobs,softgarden
17308,"kbo-Heckscher-Klinikum Rottmannshöhe, Tagesklinik für KJP",Wolfratshausen,kbo-Heckscher-Klinikum gGmbH,Landkreis Bad Tölz-Wolfratshausen,Oberbayern,Bedarfsfeststellung,-,oeffentlich,0,0,,ok,"Krankenhausplan Bayern 2026 (51. Fortschreibung), StMGP",,,
17401,HELIOS Amper-Klinikum Dachau,Dachau,Amper Kliniken AG,Landkreis Dachau,Oberbayern,Plan-KH,Schwerpunkt (II),privat,435,6,CHI|GUG|HNO|INN|NCH|NEU|URO,ok,"Krankenhausplan Bayern 2026 (51. Fortschreibung), StMGP",http://www.helios-gesundheit,,
17402,HELIOS Amper-Klinik Indersdorf,Markt Indersdorf,Amper Kliniken AG,Landkreis Dachau,Oberbayern,Plan-KH,Fachkrankenhaus,privat,35,0,INN,ok,"Krankenhausplan Bayern 2026 (51. Fortschreibung), StMGP",http://www.helios-gesundheit,,
17405,kbo-Isar-Amper-Klinikum Dachau,Dachau,kbo-Isar-Amper-Klinikum gGmbH,Landkreis Dachau,Oberbayern,Plan-KH,Fachkrankenhaus,oeffentlich,0,20,PSY,ok,"Krankenhausplan Bayern 2026 (51. Fortschreibung), StMGP",http://www.kbo-iak.de,https://kbo-iak.de/kbo-karriere/stellenangebote-pflege,umantis
17501,Kreisklinik Ebersberg,Ebersberg,Kreisklinik Ebersberg gGmbH,Landkreis Ebersberg,Oberbayern,Plan-KH,Grundversorgung (I),oeffentlich,328,6,CHI|GUG|HNO|INN|URO,ok,"Krankenhausplan Bayern 2026 (51. Fortschreibung), StMGP",https://www.klinik-ebe.de,https://jobs.klinik-ebe.de/stellenangebote.html,rexx
17502,"Tagesklinik Ebersberg, Zweigstelle des kbo-Inn-Salzach-Klinikums",Ebersberg,kbo-Inn-Salzach-Klinikum gGmbH,Landkreis Ebersberg,Oberbayern,Plan-KH,Fachkrankenhaus,oeffentlich,0,30,PSO|PSY,ok,"Krankenhausplan Bayern 2026 (51. Fortschreibung), StMGP",,,
17601,Klinik Eichstätt,Eichstätt,"Kliniken im Naturpark Altmühltal, KU des Landkreises Eichstätt, AöR",Landkreis Eichstätt,Oberbayern,Plan-KH,Grundversorgung (I),oeffentlich,152,0,AUG|CHI|GUG|HNO|INN|URO,ok,"Krankenhausplan Bayern 2026 (51. Fortschreibung), StMGP",http://www.kna-online.de,,mein-check-in
17602,Klinik Kösching,Kösching,"Kliniken im Naturpark Altmühltal, KU des Landkreises Eichstätt, AöR",Landkreis Eichstätt,Oberbayern,Plan-KH,Grundversorgung (I),oeffentlich,181,0,CHI|GUG|INN,ok,"Krankenhausplan Bayern 2026 (51. Fortschreibung), StMGP",http://www.kna-online.de,,mein-check-in
17605,VAMED Klinik Kipfenberg,Kipfenberg,VAMED Klinik Kipfenberg GmbH,Landkreis Eichstätt,Oberbayern,Plan-KH,Fachkrankenhaus,privat,125,0,NEU,ok,"Krankenhausplan Bayern 2026 (51. Fortschreibung), StMGP",,,
17606,Tagesklinik für Psychiatrie Eichstätt,Eichstätt,Klinikum Ingolstadt GmbH,Landkreis Eichstätt,Oberbayern,Plan-KH,Fachkrankenhaus,oeffentlich,0,20,PSY,ok,"Krankenhausplan Bayern 2026 (51. Fortschreibung), StMGP",https://www.klinikum-ingolstadt.de,https://klinikum-ingolstadt.de/karriere/stellenangebote/,pi_asp
17701,Klinikum Landkreis Erding,Erding,Landkreis Erding,Landkreis Erding,Oberbayern,Plan-KH,Grundversorgung (I),oeffentlich,288,12,CHI|GUG|HNO|INN|URO,ok,"Krankenhausplan Bayern 2026 (51. Fortschreibung), StMGP",http://www.klinikum-erding.de,https://karriere.klinikum-erding.de/,mein-check-in
17702,Klinikum Landkreis Erding -Außenstelle Dorfen-,Dorfen,Landkreis Erding,Landkreis Erding,Oberbayern,Plan-KH,Grundversorgung (I),oeffentlich,42,0,INN,ok,"Krankenhausplan Bayern 2026 (51. Fortschreibung), StMGP",https://www.klinikum-erding.de,https://karriere.klinikum-erding.de/,mein-check-in
17704,kbo-Isar-Amper-Klinikum Taufkirchen (Vils),Taufkirchen (Vils),kbo-Isar-Amper-Klinikum gGmbH,Landkreis Erding,Oberbayern,Plan-KH,Fachkrankenhaus,oeffentlich,212,5,PSO|PSY,ok,"Krankenhausplan Bayern 2026 (51. Fortschreibung), StMGP",http://www.kbo-iak.de,https://kbo.de/karriere/jobs,umantis
17705,Klinik Wartenberg,Wartenberg,Klinik Wartenberg Prof. Dr. Selmair GmbH & Co.KG,Landkreis Erding,Oberbayern,Plan-KH,Fachkrankenhaus,privat,55,0,INN,ok,"Krankenhausplan Bayern 2026 (51. Fortschreibung), StMGP",http://www.klinik-wartenberg.de,https://www.klinik-familie.de/,mein-check-in
17706,kbo-Isar-Amper-Klinikum Tagesklinik für PSY am Klinikum Erding,Erding,kbo-Isar-Amper-Klinikum gGmbH,Landkreis Erding,Oberbayern,Bedarfsfeststellung,-,oeffentlich,0,0,,ok,"Krankenhausplan Bayern 2026 (51. Fortschreibung), StMGP",,,
17801,Klinikum Freising,Freising,Klinikum Freising GmbH,Landkreis Freising,Oberbayern,Plan-KH,Grundversorgung (I),oeffentlich,335,10,CHI|GUG|HNO|INN|PSO|URO,ok,"Krankenhausplan Bayern 2026 (51. Fortschreibung), StMGP",https://www.klinikum-freising.de,https://www.klinikum-freising.de/karriere/stellenangebote.php,mein-check-in
17803,kbo-Isar-Amper-Klinikum Freising,Freising,kbo-Isar-Amper-Klinikum gGmbH,Landkreis Freising,Oberbayern,Plan-KH,Fachkrankenhaus,oeffentlich,0,20,PSY,ok,"Krankenhausplan Bayern 2026 (51. Fortschreibung), StMGP",http://www.kbo-iak.de,https://kbo-iak.de/kbo-karriere/stellenangebote-pflege,umantis
17901,Klinikum Fürstenfeldbruck,Fürstenfeldbruck,"Kreisklinik Fürstenfeldbruck/ Seniorenheim Jesenwang, AöR",Landkreis Fürstenfeldbruck,Oberbayern,Plan-KH,Grundversorgung (I),oeffentlich,380,0,CHI|GUG|HNO|INN|URO,ok,"Krankenhausplan Bayern 2026 (51. Fortschreibung), StMGP",http://www.klinikum-ffb.de,https://www.klinikum-ffb.de/ausbildung-karriere/stellenangebote/,oracle
17902,kbo-Isar-Amper-Klinikum Fürstenfeldbruck,Fürstenfeldbruck,kbo-Isar-Amper-Klinikum gGmbH,Landkreis Fürstenfeldbruc k,Oberbayern,Plan-KH,Fachkrankenhaus,oeffentlich,88,31,PSY,ok,"Krankenhausplan Bayern 2026 (51. Fortschreibung), StMGP",https://kbo-iak.de,https://kbo-iak.de/kbo-karriere/stellenangebote-pflege,umantis
18001,Klinikum Garmisch-Partenkirchen,Garmisch-Partenkirchen,Klinikum Garmisch-Partenkirchen GmbH,Landkreis Garmisch-Partenkirchen,Oberbayern,Plan-KH,Schwerpunkt (II),oeffentlich,415,0,AUG|CHI|GUG|HNO|INN|KIN|STR|URO,ok,"Krankenhausplan Bayern 2026 (51. Fortschreibung), StMGP",http://www.klinikum-gap.de,https://karriere.klinikum-gap.de/jobs,bite_jobs
18002,Deutsches Zentrum für Kinderund Jugendrheumatologie,Garmisch-Partenkirchen,Kinderklinik Garmisch-Partenkirchen gGmbH,Landkreis Garmisch-Partenkirchen,Oberbayern,Plan-KH,Fachkrankenhaus,privat,110,0,KIN,ok,"Krankenhausplan Bayern 2026 (51. Fortschreibung), StMGP",https://www.rheuma-kinderklinik.de,https://www.rheuma-kinderklinik.de/karriere-ausbildung/stellenangebote,
18003,Klinikum Garmisch-Partenkirchen - Außenstelle Murnau,Murnau,Klinikum Garmisch-Partenkirchen GmbH,Landkreis Garmisch-Partenkirchen,Oberbayern,Plan-KH,Schwerpunkt (II),oeffentlich,75,3,INN|HD,ok,"Krankenhausplan Bayern 2026 (51. Fortschreibung), StMGP",http://www.klinikum-gap.de,https://karriere.klinikum-gap.de/jobs,bite_jobs
18004,"Klinik Oberammergau - Zentrum für Rheumatologie, Orthopädie und Schmerztherapie",Oberammergau,Waldburg-Zeil Kliniken GmbH & Co. - Rheumaklinik KG-,Landkreis Garmisch-Partenkirchen,Oberbayern,Plan-KH,Fachkrankenhaus,privat,90,0,CHI|INN,ok,"Krankenhausplan Bayern 2026 (51. Fortschreibung), StMGP",,,
18005,kbo-Lech-Mangfall-Klinik Garmisch-Partenkirchen,Garmisch-Partenkirchen,kbo-Lech-Mangfall-Kliniken gGmbH,Landkreis Garmisch-Partenkirchen,Oberbayern,Plan-KH,Fachkrankenhaus,oeffentlich,120,20,PSO|PSY,ok,"Krankenhausplan Bayern 2026 (51. Fortschreibung), StMGP",http://www.kbo-lmk.de,https://kbo-lmk.de/karriere/stellenangebote,typo3_jobs
18006,KJF Klinik Hochried,Murnau,Katholische Jugendfürsorge der Diözese Augsburg e.V.,Landkreis Garmisch-Partenkirchen,Oberbayern,Plan-KH,Fachkrankenhaus,freigemeinnuetzig,22,16,KJP,ok,"Krankenhausplan Bayern 2026 (51. Fortschreibung), StMGP",https://www.josefinum.de,https://www.josefinum.de/ueber-uns/karriere/offene-stellen/,softgarden
18007,Berufsgenossenschaf tliche Unfallklinik,Murnau,BG Klinikum Murnau gGmbH,Landkreis Garmisch-Partenkirchen,Oberbayern,Plan-KH,Schwerpunkt (II),oeffentlich,240,0,CHI|MKG|NCH|NEU|URO,ok,"Krankenhausplan Bayern 2026 (51. Fortschreibung), StMGP",,,
18101,Klinikum Landsberg am Lech,Landsberg,Klinikum Landsberg am Lech -KU-,Landkreis Landsberg a. Lech,Oberbayern,Plan-KH,Grundversorgung (I),oeffentlich,218,15,CHI|GUG|HNO|INN|KIN,ok,"Krankenhausplan Bayern 2026 (51. Fortschreibung), StMGP",http://www.klinikum-landsberg.de,https://www.klinikum-landsberg.de/offene-stellen/,bite
18102,Psychosomatische Klinik Windach Windach a.,Ammersee,Psychosomatische Klinik GmbH & Co. Windach/Ammersee KG,Landkreis Landsberg a. Lech,Oberbayern,Plan-KH,Fachkrankenhaus,privat,181,0,PSO,ok,"Krankenhausplan Bayern 2026 (51. Fortschreibung), StMGP",,,
18103,kbo-Lech-Mangfall-Klinik Landsberg am Lech,Landsberg am Lech,kbo-Lech-Mangfall-Kliniken gGmbH,Landkreis Landsberg a. Lech,Oberbayern,Plan-KH,Fachkrankenhaus,oeffentlich,92,30,PSO|PSY,ok,"Krankenhausplan Bayern 2026 (51. Fortschreibung), StMGP",http://www.kbo-lmk.de,https://kbo-lmk.de/karriere/stellenangebote,typo3_jobs
18104,kbo-Heckscher-Klinikum Landsberg am Lech,Landsberg am Lech,kbo-Heckscher-Klinikum gGmbH,Landkreis Landsberg a. Lech,Oberbayern,Plan-KH,Fachkrankenhaus,oeffentlich,0,15,KJP,ok,"Krankenhausplan Bayern 2026 (51. Fortschreibung), StMGP",https://kbo-heckscher-klinikum.de,https://kbo-heckscher-klinikum.de/arbeiten-bei-uns,typo3_jobs
18105,Psychosomatische Klinik Kloster Dießen,Dießen am Ammersee,Psychosomatische Klinik Kloster Dießen GmbH & Co.KG,Landkreis Landsberg a. Lech,Oberbayern,Plan-KH,Fachkrankenhaus,privat,58,0,PSO,ok,"Krankenhausplan Bayern 2026 (51. Fortschreibung), StMGP",https://www.psychosomatik-diessen.de,https://www.psychosomatik-diessen.de/karriere/stellenangebote,bite
18201,Krankenhaus Agatharied,Hausham,Krankenhaus Agatharied KU,Landkreis Miesbach,Oberbayern,Plan-KH,Grundversorgung (I),oeffentlich,350,0,CHI|GUG|HNO|INN|KIN|NEU,ok,"Krankenhausplan Bayern 2026 (51. Fortschreibung), StMGP",http://www.khagatharied.de,https://karriere.khagatharied.de/stellenangebote.html,rexx
18202,kbo-Lech-Mangfall-Klinik Agatharied,Hausham,kbo-Lech-Mangfall-Kliniken gGmbH,Landkreis Miesbach,Oberbayern,Plan-KH,Fachkrankenhaus,oeffentlich,135,30,PSO|PSY,ok,"Krankenhausplan Bayern 2026 (51. Fortschreibung), StMGP",http://www.kbo-lmk.de,https://kbo-lmk.de/karriere/stellenangebote,typo3_jobs
18301,InnKlinikum Mühldorf am Inn,Mühldorf,InnKlinikum gKU Altötting und Mühldorf,Landkreis Mühldorf a. Inn,Oberbayern,Plan-KH,Grundversorgung (I),oeffentlich,275,8,CHI|GUG|HNO|INN|URO,ok,"Krankenhausplan Bayern 2026 (51. Fortschreibung), StMGP",https://www.innklinikum.de,https://www.innklinikum.de/stellenangebote-uebersicht,
18302,InnKlinikum Haag in OB,Haag in OB,InnKlinikum gKU Altötting und Mühldorf,Landkreis Mühldorf a. Inn,Oberbayern,Plan-KH,Grundversorgung (I),oeffentlich,20,0,INN,ok,"Krankenhausplan Bayern 2026 (51. Fortschreibung), StMGP",,,
18401,WolfartKlinik,Gräfelfing,WolfartKlinik GmbH,Landkreis München,Oberbayern,Plan-KH,Grundversorgung (I),privat,90,0,CHI|GYN,ok,"Krankenhausplan Bayern 2026 (51. Fortschreibung), StMGP",http://www.wolfartklinik.de,,
18402,kbo-Isar-Amper-Klinikum München-Ost,Haar,kbo-Isar-Amper-Klinikum gGmbH,Landkreis München,Oberbayern,Plan-KH,Fachkrankenhaus,oeffentlich,750,59,NEU|PSO|PSY|SON,ok,"Krankenhausplan Bayern 2026 (51. Fortschreibung), StMGP",https://kbo-iak.de,https://recruitingapp-5656.de.umantis.com/Jobs/1?CompanyID=22&Reset=G,umantis
18404,Urologische Klinik München-Planegg,Planegg,Medical Team Clinic GmbH,Landkreis München,Oberbayern,Plan-KH,Fachkrankenhaus,privat,65,5,CHI|GYN|URO,ok,"Krankenhausplan Bayern 2026 (51. Fortschreibung), StMGP",http://www.ukmp.de,https://www.ukmp.de/karriere/stellenangebote.html,
18406,kbo-Heckscher-Klinikum Haar,Haar,kbo-Heckscher-Klinikum gGmbH,Landkreis München,Oberbayern,Plan-KH,Fachkrankenhaus,oeffentlich,20,11,KJP,ok,"Krankenhausplan Bayern 2026 (51. Fortschreibung), StMGP",https://kbo-heckscher-klinikum.de,https://kbo-heckscher-klinikum.de/arbeiten-bei-uns,typo3_jobs
18501,AMEOS Klinikum St. Elisabeth Neuburg,Neuburg/Donau,AMEOS Krankenhausgesellsc haft Neuburg mbH,Landkreis Neuburg-Schrobenhausen,Oberbayern,Plan-KH,Grundversorgung (I),privat,298,23,AUG|CHI|GUG|HNO|INN|KIN|KJP|URO,ok,"Krankenhausplan Bayern 2026 (51. Fortschreibung), StMGP",https://www.ameos.de,https://karriere.ameos.eu/offene-stellen/,typo3_jobs
18504,Kreiskrankenhaus Schrobenhausen,Schrobenhausen,Kreiskrankenhaus Schrobenhausen GmbH,Landkreis Neuburg-Schrobenhausen,Oberbayern,Plan-KH,Grundversorgung (I),oeffentlich,130,9,CHI|GYN|INN|URO|HD,ok,"Krankenhausplan Bayern 2026 (51. Fortschreibung), StMGP",http://kkh-sob.de,https://kkh-sob.de/karriere/stellenangebote,
18505,Danuvius Klinik Neuburg a.d. Donau,Neuburg/Donau,Danuvius Klinik GmbH,Landkreis Neuburg-Schrobenhaus en,Oberbayern,Plan-KH,Fachkrankenhaus,privat,40,15,PSY,ok,"Krankenhausplan Bayern 2026 (51. Fortschreibung), StMGP",,,
18601,Ilmtalklinik Pfaffenhofen,Pfaffenhofen,Ilmtalklinik GmbH,Landkreis Pfaffenhofen a. d. Ilm,Oberbayern,Plan-KH,Grundversorgung (I),oeffentlich,220,0,CHI|GUG|INN,ok,"Krankenhausplan Bayern 2026 (51. Fortschreibung), StMGP",http://www.ilmtalklinik.de,,
18605,Danuvius Klinik Pfaffenhofen,Pfaffenhofen,Danuvius Klinik GmbH,Landkreis Pfaffenhofen a. d. Ilm,Oberbayern,Plan-KH,Fachkrankenhaus,privat,80,15,PSY,ok,"Krankenhausplan Bayern 2026 (51. Fortschreibung), StMGP",http://www.danuviusklinik.de,https://www.danuviusklinik.de/karriere/,softgarden
18701,RoMed Klinik Wasserburg am Inn,Wasserburg am Inn,Kliniken der Stadt und des Landkreises Rosenheim GmbH,Landkreis Rosenheim,Oberbayern,Plan-KH,Grundversorgung (I),oeffentlich,130,0,CHI|GUG|HNO|INN,ok,"Krankenhausplan Bayern 2026 (51. Fortschreibung), StMGP",https://www.romed-kliniken.de,https://romed-jobs.de/de/jobs/,dvinci
18702,RoMed Klinik Bad Aibling,Bad Aibling,Kliniken der Stadt und des Landkreises Rosenheim GmbH,Landkreis Rosenheim,Oberbayern,Plan-KH,Grundversorgung (I),oeffentlich,140,0,CHI|GYN|HNO|INN,ok,"Krankenhausplan Bayern 2026 (51. Fortschreibung), StMGP",https://www.romed-kliniken.de,https://romed-jobs.de/de/jobs/,dvinci
18707,Schön Klinik Vogtareuth,Vogtareuth,Schön Klinik Vogtareuth SE & Co. KG,Landkreis Rosenheim,Oberbayern,Plan-KH,Fachkrankenhaus,privat,240,16,CHI|HCH|KIN|MKG|NCH|NEU,ok,"Krankenhausplan Bayern 2026 (51. Fortschreibung), StMGP",http://www.schoen-klinik.de,https://jobs.schoen-klinik.de/stellenangebote.html?search_mode=0&search_mode=job_filter_advanced&filter%5Bradius_search_range%5D=10,rexx
18710,Orthopädische Kinderklinik Aschau im Chiemgau,Aschau im Chiemgau,Behandlungszentrum Aschau GmbH,Landkreis Rosenheim,Oberbayern,Plan-KH,Fachkrankenhaus,freigemeinnuetzig,69,0,CHI,ok,"Krankenhausplan Bayern 2026 (51. Fortschreibung), StMGP",https://www.kiz-chiemgau.de,https://www.kiz-chiemgau.de/stellenangebote,bite
18711,"Klinik Bad Trissl, Oberaudorf",Oberaudorf,Klinik Bad Trissl GmbH,Landkreis Rosenheim,Oberbayern,Plan-KH,Fachkrankenhaus,privat,100,0,GYN|INN,ok,"Krankenhausplan Bayern 2026 (51. Fortschreibung), StMGP",https://www.klinik-bad-trissl.de,https://www.klinik-bad-trissl.de/karriere/,
18712,kbo-Inn-Salzach-Klinikum Wasserburg am Inn,Wasserburg am Inn,kbo-Inn-Salzach-Klinikum gGmbH,Landkreis Rosenheim,Oberbayern,Plan-KH,Fachkrankenhaus,oeffentlich,518,25,NEU|PSO|PSY|SON,ok,"Krankenhausplan Bayern 2026 (51. Fortschreibung), StMGP",http://www.kbo-isk.de,https://kbo.de/karriere/jobboerse?tx_solr%5Bfilter%5D%5B0%5D=jobSite%3Akbo-Inn-Salzach-Klinikum+Wasserburg+am+Inn,typo3_jobs
18713,Simssee Klinik,Bad Endorf,Simssee Klinik GmbH,Landkreis Rosenheim,Oberbayern,Plan-KH,Fachkrankenhaus,privat,179,0,CHI|PSO,ok,"Krankenhausplan Bayern 2026 (51. Fortschreibung), StMGP",https://www.simssee-klinik.de,https://karriere.gesundheitswelt.de/stellenangebote.html?filter[client_id][]=3,rexx
18715,RoMed Klinik Prien am Chiemsee,Prien am Chiemsee,Kliniken der Stadt und des Landkreises Rosenheim GmbH,Landkreis Rosenheim,Oberbayern,Plan-KH,Grundversorgung (I),oeffentlich,140,0,CHI|GYN|HNO|INN|URO,ok,"Krankenhausplan Bayern 2026 (51. Fortschreibung), StMGP",http://www.romed-kliniken.de,https://romed-jobs.de/de/jobs/,dvinci
18716,Schön Klinik Roseneck,Prien am Chiemsee,Schön Klinik Roseneck SE & Co. KG,Landkreis Rosenheim,Oberbayern,Plan-KH,Fachkrankenhaus,privat,234,30,PSO,ok,"Krankenhausplan Bayern 2026 (51. Fortschreibung), StMGP",https://www.schoen-klinik.de,https://jobs.schoen-klinik.de/stellenangebote.html?search_mode=0&search_mode=job_filter_advanced&filter%5Bradius_search_range%5D=10,rexx
18717,Schön Klinik Bad Aibling,Bad Aibling,Schön Klinik Bad Aibling SE & Co. KG,Landkreis Rosenheim,Oberbayern,Plan-KH,Fachkrankenhaus,privat,287,28,CHI|INN|NEU|HD,ok,"Krankenhausplan Bayern 2026 (51. Fortschreibung), StMGP",http://www.schoen-klinik.de,https://jobs.schoen-klinik.de/stellenangebote.html?search_mode=0&search_mode=job_filter_advanced&filter%5Bradius_search_range%5D=10,rexx
18718,kbo-Heckscher-Klinikum Wasserburg am Inn,Wasserburg am Inn,kbo-Heckscher-Klinikum gGmbH,Landkreis Rosenheim,Oberbayern,Plan-KH,Fachkrankenhaus,oeffentlich,20,0,KJP,ok,"Krankenhausplan Bayern 2026 (51. Fortschreibung), StMGP",https://kbo-heckscher-klinikum.de,https://kbo-heckscher-klinikum.de/arbeiten-bei-uns,typo3_jobs
18719,Clinicum St. Georg,Bad Aibling,Clinicum St. Georg GmbH & Co. KG,Landkreis Rosenheim,Oberbayern,Plan-KH,Fachkrankenhaus,privat,15,0,INN,ok,"Krankenhausplan Bayern 2026 (51. Fortschreibung), StMGP",https://www.klinik-st-georg.de,https://clinicum-stgeorg.de/karriere,
18720,Medical Park Chiemseeblick,Bernau am Chiemsee,Medical Park Chiemseeblick GmbH & Co. KG,Landkreis Rosenheim,Oberbayern,Plan-KH,Fachkrankenhaus,privat,136,0,PSO,ok,"Krankenhausplan Bayern 2026 (51. Fortschreibung), StMGP",https://chiemseeblick.medicalpark.de,https://karriere.medicalpark.de/,
18721,Klinik St. Irmingard,Prien am Chiemsee,Klinik St. Irmingard GmbH,Landkreis Rosenheim,Oberbayern,Plan-KH,Fachkrankenhaus,privat,75,0,PSO,ok,"Krankenhausplan Bayern 2026 (51. Fortschreibung), StMGP",http://www.st-irmingard.de,https://karriere.gesundheitswelt.de/stellenangebote.html?filter[client_id][]=6,rexx
18801,Klinikum Starnberg,Starnberg,Kreiskrankenhaus Starnberg GmbH,Landkreis Starnberg,Oberbayern,Plan-KH,Grundversorgung (I),oeffentlich,308,4,CHI|GUG|HNO|INN|KIN|NEU|URO,ok,"Krankenhausplan Bayern 2026 (51. Fortschreibung), StMGP",https://www.klinikum-starnberg.de,https://www.starnberger-kliniken.de/de/mvz-praxen/fachbereiche/offene-stellen.htm,softgarden
18802,Benedictus Krankenhaus Tutzing,Tutzing,Benedictus Krankenhaus Tutzing GmbH & Co.KG,Landkreis Starnberg,Oberbayern,Plan-KH,Grundversorgung (I),privat,160,0,CHI|INN,ok,"Krankenhausplan Bayern 2026 (51. Fortschreibung), StMGP",http://www.krankenhaus-tutzing.de,https://www.krankenhaus-tutzing.de/karriere,bite
18803,Klinikum Herrsching Schindlbeck,Herrsching,Dr. Schindlbeck Klinik Seefeld/Herrsching GmbH,Landkreis Starnberg,Oberbayern,Plan-KH,Fachkrankenhaus,oeffentlich,110,14,INN|HD,ok,"Krankenhausplan Bayern 2026 (51. Fortschreibung), StMGP",http://www.klinikum-herrsching.de,https://www.starnberger-kliniken.de/de/mvz-praxen/fachbereiche/offene-stellen.htm,softgarden
18804,Klinikum Seefeld,Seefeld,Dr. Schindlbeck Klinik Seefeld/Herrsching GmbH,Landkreis Starnberg,Oberbayern,Plan-KH,Grundversorgung (I),oeffentlich,72,0,CHI|INN,ok,"Krankenhausplan Bayern 2026 (51. Fortschreibung), StMGP",https://www.klinikum-seefeld.de,https://www.starnberger-kliniken.de/de/mvz-praxen/fachbereiche/offene-stellen.htm,softgarden
18808,"Marianne-Strauß-Klinik, Behandlungszentrum Kempfenhausen",Berg,Behandlungszentrum Kempfenhausen für Multiple Sklerose Kranke gGmbH,Landkreis Starnberg,Oberbayern,Plan-KH,Fachkrankenhaus,oeffentlich,120,15,NEU,ok,"Krankenhausplan Bayern 2026 (51. Fortschreibung), StMGP",http://www.ms-klinik.de,https://www.ms-klinik.de/karriere,smartrecruiters
18809,Klinikum Fünfseenland Gauting,Gauting,Klinikum Fünfseenland Gauting GmbH,Landkreis Starnberg,Oberbayern,Plan-KH,Fachkrankenhaus,privat,130,10,PSY,ok,"Krankenhausplan Bayern 2026 (51. Fortschreibung), StMGP",https://www.klinikum-fuenfseenland.de,,
18810,kbo-Heckscher-Klinikum Rottmannshöhe,Berg,kbo-Heckscher-Klinikum gGmbH,Landkreis Starnberg,Oberbayern,Plan-KH,Fachkrankenhaus,oeffentlich,40,4,KJP,ok,"Krankenhausplan Bayern 2026 (51. Fortschreibung), StMGP",https://kbo-heckscher-klinikum.de,https://kbo-heckscher-klinikum.de/arbeiten-bei-uns,typo3_jobs
18811,Asklepios Lungenklink Gauting,Gauting,Asklepios Klinik Gauting GmbH,Landkreis Starnberg,Oberbayern,Plan-KH,Fachkrankenhaus,privat,250,0,INN,ok,"Krankenhausplan Bayern 2026 (51. Fortschreibung), StMGP",http://www.asklepios.com,https://www.asklepios.com/karriere/jobs,
18813,Benedictus Krankenhaus Feldafing,Feldafing,Benedictus Krankenhaus Feldafing GmbH & Co. KG,Landkreis Starnberg,Oberbayern,Plan-KH,Fachkrankenhaus,privat,70,25,INN|NEU,ok,"Krankenhausplan Bayern 2026 (51. Fortschreibung), StMGP",https://www.klinik-feldafing.de,https://www.klinik-feldafing.de/karriere/stellenangebote,smartrecruiters
18901,Klinikum Traunstein,Traunstein,Kliniken Südostbayern AG,Landkreis Traunstein,Oberbayern,Plan-KH,Schwerpunkt (II),oeffentlich,548,38,AUG|CHI|GUG|HNO|INN|KCH|KIN|NCH|NEU|STR|URO|HD,ok,"Krankenhausplan Bayern 2026 (51. Fortschreibung), StMGP",http://www.kliniken-suedostbayern.de,https://jobs.kliniken-suedostbayern.de/stellenangebote.html,rexx
18902,Kreisklinik Trostberg,Trostberg,Kliniken Südostbayern AG,Landkreis Traunstein,Oberbayern,Plan-KH,Grundversorgung (I),oeffentlich,223,0,CHI|GYN|INN,ok,"Krankenhausplan Bayern 2026 (51. Fortschreibung), StMGP",http://www.kliniken-suedostbayern.de,https://jobs.kliniken-suedostbayern.de/stellenangebote.html,rexx
18905,Salzachklinik Fridolfing,Fridolfing,Gemeinde Fridolfing,Landkreis Traunstein,Oberbayern,Plan-KH,Grundversorgung (I),oeffentlich,45,0,CHI|INN,ok,"Krankenhausplan Bayern 2026 (51. Fortschreibung), StMGP",http://www.salzachklinik-fridolfing.de,https://www.salzachklinik-fridolfing.de/jobs-op,
19001,Krankenhaus Schongau,Schongau,Krankenhaus GmbH Landkreis Weilheim-Schongau,Landkreis Weilheim-Schongau,Oberbayern,Plan-KH,Grundversorgung (I),oeffentlich,40,10,CHI|INN,ok,"Krankenhausplan Bayern 2026 (51. Fortschreibung), StMGP",https://sogesund.care,https://www.meinkrankenhaus2030.de/karriere/stellenboerse,
19002,Krankenhaus Weilheim,Weilheim,Krankenhaus GmbH Landkreis Weilheim-Schongau,Landkreis Weilheim-Schongau,Oberbayern,Plan-KH,Grundversorgung (I),oeffentlich,220,0,CHI|GUG|HNO|INN|URO,ok,"Krankenhausplan Bayern 2026 (51. Fortschreibung), StMGP",https://www.meinkrankenhaus2030.de,https://www.meinkrankenhaus2030.de/karriere/stellenboerse,
19003,Klinikum Penzberg,Penzberg,Krankenhaus Penzberg GmbH,Landkreis Weilheim-Schongau,Oberbayern,Plan-KH,Grundversorgung (I),oeffentlich,100,0,CHI|GYN|HNO|INN,ok,"Krankenhausplan Bayern 2026 (51. Fortschreibung), StMGP",https://www.klinikum-penzberg.de,https://www.starnberger-kliniken.de/de/mvz-praxen/fachbereiche/offene-stellen.htm,softgarden
19005,kbo-Lech-Mangfall-Klinik Peißenberg,Peißenberg,kbo-Lech-Mangfall-Kliniken gGmbH,Landkreis Weilheim-Schongau,Oberbayern,Plan-KH,Fachkrankenhaus,oeffentlich,0,30,PSY,ok,"Krankenhausplan Bayern 2026 (51. Fortschreibung), StMGP",http://www.kbo-lmk.de,https://kbo-lmk.de/karriere/stellenangebote,typo3_jobs
26103,Kinderkrankenhaus St. Marien Landshut,Landshut,Kinderkrankenhaus St. Marien gGmbH,Kreisfreie Stadt Landshut,Niederbayern,Plan-KH,Fachkrankenhaus,oeffentlich,120,1,KCH|KIN,ok,"Krankenhausplan Bayern 2026 (51. Fortschreibung), StMGP",http://www.kinderkrankenhaus-landshut.de,https://www.la-regio-kliniken.de/stellenportal,typo3_jobs
26107,Bezirkskrankenhaus Landshut,Landshut,Bezirk Niederbayern,Kreisfreie Stadt Landshut,Niederbayern,Plan-KH,Fachkrankenhaus,oeffentlich,260,38,KJP|PSO|PSY,ok,"Krankenhausplan Bayern 2026 (51. Fortschreibung), StMGP",http://www.bkh-landshut.de,https://www.bkh-landshut.de/stellenangebote/,mein-check-in
26108,LA-Regio Kliniken Landshut,Landshut,"LA-Regio Kliniken gKU, AdöR des Landkreises und der Stadt Landshut",Kreisfreie Stadt Landshut,Niederbayern,Plan-KH,Schwerpunkt (II),oeffentlich,862,48,AUG|CHI|GUG|HNO|INN|MKG|NCH|NEU|NUK|STR|URO|HD,new_2026_verified,"Krankenhausplan Bayern 2026 (51. Fortschreibung), StMGP",,,
26201,Klinikum Passau,Passau,Kreisfreie Stadt Passau,Kreisfreie Stadt Passau,Niederbayern,Plan-KH,Schwerpunkt (II),oeffentlich,660,18,AUG|CHI|GUG|HCH|HNO|INN|MKG|NEU|NUK|STR|URO|HD,ok,"Krankenhausplan Bayern 2026 (51. Fortschreibung), StMGP",http://www.klinikum-passau.de,https://www.klinikum-passau.de/beruf-karriere/offene-stellen,klinikum_passau
26202,Kinderklinik Dritter Orden Passau,Passau,Ordenskliniken München-Passau gGmbH,Kreisfreie Stadt Passau,Niederbayern,Plan-KH,Fachkrankenhaus,freigemeinnuetzig,80,5,KCH|KIN,ok,"Krankenhausplan Bayern 2026 (51. Fortschreibung), StMGP",https://www.kinderklinik-passau.de,https://ichbindannmalhier.bayern/,
26204,Bezirkskrankenhaus Passau - Fachklinik für Kinderund Jugendpsychiatrie und Psychotherapie,Passau,Bezirk Niederbayern,Kreisfreie Stadt Passau,Niederbayern,Plan-KH,Fachkrankenhaus,oeffentlich,0,18,KJP,ok,"Krankenhausplan Bayern 2026 (51. Fortschreibung), StMGP",http://www.bkh-landshut.de,https://www.bkh-landshut.de/stellenangebote/,mein-check-in
26205,Bezirkskrankenhaus Passau - Fachklinik für Erwachsenenpsychiat rie und Psychotherapie,Passau,Bezirk Niederbayern,Kreisfreie Stadt Passau,Niederbayern,Plan-KH,Fachkrankenhaus,oeffentlich,60,30,PSO|PSY,ok,"Krankenhausplan Bayern 2026 (51. Fortschreibung), StMGP",http://www.bkh-passau.de,https://www.bkh-passau.de/karriere/,
26206,Psychosomatische Tagesklinik Passau (PTP),Passau,Landkreis Passau Krankenhaus gGmbH,Kreisfreie Stadt Passau,Niederbayern,Plan-KH,Fachkrankenhaus,oeffentlich,0,25,PSO,ok,"Krankenhausplan Bayern 2026 (51. Fortschreibung), StMGP",http://ge-passau.de,https://karriere.ge-passau.de,
26301,"Barmherzige Brüder Klinikum St. Elisabeth, Straubing",Straubing,Barmherzige Brüder Klinikum St. Elisabeth Straubing GmbH,Kreisfreie Stadt Straubing,Niederbayern,Plan-KH,Schwerpunkt (II),freigemeinnuetzig,475,0,AUG|CHI|GUG|HNO|INN|MKG|NEU|URO,ok,"Krankenhausplan Bayern 2026 (51. Fortschreibung), StMGP",https://www.klinikum-straubing.de,https://www.klinikum-straubing.de/karriere/offene-stellen.html,typo3_jobs
27104,Fachklinik Osterhofen,Osterhofen,Fachklinik Osterhofen GmbH,Landkreis Deggendorf,Niederbayern,Plan-KH,Fachkrankenhaus,privat,127,0,CHI,ok,"Krankenhausplan Bayern 2026 (51. Fortschreibung), StMGP",http://www.fachklinik-osterhofen.de,https://www.fachklinik-osterhofen.de/stellenangebot/facharzt-innere-medizin-als-oberarzt-m-w-vollzeit/,
27105,Bezirksklinikum Mainkofen,Deggendorf,Bezirk Niederbayern,Landkreis Deggendorf,Niederbayern,Plan-KH,Fachkrankenhaus,oeffentlich,562,0,NEU|PSO|PSY,ok,"Krankenhausplan Bayern 2026 (51. Fortschreibung), StMGP",http://www.mainkofen.de,https://mainkofen.de/karriere-bkm/aktuelle-jobs/,mein-check-in
27106,DONAUISAR Klinikum Deggendorf,Deggendorf,DONAUISAR Klinikum Deggendorf-Dingolfing-Landau gKU,Landkreis Deggendorf,Niederbayern,Plan-KH,Schwerpunkt (II),oeffentlich,465,15,AUG|CHI|GUG|HNO|INN|KIN|MKG|NCH|NEU|URO|HD,ok,"Krankenhausplan Bayern 2026 (51. Fortschreibung), StMGP",http://www.bkh-landshut.de,https://www.dik-karriere.de/stellenangebote,bite
27107,Tagesklinik für KJP am Klinikum Deggendorf,Deggendorf,Bezirk Nieder-bayern,Landkreis Deggendorf,Niederbayern,Plan-KH,Fachkrankenhaus,oeffentlich,0,15,KJP,ok,"Krankenhausplan Bayern 2026 (51. Fortschreibung), StMGP",,,
27108,Klinik Angermühle Deggendorf,Deggendorf,Klinik Angermühle GmbH,Landkreis Deggendorf,Niederbayern,Plan-KH,Fachkrankenhaus,privat,18,53,PSO,ok,"Krankenhausplan Bayern 2026 (51. Fortschreibung), StMGP",http://www.klinik-angermuehle.de,https://www.klinik-angermuehle.de/jobs/,
27201,Kreiskrankenhaus Grafenau,Grafenau,Kliniken am Goldenen Steig gGmbH,Landkreis Freyung-Grafenau,Niederbayern,Plan-KH,Grundversorgung (I),oeffentlich,105,0,INN|URO,ok,"Krankenhausplan Bayern 2026 (51. Fortschreibung), StMGP",,,
27204,Kreiskrankenhaus Freyung,Freyung,Kliniken am Goldenen Steig gGmbH,Landkreis Freyung-Grafenau,Niederbayern,Plan-KH,Grundversorgung (I),oeffentlich,260,0,CHI|GUG|HNO|INN|PSO,ok,"Krankenhausplan Bayern 2026 (51. Fortschreibung), StMGP",,,
27301,Caritas-Krankenhaus St. Lukas,Kelheim,Caritas Krankenhaus St. Lukas GmbH,Landkreis Kelheim,Niederbayern,Plan-KH,Grundversorgung (I),freigemeinnuetzig,200,0,CHI|GUG|HNO|INN|URO,ok,"Krankenhausplan Bayern 2026 (51. Fortschreibung), StMGP",https://csl-kelheim.de,https://www.mein-check-in.de/csl-kelheim/overview,mein-check-in
27302,Krankenhaus Mainburg,Mainburg,Ilmtalklinik GmbH,Landkreis Kelheim,Niederbayern,Plan-KH,Grundversorgung (I),oeffentlich,60,0,INN,ok,"Krankenhausplan Bayern 2026 (51. Fortschreibung), StMGP",http://www.ilmtalklinik.de,,
27306,Asklepios Klinikum Bad Abbach,Bad Abbach,Asklepios Klinikum Bad Abbach GmbH,Landkreis Kelheim,Niederbayern,Plan-KH,Fachkrankenhaus,privat,200,0,CHI|INN,ok,"Krankenhausplan Bayern 2026 (51. Fortschreibung), StMGP",http://www.asklepios.com,https://www.asklepios.com/karriere/jobs,
27307,Passauer Wolf Bad Gögging - Klinik für Neurologie,Neustadt an der Donau,Passauer Wolf Bad Gögging GmbH & Co. KG,Landkreis Kelheim,Niederbayern,Plan-KH,Fachkrankenhaus,privat,40,0,NEU,ok,"Krankenhausplan Bayern 2026 (51. Fortschreibung), StMGP",https://www.passauerwolf.de,https://karriere.passauerwolf.de/,softgarden
27401,LAKUMED Krankenhaus Vilsbiburg,Vilsbiburg,"Landshuter KU für medizinische Versorgung, AöR - La.KUMed-",Landkreis Landshut,Niederbayern,Plan-KH,Grundversorgung (I),oeffentlich,185,10,CHI|GUG|INN,ok,"Krankenhausplan Bayern 2026 (51. Fortschreibung), StMGP",,,
27402,Schlossklinik Rottenburg,Rottenburg,"Landshuter KU für medizinische Versorgung, AöR - La.KUMed-",,Niederbayern,Plan-KH,Grundversorgung (I),oeffentlich,20,0,INN,ok,"Krankenhausplan Bayern 2026 (51. Fortschreibung), StMGP",http://www.lakumed.de,https://www.la-regio-kliniken.de/stellenportal,typo3_jobs
27501,Kreiskrankenhaus Rotthalmünster,Rotthalmünster,Landkreis Passau Krankenhaus gGmbH,Landkreis Passau,Niederbayern,Plan-KH,Grundversorgung (I),oeffentlich,200,0,CHI|GYN|HNO|INN|URO,ok,"Krankenhausplan Bayern 2026 (51. Fortschreibung), StMGP",,https://karriere.ge-passau.de/stellen/,
27502,Kreiskrankenhaus Vilshofen,Vilshofen,Landkreis Passau Krankenhaus gGmbH,Landkreis Passau,Niederbayern,Plan-KH,Grundversorgung (I),oeffentlich,200,0,CHI|GYN|INN,ok,"Krankenhausplan Bayern 2026 (51. Fortschreibung), StMGP",,,
27503,Kreiskrankenhaus Wegscheid,Wegscheid,Landkreis Passau Krankenhaus gGmbH,Landkreis Passau,Niederbayern,Plan-KH,Grundversorgung (I),oeffentlich,79,0,CHI|GYN|INN|PSO,ok,"Krankenhausplan Bayern 2026 (51. Fortschreibung), StMGP",,,
27509,Fachklinik Johannesbad Bad Füssing,Bad Füssing,Johannesbad Reha-Kliniken GmbH & Co. KG,Landkreis Passau,Niederbayern,Plan-KH,Fachkrankenhaus,privat,70,0,CHI|PSO,ok,"Krankenhausplan Bayern 2026 (51. Fortschreibung), StMGP",https://www.johannesbad-medizin.com,https://www.johannesbad.com/karriere,
27510,Fachklinik St. Lukas,Bad Griesbach,Fachklinik St. Lukas GmbH,Landkreis Passau,Niederbayern,Plan-KH,Fachkrankenhaus,privat,80,0,PSO,ok,"Krankenhausplan Bayern 2026 (51. Fortschreibung), StMGP",http://www.fachklinik-sankt-lukas.de,https://www.fachklinik-sankt-lukas.de/jobs-und-karriere/,
27511,Passauer Wolf Bad Griesbach - Klinik für Neurologie,Bad Griesbach,Passauer Wolf Bad Griesbach GmbH & Co. KG,Landkreis Passau,Niederbayern,Plan-KH,Fachkrankenhaus,privat,25,0,NEU,ok,"Krankenhausplan Bayern 2026 (51. Fortschreibung), StMGP",https://www.passauerwolf.de,https://karriere.passauerwolf.de/,softgarden
27601,ARBERLANDKlinik Zwiesel,Zwiesel,Arberlandkliniken KU,Landkreis Regen,Niederbayern,Plan-KH,Grundversorgung (I),oeffentlich,166,0,CHI|GUG|HNO|INN,ok,"Krankenhausplan Bayern 2026 (51. Fortschreibung), StMGP",https://www.arberlandkliniken.de,https://jobs.arberlandkliniken.de/,bite
27602,ARBERLANDKlinik Viechtach,Viechtach,Arberlandkliniken KU,Landkreis Regen,Niederbayern,Plan-KH,Grundversorgung (I),oeffentlich,166,0,CHI|HNO|INN,ok,"Krankenhausplan Bayern 2026 (51. Fortschreibung), StMGP",https://www.arberlandkliniken.de,https://jobs.arberlandkliniken.de/,bite
27701,Psychosomatische Fachklinik Simbach am Inn,Simbach am Inn,KU Rottal-Inn-Kliniken,Landkreis Rottal-Inn,Niederbayern,Plan-KH,Fachkrankenhaus,oeffentlich,190,0,PSO,ok,"Krankenhausplan Bayern 2026 (51. Fortschreibung), StMGP",https://www.rottalinnkliniken.de,https://karriere.rottalinnkliniken.de/offene-stellen/,pi_asp
27702,Kreiskrankenhaus Pfarrkirchen,Pfarrkirchen,KU Rottal-Inn-Kliniken,Landkreis Rottal-Inn,Niederbayern,Plan-KH,Fachkrankenhaus,oeffentlich,80,0,CHI|INN,ok,"Krankenhausplan Bayern 2026 (51. Fortschreibung), StMGP",https://www.rottalinnkliniken.de,https://karriere.rottalinnkliniken.de/offene-stellen/,pi_asp
27705,Kreiskrankenhaus Eggenfelden,Eggenfelden,KU Rottal-Inn-Kliniken,Landkreis Rottal-Inn,Niederbayern,Plan-KH,Grundversorgung (I),oeffentlich,275,0,CHI|GUG|HNO|INN|URO,ok,"Krankenhausplan Bayern 2026 (51. Fortschreibung), StMGP",https://www.rottalinnkliniken.de,https://karriere.rottalinnkliniken.de/offene-stellen/,pi_asp
27706,AMEOS Klinikum Inntal,Simbach am Inn,AMEOS Klinikum Inntal GmbH,Rottal-Inn,Niederbayern,Plan-KH,Fachkrankenhaus,privat,60,0,PSO,new_2026_verified,"Krankenhausplan Bayern 2026 (51. Fortschreibung), StMGP",,https://karriere.ameos.eu/offene-stellen/,self_hosted
27801,Klinik Bogen,Bogen,"Kreiskliniken Bogen-Mallersdorf, AöR",Landkreis Straubing-Bogen,Niederbayern,Plan-KH,Grundversorgung (I),oeffentlich,120,0,CHI|GYN|HNO|INN,ok,"Krankenhausplan Bayern 2026 (51. Fortschreibung), StMGP",http://www.klinik-bogen.de,https://www.kreiskliniken-bogen-mallersdorf.de/klinik-bogen/karriere/ausbildung.html,bite
27803,Orthopädische Klinik Schwarzach,Schwarzach,Pfarrer-Michael-Graf-Stiftung,Landkreis Straubing-Bogen,Niederbayern,Plan-KH,Fachkrankenhaus,freigemeinnuetzig,105,0,CHI,ok,"Krankenhausplan Bayern 2026 (51. Fortschreibung), StMGP",http://www.klinik-schwarzach.de,https://www.klinik-schwarzach.de/beruf-karriere/stellenangebote,typo3_jobs
27805,Klinik Mallersdorf,Mallersdorf-Pfaffenberg,"Kreiskliniken Bogen-Mallersdorf, AöR",Landkreis Straubing-Bogen,Niederbayern,Plan-KH,Grundversorgung (I),oeffentlich,145,0,CHI|INN|URO,ok,"Krankenhausplan Bayern 2026 (51. Fortschreibung), StMGP",http://www.klinik-mallersdorf.de,https://www.kreiskliniken-bogen-mallersdorf.de/klinik-bogen/karriere/ausbildung.html,bite
27901,DONAUISAR Klinikum Dingolfing,Dingolfing,DONAUISAR Klinikum Deggendorf-Dingolfing-Landau gKU,Landkreis Dingolfing-Landau,Niederbayern,Plan-KH,Grundversorgung (I),oeffentlich,110,0,CHI|GUG|HNO|INN|URO,ok,"Krankenhausplan Bayern 2026 (51. Fortschreibung), StMGP",http://www.donau-isar-klinikum.de,https://www.dik-karriere.de/stellenangebote,bite
27904,DONAUISAR Klinikum Landau,Landau,DONAUISAR Klinikum Deggendorf-Dingolfing-Landau gKU,Landkreis Dingolfing-Landau,Niederbayern,Plan-KH,Fachkrankenhaus,oeffentlich,85,15,INN,ok,"Krankenhausplan Bayern 2026 (51. Fortschreibung), StMGP",http://www.donau-isar-klinikum.de,https://www.dik-karriere.de/stellenangebote,bite
36101,Klinikum St. Marien Amberg,Amberg,"KU Klinikum St Marien Amberg, AöR",Kreisfreie Stadt Amberg,Oberpfalz,Plan-KH,Schwerpunkt (II),oeffentlich,535,20,AUG|CHI|GUG|HNO|INN|KCH|KIN|MKG|NCH|NEU|STR|URO|HD,ok,"Krankenhausplan Bayern 2026 (51. Fortschreibung), StMGP",http://www.klinikum-amberg.de,https://www.klinikum-amberg.de/karriere/offene_stellen.php,bite_jobs
36102,Psychiatrische Tagesklinik Amberg,Amberg,Medizinische Einrichtungen des Bezirks Oberpfalz - KU (AöR),Kreisfreie Stadt Amberg,Oberpfalz,Plan-KH,Fachkrankenhaus,oeffentlich,0,32,KJP|PSO|PSY,ok,"Krankenhausplan Bayern 2026 (51. Fortschreibung), StMGP",,,
36201,Krankenhaus Barmherzige Brüder,Regensburg,Barmherzige Brüder gemeinnützige Krankenhaus GmbH,Kreisfreie Stadt Regensburg,Oberpfalz,Plan-KH,Maximalversorgung (III),freigemeinnuetzig,985,27,AUG|CHI|GUG|HNO|INN|KCH|KIN|MKG|NCH|NEU|NUK|STR|URO,ok,"Krankenhausplan Bayern 2026 (51. Fortschreibung), StMGP",http://www.barmherzige-regensburg.de,https://www.barmherzige-regensburg.de/karriere/offene-stellen-bewerbung.html,typo3_jobs
36202,Krankenhaus St. Josef Regensburg,Regensburg,Caritasverband für die Diözese Regensburg e.V.,Kreisfreie Stadt Regensburg,Oberpfalz,Plan-KH,Schwerpunkt (II),freigemeinnuetzig,325,0,CHI|GUG|INN|URO,ok,"Krankenhausplan Bayern 2026 (51. Fortschreibung), StMGP",https://www.csj.de,https://csj.de/beruf-und-karriere/stellenangebote/alle-stellenangebote,
36209,Bezirksklinikum Regensburg,Regensburg,Medizinische Einrichtungen des Bezirks Oberpfalz - KU (AöR),Kreisfreie Stadt Regensburg,Oberpfalz,Plan-KH,Fachkrankenhaus,oeffentlich,623,120,KJP|NEU|PSO|PSY,ok,"Krankenhausplan Bayern 2026 (51. Fortschreibung), StMGP",http://www.medbo.de,https://www.medbo.de/karriere/jobsmedbo,typo3_jobs
36301,Klinikum Weiden,Weiden,Kliniken Nordoberpfalz AG,Kreisfreie Stadt Weiden i. d. OPf.,Oberpfalz,Plan-KH,Schwerpunkt (II),oeffentlich,649,21,AUG|CHI|GUG|HNO|INN|KCH|KIN|MKG|NCH|NEU|STR|URO|HD,ok,"Krankenhausplan Bayern 2026 (51. Fortschreibung), StMGP",http://www.kliniken-nordoberpfalz.de,,
36302,Psychiatrische Tagesklinik Weiden,Weiden,Medizinische Einrichtungen des Bezirks Oberpfalz - KU (AöR),Kreisfreie Stadt Weiden i. d. OPf.,Oberpfalz,Plan-KH,Fachkrankenhaus,oeffentlich,0,12,KJP,ok,"Krankenhausplan Bayern 2026 (51. Fortschreibung), StMGP",,,
37101,St. Anna Krankenhaus Sulzbach-Rosenberg,Sulzbach-Rosenberg,"KU Krankenhäuser des Landkreises Amberg-Sulzbach, AöR",Landkreis Amberg-Sulzbach,Oberpfalz,Plan-KH,Grundversorgung (I),oeffentlich,180,0,CHI|GUG|INN,ok,"Krankenhausplan Bayern 2026 (51. Fortschreibung), StMGP",http://www.kh-as.de,https://www.kh-as.de/ausbildung-karriere/stellenangebote/,
37202,Sana Kliniken - Krankenhaus Cham,Cham,Sana Kliniken des Landkreises Cham GmbH,Landkreis Cham,Oberpfalz,Plan-KH,Grundversorgung (I),privat,235,0,AUG|CHI|GUG|HNO|INN|NEU|URO,ok,"Krankenhausplan Bayern 2026 (51. Fortschreibung), StMGP",,https://jobs.sana.de/de/sites/CX_4025/requisitions,oracle
37203,Sana Kliniken - Krankenhaus Bad Kötzting,Bad Kötzting,Sana Kliniken des Landkreises Cham GmbH,Landkreis Cham,Oberpfalz,Plan-KH,Fachkrankenhaus,privat,50,0,INN,ok,"Krankenhausplan Bayern 2026 (51. Fortschreibung), StMGP",,,
37205,Heiligenfeld Klinik Waldmünchen,Waldmünchen,Heiligenfeld GmbH,Landkreis Cham,Oberpfalz,Plan-KH,Fachkrankenhaus,privat,40,0,PSO,ok,"Krankenhausplan Bayern 2026 (51. Fortschreibung), StMGP",https://www.heiligenfeld.de,https://www.heiligenfeld.de/stellenangebote,softgarden
37208,Psychiatrische Klinik Cham,Cham,Medizinische Einrichtungen des Bezirks Oberpfalz - KU (AöR),Landkreis Cham,Oberpfalz,Plan-KH,Fachkrankenhaus,oeffentlich,50,42,KJP|PSO|PSY,ok,"Krankenhausplan Bayern 2026 (51. Fortschreibung), StMGP",,,
37301,Klinikum Neumarkt,Neumarkt i.d.OPf.,"KU Kliniken des Landkreises Neumarkt i.d. OPf., AöR",Landkreis Neumarkt i. d. OPf.,Oberpfalz,Plan-KH,Schwerpunkt (II),oeffentlich,485,31,CHI|GUG|HNO|INN|NCH|NEU|STR|URO,ok,"Krankenhausplan Bayern 2026 (51. Fortschreibung), StMGP",https://www.klinikum-neumarkt.de,https://www.klinikum-neumarkt.de/karriere/stellenangebote,dvinci
37304,Klinik für Psychosomatische Medizin und Psychotherapie,Parsberg,Medizinische Einrichtungen des Bezirks Oberpfalz - KU (AöR),Landkreis Neumarkt i.d. OPf.,Oberpfalz,Bedarfsfeststellung,-,oeffentlich,0,0,,ok,"Krankenhausplan Bayern 2026 (51. Fortschreibung), StMGP",,,
37404,Bezirkskranken-haus Wöllershof,Störnstein,Medizinische Einrichtungen des Bezirks Oberpfalz - KU (AöR),Landkreis Neustadt a. d. Waldnaab,Oberpfalz,Plan-KH,Fachkrankenhaus,oeffentlich,193,25,PSO|PSY,ok,"Krankenhausplan Bayern 2026 (51. Fortschreibung), StMGP",https://www.medbo.de,https://www.medbo.de/karriere/jobsmedbo,typo3_jobs
37501,Kreisklinik Wörth a.d. Donau,Wörth an der Donau,Landkreis Regensburg,Landkreis Regensburg,Oberpfalz,Plan-KH,Grundversorgung (I),oeffentlich,125,0,CHI|GYN|INN,ok,"Krankenhausplan Bayern 2026 (51. Fortschreibung), StMGP",https://www.kreisklinik-woerth.de,https://www.kreisklinik-woerth.de/stellenangebote/,
37504,Caritas-Krankenhaus St. Maria,Donaustauf,Caritas Krankenhaus St. Maria gGmbH,Landkreis Regensburg,Oberpfalz,Plan-KH,Fachkrankenhaus,freigemeinnuetzig,120,0,INN|PSO,ok,"Krankenhausplan Bayern 2026 (51. Fortschreibung), StMGP",,,
37601,St. Barbara Krankenhaus Schwandorf,Schwandorf,Barmherzige Brüder gemeinnützige Krankenhaus GmbH,Landkreis Schwandorf,Oberpfalz,Plan-KH,Grundversorgung (I),freigemeinnuetzig,267,0,CHI|GUG|INN|URO,ok,"Krankenhausplan Bayern 2026 (51. Fortschreibung), StMGP",http://barmherzige-schwandorf.de,https://www.barmherzige-bieten-zukunft.de/stellenmarkt/stellenboerse,typo3_jobs
37602,Asklepios Klinik im Städtedreieck,Burglengenfeld,Asklepios Südpfalzkliniken GmbH,Landkreis Schwandorf,Oberpfalz,Plan-KH,Grundversorgung (I),privat,120,0,CHI|GYN|HNO|INN,ok,"Krankenhausplan Bayern 2026 (51. Fortschreibung), StMGP",http://www.asklepios.com,https://www.asklepios.com/karriere/jobs,
37607,Asklepios Orthopädische Klinik Lindenlohe,Schwandorf,Asklepios Klinik Lindenlohe GmbH,Landkreis Schwandorf,Oberpfalz,Plan-KH,Fachkrankenhaus,privat,70,0,CHI,ok,"Krankenhausplan Bayern 2026 (51. Fortschreibung), StMGP",http://www.asklepios.com,https://www.asklepios.com/karriere/jobs,
37608,Asklepios Klinik Oberviechtach,Oberviechtach,Asklepios Klinikum Bad Abbach GmbH,Landkreis Schwandorf,Oberpfalz,Plan-KH,Grundversorgung (I),privat,40,0,CHI|INN,ok,"Krankenhausplan Bayern 2026 (51. Fortschreibung), StMGP",http://www.asklepios.com,https://www.asklepios.com/karriere/jobs,
37609,Passauer Wolf Nittenau - Klinik für Neurologie,Nittenau,Reha-Zentrum Nittenau GmbH,Landkreis Schwandorf,Oberpfalz,Plan-KH,Fachkrankenhaus,privat,17,0,NEU,ok,"Krankenhausplan Bayern 2026 (51. Fortschreibung), StMGP",https://www.passauerwolf.de,https://karriere.passauerwolf.de/,softgarden
37701,Krankenhaus Tirschenreuth,Tirschenreuth,Kliniken Nordoberpfalz AG,Landkreis Tirschenreuth,Oberpfalz,Plan-KH,Grundversorgung (I),oeffentlich,70,0,INN,ok,"Krankenhausplan Bayern 2026 (51. Fortschreibung), StMGP",http://www.kliniken-nordoberpfalz.de,,
37703,Krankenhaus Kemnath,Kemnath,Kliniken Nordoberpfalz AG,Landkreis Tirschenreuth,Oberpfalz,Plan-KH,Grundversorgung (I),oeffentlich,100,0,CHI|GYN|INN,ok,"Krankenhausplan Bayern 2026 (51. Fortschreibung), StMGP",http://www.kliniken-nordoberpfalz.de,,
46101,Klinikum Bamberg - Betriebsstätte am Bruderwald-,Bamberg,Sozialstiftung Bamberg,Kreisfreie Stadt Bamberg,Oberfranken,Plan-KH,Maximalversorgung (III),oeffentlich,911,61,AUG|CHI|GUG|HNO|HUG|INN|KIN|MKG|NCH|NEU|NUK|PSO|PSY|SON|STR|URO|HD,ok,"Krankenhausplan Bayern 2026 (51. Fortschreibung), StMGP",http://www.sozialstiftung-bamberg.de,https://www.sozialstiftung-bamberg.de/stellenangebote/,dvinci
46103,Klinikum Bamberg - Betriebsstätte am Michelsberg-,Bamberg,Sozialstiftung Bamberg,Kreisfreie stadt bamberg,Oberfranken,Plan-KH,Maximalversorgung (III),oeffentlich,225,40,INN|PSY,ok,"Krankenhausplan Bayern 2026 (51. Fortschreibung), StMGP",http://www.sozialstiftung-bamberg.de,https://www.sozialstiftung-bamberg.de/stellenangebote/,dvinci
46110,Tagesklinik für KJP am Klinikum Bamberg - Betriebsstätte am Bruderwald-,Bamberg,KU Gesundheitseinrichtungen des Bezirks Oberfranken (GeBO),Kreisfreie Stadt Bamberg,Oberfranken,Plan-KH,Fachkrankenhaus,oeffentlich,0,12,KJP,ok,"Krankenhausplan Bayern 2026 (51. Fortschreibung), StMGP",,,
46201,Klinikum Bayreuth,Bayreuth,Klinikum Bayreuth GmbH,Kreisfreie Stadt Bayreuth,Oberfranken,Plan-KH,Maximalversorgung (III),oeffentlich,662,28,AUG|CHI|GUG|HCH|HNO|HUG|INN|KIN|NCH|NUK|STR|HD,ok,"Krankenhausplan Bayern 2026 (51. Fortschreibung), StMGP",http://www.klinikum-bayreuth.de,https://karriere.klinikum-bayreuth.de/,softgarden
46203,Bezirkskranken-haus Bayreuth,Bayreuth,KU Gesundheitseinrichtungen des Bezirks Oberfranken (GeBO),Kreisfreie Stadt Bayreuth,Oberfranken,Plan-KH,Fachkrankenhaus,oeffentlich,339,63,KJP|PSO|PSY,ok,"Krankenhausplan Bayern 2026 (51. Fortschreibung), StMGP",,,
46204,Klinik Hohe Warte,Bayreuth,Klinikum Bayreuth GmbH,Kreisfreie Stadt Bayreuth,Oberfranken,Plan-KH,Maximalversorgung (III),oeffentlich,316,30,CHI|INN|MKG|NCH|NEU|URO,ok,"Krankenhausplan Bayern 2026 (51. Fortschreibung), StMGP",http://www.klinikum-bayreuth.de,https://karriere.klinikum-bayreuth.de/,softgarden
46301,Sana Klinikum Coburg,Coburg,Sana Kliniken Oberfranken Coburg GmbH,Kreisfreie Stadt Coburg,Oberfranken,Plan-KH,Schwerpunkt (II),privat,550,38,AUG|CHI|GUG|HNO|INN|KIN|MKG|NEU|STR|URO|HD,ok,"Krankenhausplan Bayern 2026 (51. Fortschreibung), StMGP",,,
46306,Tagesklinik Coburg für PSY des Bezirksklinikum Obermain,Coburg,KU Gesundheitseinrichtungen des Bezirks Oberfranken (GeBO),Kreisfreie Stadt Coburg,Oberfranken,Plan-KH,Fachkrankenhaus,oeffentlich,0,20,PSY,ok,"Krankenhausplan Bayern 2026 (51. Fortschreibung), StMGP",,,
46307,Tagesklinik Coburg für KJP des BKH Bayreuth,Coburg,KU Gesundheitseinrichtungen des Bezirks Oberfranken (GeBO),Kreisfreie Stadt Coburg,Oberfranken,Plan-KH,Fachkrankenhaus,oeffentlich,0,12,KJP,ok,"Krankenhausplan Bayern 2026 (51. Fortschreibung), StMGP",,,
46401,Sana Klinikum Hof,Hof,Sana Klinikum Hof GmbH,Kreisfreie Stadt Hof,Oberfranken,Plan-KH,Schwerpunkt (II),privat,465,22,CHI|GUG|INN|KIN|NCH|NEU|URO|HD,ok,"Krankenhausplan Bayern 2026 (51. Fortschreibung), StMGP",https://www.sana.de,https://www.sana.de/karriere,
46405,Tagesklinik Hof für KJP des BKH Bayreuth,Hof,KU Gesundheitseinrichtungen des Bezirks Oberfranken (GeBO),Kreisfreie Stadt hof,Oberfranken,Plan-KH,Fachkrankenhaus,oeffentlich,0,12,KJP,ok,"Krankenhausplan Bayern 2026 (51. Fortschreibung), StMGP",,,
47101,Juraklinik Scheßlitz,Scheßlitz,Gem. Krankenhausgesellschaft des Landkreises Bamberg mbH,Landkreis Bamberg,Oberfranken,Plan-KH,Grundversorgung (I),oeffentlich,130,0,CHI|INN,ok,"Krankenhausplan Bayern 2026 (51. Fortschreibung), StMGP",https://gkg-bamberg.de,https://gkg-bamberg.de/offene-stellen/,
47102,Steigerwaldklinik Burgebrach,Burgebrach,Gem. Krankenhausgesellschaft des Landkreises Bamberg mbH,Landkreis bamberg,Oberfranken,Plan-KH,Grundversorgung (I),oeffentlich,128,8,CHI|INN|PSO,ok,"Krankenhausplan Bayern 2026 (51. Fortschreibung), StMGP",https://gkg-bamberg.de,https://gkg-bamberg.de/job/stationshilfen-m-w-in-teilzeit-oder-auf-minijob-basis/,
47201,Sana Klinik Pegnitz,Pegnitz,Sana Klinik Pegnitz GmbH,Landkreis Bayreuth,Oberfranken,Plan-KH,Grundversorgung (I),privat,100,0,CHI|GYN|HNO|INN,ok,"Krankenhausplan Bayern 2026 (51. Fortschreibung), StMGP",https://www.sana.de,https://www.sana.de/karriere,
47301,Sana Klinikum Neustadt,Neustadt bei Coburg,Sana Kliniken Oberfranken Neustadt GmbH,Landkreis Coburg,Oberfranken,Plan-KH,Grundversorgung (I),privat,73,0,CHI|INN,ok,"Krankenhausplan Bayern 2026 (51. Fortschreibung), StMGP",,,
47302,Medical Park Bad Rodach,Bad Rodach,Medical Park Bad Rodach GmbH & Co. KG,Landkreis Coburg,Oberfranken,Plan-KH,Fachkrankenhaus,privat,20,0,NEU,ok,"Krankenhausplan Bayern 2026 (51. Fortschreibung), StMGP",http://www.medicalpark.de,https://karriere.medicalpark.de/,
47401,Klinikum Forchheim,Forchheim,Klinikum Forchheim - Fränkische Schweiz gGmbH,Landkreis Forchheim,Oberfranken,Plan-KH,Grundversorgung (I),oeffentlich,225,0,AUG|CHI|GUG|HNO|INN|URO,ok,"Krankenhausplan Bayern 2026 (51. Fortschreibung), StMGP",http://www.klinikumforchheim.de,https://www.klinikumforchheim.de/unser-klinikum/stellenangebote/,
47402,Klinik Fränkische Schweiz Ebermannstadt,Ebermannstadt,Klinikum Forchheim - Fränkische Schweiz gGmbH,Landkreis Forchheim,Oberfranken,Plan-KH,Fachkrankenhaus,oeffentlich,85,0,INN|PSO,ok,"Krankenhausplan Bayern 2026 (51. Fortschreibung), StMGP",https://www.klinik-fraenkische-schweiz.de,https://www.klinik-fraenkische-schweiz.de/herz/ueber_uns/stellenangebote,
47403,Psychiatrische Tagesklinik Bamberg Forchheim,Forchheim,Psychiatrische Tagesklinik Bamberg-Forchheim gGmbH,Landkreis Forchheim,Oberfranken,Plan-KH,Fachkrankenhaus,oeffentlich,0,30,PSY,ok,"Krankenhausplan Bayern 2026 (51. Fortschreibung), StMGP",https://www.sozialstiftung-bamberg.de,https://www.sozialstiftung-bamberg.de/stellenangebote/,dvinci
47501,Klinik Münchberg,Münchberg,"KU Kliniken HochFranken, AöR",Landkreis Hof,Oberfranken,Plan-KH,Grundversorgung (I),oeffentlich,220,0,CHI|INN,ok,"Krankenhausplan Bayern 2026 (51. Fortschreibung), StMGP",https://www.kliniken-hochfranken.de,https://jobs.kliniken-hochfranken.de/,softgarden
47502,Klinik Naila,Naila,"KU Kliniken HochFranken, AöR",Landkreis Hof,Oberfranken,Plan-KH,Grundversorgung (I),oeffentlich,165,0,CHI|INN,ok,"Krankenhausplan Bayern 2026 (51. Fortschreibung), StMGP",https://www.kliniken-hochfranken.de,https://jobs.kliniken-hochfranken.de/,softgarden
47503,Bezirksklinik Rehau,Rehau,KU Gesundheitseinrichtungen des Bezirks Oberfranken (GeBO),Landkreis Hof,Oberfranken,Plan-KH,Fachkrankenhaus,oeffentlich,146,20,PSO|PSY,ok,"Krankenhausplan Bayern 2026 (51. Fortschreibung), StMGP",,,
47504,Klinik am Park,Bad Steben,Rehaklinik am Park GmbH & Co. OHG,Landkreis Hof,Oberfranken,Plan-KH,Fachkrankenhaus,privat,31,0,PSO,ok,"Krankenhausplan Bayern 2026 (51. Fortschreibung), StMGP",https://ebel-kliniken.com,https://jobs.ebel-kliniken.com/jobs,talention
47601,HELIOS Frankenwaldklinik Kronach,Kronach,Frankenwaldklinik Kronach GmbH,Landkreis Kronach,Oberfranken,Plan-KH,Grundversorgung (I),privat,282,0,CHI|GUG|HNO|INN,ok,"Krankenhausplan Bayern 2026 (51. Fortschreibung), StMGP",https://www.helios-gesundheit.de,https://www.helios-gesundheit.de/karriere/job/3bc89d91-7c4e-485d-ba7f-260fc7a5a378/,
47602,Tagesklinik Kronach für PSY des Bezirksklinikums Obermain,Kronach,KU Gesundheitseinrichtungen des Bezirks Oberfranken (GeBO),Landkreis Kronach,Oberfranken,Plan-KH,Fachkrankenhaus,oeffentlich,0,15,PSY,ok,"Krankenhausplan Bayern 2026 (51. Fortschreibung), StMGP",,,
47701,Klinikum Kulmbach,Kulmbach,Zweckverband Klinikum Kulmbach,Landkreis Kulmbach,Oberfranken,Plan-KH,Schwerpunkt (II),oeffentlich,540,6,AUG|CHI|GUG|HNO|INN|NCH|NEU|URO|HD,ok,"Krankenhausplan Bayern 2026 (51. Fortschreibung), StMGP",https://www.klinikum-kulmbach.de,https://www.klinikum-kulmbach.de/beruf-ausbildung/stellenangebote.html,softgarden
47702,Fachklinik Stadtsteinach,Stadtsteinach,Zweckverband Klinikum Kulmbach,Landkreis Kulmbach,Oberfranken,Plan-KH,Schwerpunkt (II),oeffentlich,25,0,INN,ok,"Krankenhausplan Bayern 2026 (51. Fortschreibung), StMGP",https://www.klinikum-kulmbach.de,https://www.klinikum-kulmbach.de/beruf-ausbildung/stellenangebote.html,softgarden
47801,Sana Klinikum Lichtenfels,Lichtenfels,Sana Helmut-G.- Walther-Klinikum Lichtenfels GmbH,Landkreis Lichtenfels,Oberfranken,Plan-KH,Grundversorgung (I),privat,276,0,CHI|GUG|HNO|INN|NCH,ok,"Krankenhausplan Bayern 2026 (51. Fortschreibung), StMGP",,,
47802,Bezirksklinikum Obermain,Ebensfeld,KU Gesundheitseinrichtungen des Bezirks Oberfranken (GeBO),Landkreis Lichtenfels,Oberfranken,Plan-KH,Fachkrankenhaus,oeffentlich,278,20,INN|KJP|PSY,ok,"Krankenhausplan Bayern 2026 (51. Fortschreibung), StMGP",https://www.gebo-med.de,https://www.gebo-med.de/karriere,softgarden
47805,Schön Klinik Bad Staffelstein,Bad Staffelstein,Schön Klinik Bad Staffelstein SE & Co. KG,Landkreis Lichtenfels,Oberfranken,Plan-KH,Fachkrankenhaus,privat,130,0,NEU|PSO,ok,"Krankenhausplan Bayern 2026 (51. Fortschreibung), StMGP",http://www.schoen-klinik.de,https://jobs.schoen-klinik.de/stellenangebote.html?search_mode=0&search_mode=job_filter_advanced&filter%5Bradius_search_range%5D=10,rexx
47901,Klinikum Fichtelgebirge Marktredwitz,Marktredwitz,"Klinikum Fichtelgebirge, AöR",Landkreis Wunsiedel i. Fichtelgebirge,Oberfranken,Plan-KH,Schwerpunkt (II),oeffentlich,300,0,CHI|GUG|HNO|INN|URO,ok,"Krankenhausplan Bayern 2026 (51. Fortschreibung), StMGP",http://www.klinikum-fichtelgebirge.de,https://karriere.klinikum-fichtelgebirge.de/de/stellenangebote/,softgarden
56101,ANregiomed Klinikum Ansbach,Ansbach,"ANregiomed gKU, AöR des Landkreises Ansbach und der Stadt Ansbach",Kreisfreie Stadt Ansbach,Mittelfranken,Plan-KH,Schwerpunkt (II),oeffentlich,360,22,AUG|CHI|GUG|HNO|INN|MKG|NCH|NEU|STR|URO|HD,ok,"Krankenhausplan Bayern 2026 (51. Fortschreibung), StMGP",https://www.anregiomed.de,https://www.anregiomed.de/karriere-jobs/,umantis
56102,Bezirksklinikum Ansbach,Ansbach,"KU Bezirkskliniken Mittelfranken, AöR",Kreisfreie Stadt Ansbach,Mittelfranken,Plan-KH,Fachkrankenhaus,oeffentlich,377,45,KJP|PSO|PSY,ok,"Krankenhausplan Bayern 2026 (51. Fortschreibung), StMGP",https://www.bezirkskliniken-mfr.de,https://jobs.bezirkskliniken-mfr.de/index.php?ac=start,
56103,Diakoneo Rangauklinik Ansbach,Ansbach,Diakoneo Rangauklinik Ansbach GmbH,Kreisfreie Stadt Ansbach,Mittelfranken,Plan-KH,Fachkrankenhaus,freigemeinnuetzig,75,0,INN,ok,"Krankenhausplan Bayern 2026 (51. Fortschreibung), StMGP",http://www.rangauklinik.de,https://www.rangauklinik.de/karriere,bite
56201,"Waldkrankenhaus St. Marien, Erlangen",Erlangen,Malteser Waldkrankenhaus Erlangen gGmbH,Kreisfreie Stadt Erlangen,Mittelfranken,Plan-KH,Grundversorgung (I),freigemeinnuetzig,290,0,AUG|CHI|HNO|INN|URO,ok,"Krankenhausplan Bayern 2026 (51. Fortschreibung), StMGP",https://www.waldkrankenhaus.de,https://www.waldkrankenhaus.de/karriere/karriere-im-waldkrankenhaus.html,
56202,Klinikum am Europakanal,Erlangen,"KU Bezirkskliniken Mittelfranken, AöR",,Mittelfranken,Plan-KH,Fachkrankenhaus,oeffentlich,363,25,NEU|PSO|PSY,ok,"Krankenhausplan Bayern 2026 (51. Fortschreibung), StMGP",http://www.bezirkskliniken-mfr.de,,
56301,Klinikum Fürth,Fürth,"Klinikum Fürth, AöR der Stadt Fürth",Kreisfreie Stadt Fürth,Mittelfranken,Plan-KH,Schwerpunkt (II),oeffentlich,771,28,AUG|CHI|GUG|HNO|INN|KIN|KJP|NCH|NEU|STR|URO,ok,"Krankenhausplan Bayern 2026 (51. Fortschreibung), StMGP",https://www.klinikum-fuerth.de,https://jobs.klinikum-fuerth.de/de/jobs/203/form,dvinci
56303,Psych. Tagesklinik Fürth des Klinikums am Europakanal,Fürth,"KU Bezirkskliniken Mittelfranken, AöR",Kreisfreie Stadt Fürth,Mittelfranken,Plan-KH,Fachkrankenhaus,oeffentlich,100,20,PSY,ok,"Krankenhausplan Bayern 2026 (51. Fortschreibung), StMGP",,,
56304,Medic-Center Klinik Fürth,Fürth,Medic-Center Klinik GmbH & Co. KG,Kreisfreie Stadt Fürth,Mittelfranken,Plan-KH,Fachkrankenhaus,privat,6,0,INN,ok,"Krankenhausplan Bayern 2026 (51. Fortschreibung), StMGP",https://www.medic-center-nuernberg.de,https://recruitingapp-5610.de.umantis.com/Jobs/1?lang=ger&ContentOnly=&message=,umantis
56401,Klinikum Nürnberg - Betriebsstätte Nord,Nürnberg,KU Klinikum Nürnberg,Kreisfreie Stadt Nürnberg,Mittelfranken,Plan-KH,Maximalversorgung (III),oeffentlich,,208,AUG|CHI|GYN|HNO|HUG|INN|KJP|NUK|PSO|PSY|STR|URO,ok,"Krankenhausplan Bayern 2026 (51. Fortschreibung), StMGP",http://www.klinikum-nuernberg.de,https://karriere.klinikum-nuernberg.de/freie-stellen,typo3_jobs
56402,St. Theresien-Krankenhaus Nürnberg,Nürnberg,Martha-Maria Krankenhaus gGmbH; Nürnberg,Kreisfreie Stadt Nürnberg,Mittelfranken,Plan-KH,Grundversorgung (I),freigemeinnuetzig,180,0,CHI|GUG|HNO|INN|MKG|NUK|STR|URO,ok,"Krankenhausplan Bayern 2026 (51. Fortschreibung), StMGP",https://www.kh-nuernberg.martha-maria.de,,
56403,Krankenhaus Martha-Maria Nürnberg,Nürnberg,Martha-Maria Krankenhaus gGmbH; Nürnberg,Kreisfreie Stadt Nürnberg,Mittelfranken,Plan-KH,Grundversorgung (I),freigemeinnuetzig,300,39,CHI|HNO|INN|NEU|PSO|URO,ok,"Krankenhausplan Bayern 2026 (51. Fortschreibung), StMGP",https://kh-nuernberg.martha-maria.de,https://kh-nuernberg.martha-maria.de/karriere-ausbildung/stellenangebote,concludis
56404,Klinik Hallerwiese Nürnberg,Nürnberg,DIAKONEO KdöR,Kreisfreie Stadt Nürnberg,Mittelfranken,Plan-KH,Grundversorgung (I),freigemeinnuetzig,279,6,CHI|GUG|HNO|INN|KCH|KIN|MKG,ok,"Krankenhausplan Bayern 2026 (51. Fortschreibung), StMGP",https://www.klinik-hallerwiese.de,https://www.diakoneo.de/karriere/stellenportal/stellen-in-der-pflege,
56405,Klinik am Birkenwald,Nürnberg,Klinik am Birkenwald GmbH,Kreisfreie Stadt Nürnberg,Mittelfranken,Plan-KH,Grundversorgung (I),privat,40,0,CHI|HNO|INN,ok,"Krankenhausplan Bayern 2026 (51. Fortschreibung), StMGP",http://www.klinik-am-birkenwald.de,https://www.klinik-am-birkenwald.de/karriere/,
56407,"Klinik Dr. Erler, Nürnberg",Nürnberg,Kliniken Dr. Erler gGmbH,Kreisfreie Stadt Nürnberg,Mittelfranken,Plan-KH,Fachkrankenhaus,freigemeinnuetzig,220,0,CHI|INN,ok,"Krankenhausplan Bayern 2026 (51. Fortschreibung), StMGP",https://www.erler-klinik.de,https://karriere.erler-klinik.de/stellen-bewerbung/stellenangebote/,pi_asp
56408,Maximilians-Augenklinik Nürnberg,Nürnberg,Maximilians-Augenklinik GmbH,Kreisfreie Stadt Nürnberg,Mittelfranken,Plan-KH,Fachkrankenhaus,privat,22,0,AUG,ok,"Krankenhausplan Bayern 2026 (51. Fortschreibung), StMGP",http://www.maximilians-augenklinik.de,https://maximilians-augenklinik-ggmbh.jobs.personio.de/,personio
56409,Internistische Klinik Dr. Steger Nürnberg,Nürnberg,Internistischen Klinik Dr. Steger GmbH,Kreisfreie Stadt Nürnberg,Mittelfranken,Plan-KH,Fachkrankenhaus,privat,25,12,INN|HD,ok,"Krankenhausplan Bayern 2026 (51. Fortschreibung), StMGP",http://www.klinik-steger.de,https://klinik-steger.de/stellenangebote/,
56410,Klinikum Nürnberg - Betriebsstätte Süd,Nürnberg,KU Klinikum Nürnberg,Kreisfreie Stadt Nürnberg,Mittelfranken,Plan-KH,Maximalversorgung (III),oeffentlich,957,61,CHI|GUG|HCH|INN|KCH|KIN|KJP|MKG|NCH|NEU|PSY|HD,ok,"Krankenhausplan Bayern 2026 (51. Fortschreibung), StMGP",http://www.klinikum-nuernberg.de,https://karriere.klinikum-nuernberg.de/freie-stellen,typo3_jobs
56412,310Klinik Nürnberg,Nürnberg,310Klinik GmbH,Kreisfreie Stadt Nürnberg,Mittelfranken,Plan-KH,Fachkrankenhaus,privat,41,0,CHI,ok,"Krankenhausplan Bayern 2026 (51. Fortschreibung), StMGP",http://www.310klinik.com,https://www.310klinik.com/karriere/,
56413,KIRINUS Tagesklinik Nürnberg,Nürnberg,KIRINUS Tagesklinik GmbH,Kreisfreie Stadt Nürnberg,Mittelfranken,Plan-KH,Fachkrankenhaus,privat,0,40,PSO,ok,"Krankenhausplan Bayern 2026 (51. Fortschreibung), StMGP",,,
56501,Diakoneo Krankenhaus Schwabach,Schwabach,Krankenhaus Schwabach gGmbH,Kreisfreie Stadt Schwabach,Mittelfranken,Plan-KH,Grundversorgung (I),oeffentlich,170,0,CHI|HNO|INN,ok,"Krankenhausplan Bayern 2026 (51. Fortschreibung), StMGP",http://www.krankenhaus-schwabach.de,https://www.navicare.med/karriere/mitarbeiter-geb%C3%A4udereinigung-(m%2Fw%2Fd)-,
57102,ANregiomed Klinik Dinkelsbühl,Dinkelsbühl,"ANregiomed gKU, AöR des Landkreises Ansbach und der Stadt Ansbach",Landkreis Ansbach,Mittelfranken,Plan-KH,Grundversorgung (I),oeffentlich,130,0,CHI|INN,ok,"Krankenhausplan Bayern 2026 (51. Fortschreibung), StMGP",https://www.anregiomed.de,https://www.anregiomed.de/karriere-jobs/,umantis
57103,ANregiomed Klinik Rothenburg o.d.T. Rothenburg o.d.,Tauber,"ANregiomed gKU, AöR des Landkreises Ansbach und der Stadt Ansbach",Landkreis Ansbach,Mittelfranken,Plan-KH,Grundversorgung (I),oeffentlich,145,0,CHI|INN|URO,ok,"Krankenhausplan Bayern 2026 (51. Fortschreibung), StMGP",,,
57201,Kreiskrankenhaus St. Anna Höchstadt a.d. Aisch,Höchstadt,Landkreis Erlangen-Höchstadt,Landkreis Erlangen-Höchstadt,Mittelfranken,Plan-KH,Grundversorgung (I),oeffentlich,80,0,CHI|HNO|INN,ok,"Krankenhausplan Bayern 2026 (51. Fortschreibung), StMGP",http://www.kreiskrankenhaus-hoechstadt.de,https://www.kreiskrankenhaus-hoechstadt.de/karriere/,
57202,m&i-Fachklinik Herzogenaurach,Herzogenaurach,m&i - Klinikgesellschaft in Herzogenaurach GmbH,Landkreis Erlangen-Höchstadt,Mittelfranken,Plan-KH,Fachkrankenhaus,privat,62,0,CHI|NEU,ok,"Krankenhausplan Bayern 2026 (51. Fortschreibung), StMGP",http://www.fachklinik-herzogenaurach.de,https://www.fachklinik-herzogenaurach.de/jobs,softgarden
57401,Krankenhaus Lauf a.d. Pegnitz,Lauf an der Pegnitz,Krankenhäuser Nürnberger Land GmbH,Landkreis Nürnberger Land,Mittelfranken,Plan-KH,Grundversorgung (I),oeffentlich,178,0,CHI|GUG|INN,ok,"Krankenhausplan Bayern 2026 (51. Fortschreibung), StMGP",https://www.kh-nuernberger-land.de,https://www.kh-nuernberger-land.de/ueber-uns/wir-stellen-uns-vor/,
57403,Krankenhaus Altdorf b. Nürnberg,Altdorf,Krankenhäuser Nürnberger Land GmbH,Landkreis Nürnberger Land,Mittelfranken,Plan-KH,Grundversorgung (I),oeffentlich,79,0,CHI|INN,ok,"Krankenhausplan Bayern 2026 (51. Fortschreibung), StMGP",,,
57407,Frankenalb-Klinik Engelthal,Engelthal,"KU Bezirkskliniken Mittelfranken, AöR",Landkreis Nürnberger Land,Mittelfranken,Plan-KH,Fachkrankenhaus,oeffentlich,191,20,PSO|PSY,ok,"Krankenhausplan Bayern 2026 (51. Fortschreibung), StMGP",https://www.bezirkskliniken-mfr.de,https://jobs.bezirkskliniken-mfr.de/index.php?ac=start,
57408,"Krankenhaus Rummelsberg, Schwarzenbruck",Schwarzenbruck,Krankenhaus Rummelsberg GmbH,Landkreis Nürnberger Land,Mittelfranken,Plan-KH,Fachkrankenhaus,privat,300,0,CHI|INN|KCH|NEU,ok,"Krankenhausplan Bayern 2026 (51. Fortschreibung), StMGP",https://www.krankenhaus-rummelsberg.de,https://jobs.sana.de/de/sites/CX_4025/requisitions?selectedOrganizationsFacet=300000012363401,oracle
57409,KIRINUS PsoriSol Klinik,Hersbruck,PsoriSol Hautklinik GmbH,Landkreis Nürnberger Land,Mittelfranken,Plan-KH,Fachkrankenhaus,privat,142,8,HUG|PSO,ok,"Krankenhausplan Bayern 2026 (51. Fortschreibung), StMGP",https://www.kirinus.de,https://karriere.kirinus.de/stellenangebote,
57501,Klinik Neustadt a.d. Aisch,Neustadt,"KU Kliniken des Landkreises Neustadt a.d. Aisch-Bad Windsheim, AöR",Landkreis Neustadt / Bad Windsheim,Mittelfranken,Plan-KH,Grundversorgung (I),oeffentlich,181,0,CHI|GUG|HNO|INN|URO,ok,"Krankenhausplan Bayern 2026 (51. Fortschreibung), StMGP",http://www.kliniken-nea.de,https://www.kliniken-nea.de/orthopaedie-ihre-anlaufstellen/,
57502,Klinik Bad Windsheim,Bad Windsheim,"KU Kliniken des Landkreises Neustadt a.d. Aisch-Bad Windsheim, AöR",Landkreis Neustadt / Bad Windsheim,Mittelfranken,Plan-KH,Grundversorgung (I),oeffentlich,135,0,CHI|GYN|HNO|INN,ok,"Krankenhausplan Bayern 2026 (51. Fortschreibung), StMGP",http://www.kliniken-nea.de,https://www.kliniken-nea.de/orthopaedie-ihre-anlaufstellen/,
57503,Heiligenfeld Klinik Uffenheim,Uffenheim,Heiligenfeld Kliniken GmbH,Landkreis Neustadt / Bad Windsheim,Mittelfranken,Plan-KH,Fachkrankenhaus,privat,90,0,PSO,ok,"Krankenhausplan Bayern 2026 (51. Fortschreibung), StMGP",https://www.heiligenfeld.de,https://www.heiligenfeld.de/stellenangebote,softgarden
57504,Tagesklinik für Psychiatrie und Psychotherapie Neustadt a. d. Aisch,Neustadt a.d. Aisch,"KU Bezirkskliniken Mittelfranken, AöR",Landkreis Neustadt / Bad Windsheim,Mittelfranken,Plan-KH,Fachkrankenhaus,oeffentlich,0,20,PSY,ok,"Krankenhausplan Bayern 2026 (51. Fortschreibung), StMGP",,,
57505,Dr. Becker Kiliani-Klinik Bad Windsheim,Bad Windsheim,Dr. Becker Klinikgesellschaft SE & Co. KG,Landkreis Neustadt / Bad Windsheim,Mittelfranken,Plan-KH,Fachkrankenhaus,privat,20,0,NEU,ok,"Krankenhausplan Bayern 2026 (51. Fortschreibung), StMGP",https://dbkg.de,https://karriere.drbecker.jobs/,
57506,Tagesklinik für KJP Neustadt a. d. Aisch,Neustadt a. d. Aisch,"KU Bezirkskliniken Mittelfranken, AöR",Landkreis Neustadt / Bad Windsheim,Mittelfranken,Bedarfsfeststellung,-,oeffentlich,0,0,,ok,"Krankenhausplan Bayern 2026 (51. Fortschreibung), StMGP",,,
57601,Kreisklinik Roth,Roth,"KU Kreisklinik Roth, AöR des Landkreises Roth",Landkreis Roth,Mittelfranken,Plan-KH,Grundversorgung (I),oeffentlich,270,0,AUG|CHI|GUG|HNO|INN|URO,ok,"Krankenhausplan Bayern 2026 (51. Fortschreibung), StMGP",https://kreisklinik-roth.de,https://kreisklinik-roth.de/klinik/default-95eb3f2d0e/stellenangebote,bite
57605,Tagesklinik für Psychiatrie an der Kreisklinik Roth,Roth,"KU Bezirkskliniken Mittelfranken, AöR",Landkreis Roth,Mittelfranken,Plan-KH,Fachkrankenhaus,oeffentlich,0,24,PSY,ok,"Krankenhausplan Bayern 2026 (51. Fortschreibung), StMGP",,,
57701,Klinikum Altmühlfranken Weißenburg,Weißenburg i.Bay.,"KU Klinikum Altmühlfranken, AöR",Landkreis Weißenburg-Gunzenhausen,Mittelfranken,Plan-KH,Grundversorgung (I),oeffentlich,190,0,CHI|GUG|HNO|INN|URO,ok,"Krankenhausplan Bayern 2026 (51. Fortschreibung), StMGP",https://www.klinikum-altmuehlfranken.de,https://karriere.klinikum-altmuehlfranken.de/,oracle
57705,Klinikum Altmühlfranken Gunzenhausen,Gunzenhausen,"KU Klinikum Altmühlfranken, AöR",Landkreis Weißenburg-Gunzenhause n,Mittelfranken,Plan-KH,Grundversorgung (I),oeffentlich,210,0,AUG|CHI|GYN|HNO|INN,ok,"Krankenhausplan Bayern 2026 (51. Fortschreibung), StMGP",http://www.klinikum-altmuehlfranken.de,https://karriere.klinikum-altmuehlfranken.de/,oracle
57706,Psychiatrische Tagesklinik Weißenburg,Weißenburg i.Bay.,"KU Bezirkskliniken Mittelfranken, AöR",Landkreis Weißenburg-Gunzenhause n,Mittelfranken,Plan-KH,Fachkrankenhaus,oeffentlich,0,20,PSY,ok,"Krankenhausplan Bayern 2026 (51. Fortschreibung), StMGP",http://www.bezirkskliniken-mfr.de,,
57707,Fachklinik für Psychosomatische Medizin und Psychotherapie,Treuchtlingen,"KU Bezirkskliniken Mittelfranken, AöR",Landkreis Weißenburg-Gunzenhause n,Mittelfranken,Bedarfsfeststellung,-,oeffentlich,0,0,,ok,"Krankenhausplan Bayern 2026 (51. Fortschreibung), StMGP",,,
66101,Klinikum Aschaffenburg-Alzenau - Standort Aschaffenburg -,Aschaffenburg,Klinikum Aschaffenburg-Alzenau gGmbH,Kreisfreie Stadt Aschaffenburg,Unterfranken,Plan-KH,Schwerpunkt (II),oeffentlich,731,36,CHI|GUG|INN|KIN|KJP|NCH|NEU|URO|HD,ok,"Krankenhausplan Bayern 2026 (51. Fortschreibung), StMGP",http://www.klinikum-ab-alz.de,https://jobs.klinikum-ab-alz.de/Jobs,
66102,Bergman Clinics Hofgartenklinik Aschaffenburg,Aschaffenburg,Bergman Deutsche Klinik Aschaffenburg GmbH,Kreisfreie Stadt Aschaffenburg,Unterfranken,Plan-KH,Fachkrankenhaus,privat,42,0,CHI,ok,"Krankenhausplan Bayern 2026 (51. Fortschreibung), StMGP",,,
66103,Klinik am Ziegelberg Frauenklinik Aschaffenburg,Aschaffenburg,Priv.Doz. Dr. Dr. M. Halbach,Kreisfreie Stadt Aschaffenburg,Unterfranken,Plan-KH,Fachkrankenhaus,privat,30,0,GUG,ok,"Krankenhausplan Bayern 2026 (51. Fortschreibung), StMGP",http://www.frauenklinik.com,,
66104,Tagesklinik Aschaffenburg des BKH Lohr am Main,Aschaffenburg,Bezirk Unterfranken,Kreisfreie Stadt Aschaffenburg,Unterfranken,Plan-KH,Fachkrankenhaus,oeffentlich,0,40,PSY,ok,"Krankenhausplan Bayern 2026 (51. Fortschreibung), StMGP",,,
66105,Psychiatrische Klinik Aschaffenburg des BKH Lohr am Main,Aschaffenburg,Bezirk Unterfranken,Kreisfreie Stadt Aschaffenburg,Unterfranken,Plan-KH,Fachkrankenhaus,oeffentlich,50,0,PSY,ok,"Krankenhausplan Bayern 2026 (51. Fortschreibung), StMGP",https://www.bezirkskrankenhaus-lohr.de,https://karriere.bezirkskrankenhaus-lohr.de/,concludis
66202,Krankenhaus St. Josef Schweinfurt,Schweinfurt,Kongregation der Schwestern des Erlösers,Kreisfreie Stadt Schweinfurt,Unterfranken,Plan-KH,Grundversorgung (I),freigemeinnuetzig,272,0,CHI|GYN|HNO|INN,ok,"Krankenhausplan Bayern 2026 (51. Fortschreibung), StMGP",http://www.josef.de,https://karriere.josef.de/,oracle
66204,Leopoldina Krankenhaus der Stadt Schweinfurt,Schweinfurt,Leopoldina Krankenhaus der Stadt Schweinfurt GmbH,Kreisfreie Stadt Schweinfurt,Unterfranken,Plan-KH,Schwerpunkt (II),oeffentlich,640,42,AUG|CHI|GUG|HNO|INN|KIN|KJP|MKG|NCH|NEU|PSO|STR|URO|HD,ok,"Krankenhausplan Bayern 2026 (51. Fortschreibung), StMGP",http://www.leopoldina-krankenhaus.com,https://karriere.leopoldina.de/stellenangebote/,softgarden
66205,Tagesklinik für Psychiatrie Schweinfurt des BKH Werneck,Schweinfurt,Bezirk Unterfranken,Kreisfreie Stadt Schweinfurt,Unterfranken,Plan-KH,Fachkrankenhaus,oeffentlich,0,20,PSY,ok,"Krankenhausplan Bayern 2026 (51. Fortschreibung), StMGP",https://www.psychiatrie-werneck.de,https://www.psychiatrie-werneck.de/karriere/stellenangebote/index.html,helix
66301,Klinikum Würzburg Mitte,Würzburg,Klinikum Würzburg Mitte gGmbH,Kreisfreie Stadt Würzburg,Unterfranken,Plan-KH,Schwerpunkt (II),oeffentlich,647,0,CHI|GUG|INN|KIN|NEU|URO,ok,"Krankenhausplan Bayern 2026 (51. Fortschreibung), StMGP",http://www.kwm-klinikum.de,https://www.kwm-klinikum.de/beruf-chancen/stellenanzeigen/uebersicht-aller-stellen.html,softgarden
66303,Rotkreuzklinik Würzburg,Würzburg,Rotkreuz-Klinik Würzburg gGmbH,Kreisfreie Stadt Würzburg,Unterfranken,Plan-KH,Grundversorgung (I),freigemeinnuetzig,100,0,AUG|CHI|GYN|HNO,ok,"Krankenhausplan Bayern 2026 (51. Fortschreibung), StMGP",https://www.rotkreuzklinik-wuerzburg.de,,softgarden
66305,"Klinik König-Ludwig-Haus, Würzburg",Würzburg,Bezirk Unterfranken,Kreisfreie Stadt Würzburg,Unterfranken,Plan-KH,Fachkrankenhaus,oeffentlich,160,24,CHI|PSY,ok,"Krankenhausplan Bayern 2026 (51. Fortschreibung), StMGP",https://www.klinik-koenig-ludwig-haus.de,https://www.koenig-ludwig-haus.de/karriere/jobs-im-klh/index.html,
66310,Tagesklinik für KJP Würzburg,Würzburg,Diakonisches Werk Würzburg e.V.,Kreisfreie Stadt Würzburg,Unterfranken,Plan-KH,Fachkrankenhaus,freigemeinnuetzig,0,14,KJP,ok,"Krankenhausplan Bayern 2026 (51. Fortschreibung), StMGP",,,
66312,Klinik am Greinberg,Würzburg,Bezirk Unterfranken,Kreisfreie Stadt Würzburg,Unterfranken,Plan-KH,Fachkrankenhaus,oeffentlich,15,0,KJP,ok,"Krankenhausplan Bayern 2026 (51. Fortschreibung), StMGP",https://www.ukw.de,https://www.ukw.de/jobs,dvinci
67101,Klinikum Aschaffenburg-Alzenau - Standort Alzenau,Alzenau,Klinikum Aschaffenburg-Alzenau gGmbH,Landkreis Aschaffenburg,Unterfranken,Plan-KH,Grundversorgung (I),oeffentlich,100,0,CHI|INN,ok,"Krankenhausplan Bayern 2026 (51. Fortschreibung), StMGP",http://www.klinikum-ab-alz.de,https://jobs.klinikum-ab-alz.de/Jobs,
67201,HELIOS St. Elisabeth-Krankenhaus Bad Kissingen,Bad Kissingen,St. Elisabeth-Krankenhaus GmbH,Landkreis Bad Kissingen,Unterfranken,Plan-KH,Grundversorgung (I),privat,175,0,CHI|GYN|INN|URO,ok,"Krankenhausplan Bayern 2026 (51. Fortschreibung), StMGP",https://www.helios-gesundheit.de,https://www.helios-gesundheit.de/karriere/job/3bc89d91-7c4e-485d-ba7f-260fc7a5a378/,
67205,HESCURO KLINIK Bad Brückenau,Bad Brückenau,HESCURO KLINIK Bad Brückenau GmbH,Landkreis Bad Kissingen,Unterfranken,Plan-KH,Fachkrankenhaus,privat,70,0,INN,ok,"Krankenhausplan Bayern 2026 (51. Fortschreibung), StMGP",http://www.hescuro-bad-brueckenau.de,https://karriere.hescuro.de/#anchor:4=Jobs&&jobs:company=%5B%22HESCURO%20KLINIK%20Bad%20Br%C3%BCckenau%22%5D,softgarden
67206,Thoraxzentrum Bezirk Unterfranken,Münnerstadt,Bezirk Unterfranken,Landkreis Bad Kissingen,Unterfranken,Plan-KH,Fachkrankenhaus,oeffentlich,90,0,INN,ok,"Krankenhausplan Bayern 2026 (51. Fortschreibung), StMGP",http://www.tzbu.de,https://bezirk-unterfranken.helixjobs.com/tzbu/career,concludis
67208,Fachklinik Heiligenfeld,Bad Kissingen,Heiligenfeld Kliniken GmbH,Landkreis Bad Kissingen,Unterfranken,Plan-KH,Fachkrankenhaus,privat,97,0,PSO,ok,"Krankenhausplan Bayern 2026 (51. Fortschreibung), StMGP",https://www.heiligenfeld.de,https://www.heiligenfeld.de/stellenangebote,softgarden
67307,Psychosomatische Klinik Bad Neustadt a.d. Saale,Bad Neustadt a.d. Saale,RHÖN KLINIKUM AG,Landkreis Rhön-Grabfeld,Unterfranken,Plan-KH,Fachkrankenhaus,privat,200,30,PSO,ok,"Krankenhausplan Bayern 2026 (51. Fortschreibung), StMGP",http://campus-nes.de,https://bewerberportal.rhoen-klinikum-ag.com/stellenangebote.html,rexx
67308,RHÖN-KLINIKUM Campus Bad Neustadt a.d. Saale,Bad Neustadt a. d. Saale,RHÖN KLINIKUM AG,Landkreis Rhön-Grabfeld,Unterfranken,Plan-KH,Schwerpunkt (II),privat,750,8,CHI|GUG|HCH|HNO|INN|NCH|NEU|HD,ok,"Krankenhausplan Bayern 2026 (51. Fortschreibung), StMGP",https://www.campus-nes.de,https://bewerberportal.rhoen-klinikum-ag.com/stellenangebote.html,rexx
67401,Haßberg-Kliniken - Haus Haßfurt-,Haßfurt,"KU Haßberg-Kliniken, AöR",Landkreis Haßberge,Unterfranken,Plan-KH,Grundversorgung (I),oeffentlich,150,0,CHI|GUG|HNO|INN,ok,"Krankenhausplan Bayern 2026 (51. Fortschreibung), StMGP",,,
67501,Klinik Kitzinger Land,Kitzingen,"KU Klinik Kitzinger Land, AöR",Landkreis Kitzingen,Unterfranken,Plan-KH,Grundversorgung (I),oeffentlich,200,0,CHI|GUG|HNO|INN,ok,"Krankenhausplan Bayern 2026 (51. Fortschreibung), StMGP",http://www.klinik-kitzinger-land.de,https://www.komm-ins-klinikland.de/stelle/famulatur-innere-abteilung-klinik-kitzinger-land/,
67504,Fachklinikum Mainschleife,Volkach,Fachklinikum Mainschleife GmbH,Landkreis Kitzingen,Unterfranken,Plan-KH,Grundversorgung (I),privat,40,0,CHI,ok,"Krankenhausplan Bayern 2026 (51. Fortschreibung), StMGP",https://www.fachklinikum-mainschleife.de,https://www.fachklinikum-mainschleife.de/ueber-uns/karriere/,
67601,HELIOS Klinik Erlenbach a. Main,Erlenbach a. Main,Kliniken Miltenberg-Erlenbach GmbH,Landkreis Miltenberg,Unterfranken,Plan-KH,Grundversorgung (I),privat,267,0,CHI|GUG|INN|URO,ok,"Krankenhausplan Bayern 2026 (51. Fortschreibung), StMGP",https://www.helios-gesundheit.de,https://www.helios-gesundheit.de/karriere/job/3bc89d91-7c4e-485d-ba7f-260fc7a5a378/,
67702,Klinikum Main-Spessart Lohr,Lohr a. Main,Landkreis Main-Spessart,Landkreis Main-Spessart,Unterfranken,Plan-KH,Grundversorgung (I),oeffentlich,220,0,AUG|CHI|GYN|INN|NEU|URO,ok,"Krankenhausplan Bayern 2026 (51. Fortschreibung), StMGP",http://www.klinikum-msp.de,https://www.klinikum-msp.de/karriere/arbeiten-bei-uns,
67705,Bezirkskrankenhaus Lohr am Main,Lohr a. Main,Bezirk Unterfranken,Landkreis Main-Spessart,Unterfranken,Plan-KH,Fachkrankenhaus,oeffentlich,295,27,PSO|PSY,ok,"Krankenhausplan Bayern 2026 (51. Fortschreibung), StMGP",https://www.bezirkskrankenhaus-lohr.de,https://karriere.bezirkskrankenhaus-lohr.de/,concludis
67801,Geomed-Kreislinik Gerolzhofen,Gerolzhofen,Geomed-Kreisklinik GmbH,Landkreis Schweinfurt,Unterfranken,Plan-KH,Grundversorgung (I),oeffentlich,95,0,CHI|HNO|INN,ok,"Krankenhausplan Bayern 2026 (51. Fortschreibung), StMGP",http://geomed-klinik.de,https://www.mein-check-in.de/geomed-klinik/overview,mein-check-in
67803,Orthopädisches Krankenhaus Schloss Werneck,Werneck,Bezirk Unterfranken,Landkreis Schweinfurt,Unterfranken,Plan-KH,Fachkrankenhaus,oeffentlich,100,0,CHI,ok,"Krankenhausplan Bayern 2026 (51. Fortschreibung), StMGP",https://www.orthopaedie-werneck.de,https://bezirk-unterfranken.helixjobs.com/okh/joblist,concludis
67804,Bezirkskranken-haus Werneck,Werneck,Bezirk Unterfranken,Landkreis Schweinfurt,Unterfranken,Plan-KH,Fachkrankenhaus,oeffentlich,290,0,PSO|PSY,ok,"Krankenhausplan Bayern 2026 (51. Fortschreibung), StMGP",,,
67805,Augenklinik Schweinfurt-Gerolzhofen,Gerolzhofen,Augenklinik Schweinfurt Gerolzhofen GmbH,Landkreis Schweinfurt,Unterfranken,Plan-KH,Fachkrankenhaus,privat,7,0,AUG,ok,"Krankenhausplan Bayern 2026 (51. Fortschreibung), StMGP",https://www.augenklinik-schweinfurt-gerolzhofen.de,,
67901,Main-Klinik Ochsenfurt,Ochsenfurt,Main-Klinik Ochsenfurt gGmbH,Landkreis Würzburg,Unterfranken,Plan-KH,Grundversorgung (I),oeffentlich,140,0,AUG|CHI|GYN|HNO|INN|URO,ok,"Krankenhausplan Bayern 2026 (51. Fortschreibung), StMGP",http://www.main-klinik.de,https://www.main-klinik.de/karriere/karriere/index.html,softgarden
76107,Evangelische Diakonissenanstalt Augsburg,Augsburg,Evangelische Diakonissenanstalt Augsburg,Kreisfreie Stadt Augsburg,Schwaben,Plan-KH,Grundversorgung (I),freigemeinnuetzig,135,0,CHI|GYN|INN|URO,ok,"Krankenhausplan Bayern 2026 (51. Fortschreibung), StMGP",,,
76108,Klinik Vincentinum,Augsburg,Klinik Vincentinum Augsburg GmbH & Co. KG,Kreisfreie Stadt Augsburg,Schwaben,Plan-KH,Grundversorgung (I),privat,200,0,AUG|CHI|HNO|INN,ok,"Krankenhausplan Bayern 2026 (51. Fortschreibung), StMGP",http://www.klinik-vincentinum.de,https://www.klinik-vincentinum.de/karriere/stellenangebote,bite
76110,Fachklinik KJF Josefinum,Augsburg,KJF Klinik Josefinum gGmbH,Kreisfreie Stadt Augsburg,Schwaben,Plan-KH,Fachkrankenhaus,freigemeinnuetzig,306,42,GUG|KCH|KIN|KJP|MKG,ok,"Krankenhausplan Bayern 2026 (51. Fortschreibung), StMGP",,,
76111,Orthopädische Fachkliniken der Hessing Stiftung,Augsburg-Göggingen,Hessing Stiftung,Kreisfreie Stadt Augsburg,Schwaben,Plan-KH,Fachkrankenhaus,freigemeinnuetzig,150,0,CHI|INN,ok,"Krankenhausplan Bayern 2026 (51. Fortschreibung), StMGP",https://www.hessing-kliniken.de,https://hessing-kliniken.softgarden.io/de/vacancies,softgarden
76114,Bezirkskrankenhaus Augsburg,Augsburg,Bezirkskliniken Schwaben KU,Kreisfreie Stadt Augsburg,Schwaben,Plan-KH,Fachkrankenhaus,oeffentlich,326,32,PSO|PSY,ok,"Krankenhausplan Bayern 2026 (51. Fortschreibung), StMGP",http://www.bkh-augsburg.de,https://jobs.bezirkskliniken-schwaben.de/Jobs,
76201,Klinikum Kaufbeuren,Kaufbeuren,"Kliniken Ostallgäu-Kaufbeuren, AöR des Landkreises Ostallgäu und der Stadt Kaufbeuren",Kreisfreie Stadt Kaufbeuren,Schwaben,Plan-KH,Schwerpunkt (II),oeffentlich,434,7,AUG|CHI|GUG|HNO|INN|KIN|MKG|NEU|STR|URO,ok,"Krankenhausplan Bayern 2026 (51. Fortschreibung), StMGP",https://www.kliniken-oal-kf.de,https://www.kliniken-oal-kf.de/karriere/karriereportal/stellenangebote?selection3=3,
76203,Bezirkskrankenhaus Kaufbeuren,Kaufbeuren,Bezirkskliniken Schwaben KU,Kreisfreie Stadt Kaufbeuren,Schwaben,Plan-KH,Fachkrankenhaus,oeffentlich,202,40,PSY,ok,"Krankenhausplan Bayern 2026 (51. Fortschreibung), StMGP",https://www.bezirkskliniken-schwaben.de,https://jobs.bezirkskliniken-schwaben.de/Jobs,
76301,Klinikum Kempten,Kempten,Klinikverbund Allgäu gGmbH,Kreisfreie Stadt Kempten (Allgäu),Schwaben,Plan-KH,Schwerpunkt (II),oeffentlich,510,12,CHI|GUG|HNO|INN|KIN|MKG|NCH|NEU|STR|URO,ok,"Krankenhausplan Bayern 2026 (51. Fortschreibung), StMGP",https://klinikverbund-allgaeu.de,https://karriere.klinikverbund-allgaeu.de/,umantis
76304,Bezirkskrankenhaus Kempten,Kempten,Bezirkskliniken Schwaben KU,Kreisfreie Stadt Kempten (Allgäu),Schwaben,Plan-KH,Fachkrankenhaus,oeffentlich,120,35,PSO|PSY,ok,"Krankenhausplan Bayern 2026 (51. Fortschreibung), StMGP",http://www.bkh-kempten.de,https://jobs.bezirkskliniken-schwaben.de/Jobs,
76305,"Klinik für KJP des Josefinums Augsburg, Kempten",Kempten,KJF Klinik Josefinum gGmbH,Kreisfreie Stadt Kempten (Allgäu),Schwaben,Plan-KH,Fachkrankenhaus,freigemeinnuetzig,25,15,KJP,ok,"Krankenhausplan Bayern 2026 (51. Fortschreibung), StMGP",http://www.josefinum.de,https://www.josefinum.de/ueber-uns/karriere/offene-stellen/,softgarden
76401,Klinikum Memmingen,Memmingen,"Klinikum Memmingen, AöR der Stadt Memmingen",Kreisfreie Stadt Memmingen,Schwaben,Plan-KH,Schwerpunkt (II),oeffentlich,500,8,CHI|GUG|INN|KIN|NCH|NEU|URO|HD,ok,"Krankenhausplan Bayern 2026 (51. Fortschreibung), StMGP",https://www.klinikum-memmingen.de,https://www.klinikum-memmingen.de/ausbildung-karriere/stellenangebote,
76403,Bezirkskrankenhaus Memmingen,Memmingen,Bezirkskliniken Schwaben KU,Kreisfreie Stadt Memmingen,Schwaben,Plan-KH,Fachkrankenhaus,oeffentlich,40,12,PSO|PSY,ok,"Krankenhausplan Bayern 2026 (51. Fortschreibung), StMGP",http://www.bezirkskrankenhaus-memmingen.de,https://jobs.bezirkskliniken-schwaben.de/Jobs,
77101,Kliniken an der Paar Krankenhaus Aichach,Aichach,Landkreis Aichach-Friedberg,Landkreis Aichach-Friedberg,Schwaben,Plan-KH,Grundversorgung (I),oeffentlich,100,0,CHI|HNO|INN,ok,"Krankenhausplan Bayern 2026 (51. Fortschreibung), StMGP",,,
77102,Kliniken an der Paar Krankenhaus Friedberg,Friedberg,Landkreis Aichach-Friedberg,Landkreis Aichach-Friedberg,Schwaben,Plan-KH,Grundversorgung (I),oeffentlich,180,0,CHI|GUG|HNO|INN,ok,"Krankenhausplan Bayern 2026 (51. Fortschreibung), StMGP",,,
77201,Wertachklinik Schwabmünchen,Schwabmünchen,"Wertachkliniken Bobingen und Schwabmünchen, AöR",Landkreis Augsburg,Schwaben,Plan-KH,Grundversorgung (I),oeffentlich,126,0,CHI|GUG|INN,ok,"Krankenhausplan Bayern 2026 (51. Fortschreibung), StMGP",http://www.wertachkliniken.de,https://wertachkliniken.de/karriere/stellenangebote,
77202,Wertachklinik Bobingen,Bobingen,"Wertachkliniken Bobingen und Schwabmünchen, AöR",Landkreis Augsburg,Schwaben,Plan-KH,Grundversorgung (I),oeffentlich,130,0,CHI|GUG|HNO|INN,ok,"Krankenhausplan Bayern 2026 (51. Fortschreibung), StMGP",http://www.wertachkliniken.de,https://wertachkliniken.de/karriere/stellenangebote,
77204,Waldhausklinik Deuringen,Stadtbergen,Waldhausklinik Deuringen GmbH,Landkreis Augsburg,Schwaben,Plan-KH,Fachkrankenhaus,privat,40,0,INN,ok,"Krankenhausplan Bayern 2026 (51. Fortschreibung), StMGP",http://www.waldhausklinik.de,https://www.waldhausklinik.de/stellenangebote-der-klinik,
77301,Kreisklinik St. Elisabeth Dillingen,Dillingen an der Donau,Kreiskliniken Dillingen-Wertingen gGmbH,Landkreis Dillingen a. d. Donau,Schwaben,Plan-KH,Grundversorgung (I),oeffentlich,182,0,CHI|GUG|INN|URO,ok,"Krankenhausplan Bayern 2026 (51. Fortschreibung), StMGP",http://www.khdw.de,https://www.khdw.de/beruf-und-karriere/aktuelle-stellenangebote/,pi_asp
77302,Kreisklinik Wertingen,Wertingen,Kreiskliniken Dillingen-Wertingen gGmbH,Landkreis Dillingen a. d. Donau,Schwaben,Plan-KH,Grundversorgung (I),oeffentlich,117,0,CHI|INN,ok,"Krankenhausplan Bayern 2026 (51. Fortschreibung), StMGP",https://www.khdw.de,https://www.khdw.de/beruf-und-karriere/aktuelle-stellenangebote/,pi_asp
77401,Klinik Günzburg,Günzburg,"Kreiskliniken Günzburg-Krumbach, AöR",Landkreis Günzburg,Schwaben,Plan-KH,Grundversorgung (I),oeffentlich,240,0,CHI|GUG|HNO|INN|URO,ok,"Krankenhausplan Bayern 2026 (51. Fortschreibung), StMGP",http://www.kliniken-gz-kru.de,https://kliniken-gz-kru.de/karriere/stellenangebote,
77402,Klinik Krumbach,Krumbach,"Kreiskliniken Günzburg-Krumbach, AöR",Landkreis Günzburg,Schwaben,Plan-KH,Grundversorgung (I),oeffentlich,164,0,AUG|CHI|GUG|HNO|INN,ok,"Krankenhausplan Bayern 2026 (51. Fortschreibung), StMGP",,,
77404,m&i-Fachklinik Ichenhausen,Ichenhausen,m&i Klinikgesellschaft in Ichenhausen GmbH,Landkreis Günzburg,Schwaben,Plan-KH,Fachkrankenhaus,privat,126,0,INN|NEU,ok,"Krankenhausplan Bayern 2026 (51. Fortschreibung), StMGP",http://www.fachklinik-ichenhausen.de,https://www.fachklinik-ichenhausen.de/jobs,softgarden
77406,Bezirkskrankenhaus Günzburg,Günzburg,Bezirkskliniken Schwaben KU,Landkreis Günzburg,Schwaben,Plan-KH,Fachkrankenhaus,oeffentlich,422,2,NCH|NEU|PSO|PSY,ok,"Krankenhausplan Bayern 2026 (51. Fortschreibung), StMGP",https://www.bkh-guenzburg.de,https://jobs.bezirkskliniken-schwaben.de/Jobs,
77407,Krankenhaus St. Camillus,Ursberg,Zweckverband Krankenhaus St. Camillus Ursberg,Landkreis Günzburg,Schwaben,Plan-KH,Grundversorgung (I),oeffentlich,28,0,INN|PSY,ok,"Krankenhausplan Bayern 2026 (51. Fortschreibung), StMGP",http://www.krankenhaus-st-camillus.de,https://www.krankenhaus-st-camillus.de/stellenangebote,
77408,Therapiezentrum Burgau,Burgau,Gemeinnütz. Gesellschaft zur neurologischen Rehabilitation nach erworbenen cerebralen Schäden mbH,Landkreis Günzburg,Schwaben,Plan-KH,Fachkrankenhaus,oeffentlich,113,0,NEU,ok,"Krankenhausplan Bayern 2026 (51. Fortschreibung), StMGP",http://www.therapiezentrum-burgau.de,https://www.therapiezentrum-burgau.de/karriere/stellenangebote,typo3_jobs
77502,Donauklinik Neu-Ulm,Neu-Ulm,Kreisspitalstiftung Weißenhorn,Landkreis Neu-Ulm,Schwaben,Plan-KH,Grundversorgung (I),oeffentlich,170,0,CHI|GUG|HNO|INN,ok,"Krankenhausplan Bayern 2026 (51. Fortschreibung), StMGP",http://www.donauklinik-neu-ulm.de,https://karriere.suavia-donauklinik.de/,bite
77503,Stiftungsklinik Weißenhorn,Weißenhorn,Kreisspitalstiftung Weißenhorn,Landkreis Neu-Ulm,Schwaben,Plan-KH,Grundversorgung (I),oeffentlich,160,0,CHI|INN|URO,ok,"Krankenhausplan Bayern 2026 (51. Fortschreibung), StMGP",http://www.stiftungsklinik-weissenhorn.de,https://karriere.suavia-stiftungsklinik.de/,bite
77602,Asklepios Klinik Lindau,Lindau,Asklepios Klinik Lindau GmbH,Landkreis Lindau (Bodensee),Schwaben,Plan-KH,Grundversorgung (I),privat,125,0,CHI|GUG|HNO|INN,ok,"Krankenhausplan Bayern 2026 (51. Fortschreibung), StMGP",http://www.asklepios.com,https://www.asklepios.com/karriere/jobs,
77605,Tagesklinik im Elisabethenhaus Lindau,Lindau,Bezirkskliniken Schwaben KU,Landkreis Lindau (Bodensee),Schwaben,Plan-KH,Fachkrankenhaus,oeffentlich,0,20,PSY,ok,"Krankenhausplan Bayern 2026 (51. Fortschreibung), StMGP",,https://jobs.bezirkskliniken-schwaben.de/Jobs,
77606,Panorama Fachklinik für Psychosomatik,Scheidegg im Allgäu,Panorama Fachklinik GmbH,Landkreis Lindau (Bodensee),Schwaben,Plan-KH,Fachkrankenhaus,privat,25,0,PSO,ok,"Krankenhausplan Bayern 2026 (51. Fortschreibung), StMGP",,,
77607,Hochgrat-Klinik Wolfsried,Stiefenhofen,Hochgrat-Klinik Wolfsried - Dr. Reisach GmbH & Co. KG,Landkreis Lindau (Bodensee),Schwaben,Plan-KH,Fachkrankenhaus,privat,27,0,PSO,ok,"Krankenhausplan Bayern 2026 (51. Fortschreibung), StMGP",,,
77701,Klinik Füssen,Füssen,"Kliniken Ostallgäu-Kaufbeuren, AöR des Landkreises Ostallgäu und der Stadt Kaufbeuren",Landkreis Ostallgäu,Schwaben,Plan-KH,Grundversorgung (I),oeffentlich,120,0,AUG|CHI|GUG|HNO|INN,ok,"Krankenhausplan Bayern 2026 (51. Fortschreibung), StMGP",https://www.kliniken-oal-kf.de,https://www.kliniken-oal-kf.de/jobs,
77703,Klinik St. Josef Buchloe,Buchloe,"Kliniken Ostallgäu-Kaufbeuren, AöR des Landkreises Ostallgäu und der Stadt Kaufbeuren",Landkreis Ostallgäu,Schwaben,Plan-KH,Grundversorgung (I),oeffentlich,100,0,CHI|GYN|INN,ok,"Krankenhausplan Bayern 2026 (51. Fortschreibung), StMGP",https://www.kliniken-oal-kf.de,https://www.kliniken-oal-kf.de/jobs,
77705,St. Vinzenz Klinik,Pfronten,St. Vinzenz Klinik Pfronten im Allgäu GmbH,Landkreis Ostallgäu,Schwaben,Plan-KH,Grundversorgung (I),privat,115,0,CHI|INN,ok,"Krankenhausplan Bayern 2026 (51. Fortschreibung), StMGP",https://www.vinzenz-klinik.de,https://karriere-vinzenz-klinik.de/stellenportal/,umantis
77706,m&i-Fachklinik Enzensberg Hopfen am,See/Füssen,m&i Klinikbetriebsgesellschaft GmbH,Landkreis Ostallgäu,Schwaben,Plan-KH,Fachkrankenhaus,privat,197,0,CHI|INN|NEU,ok,"Krankenhausplan Bayern 2026 (51. Fortschreibung), StMGP",,,
77707,"Günztalklinik Allgäu, Klinik für Psychosomatik und Psychotherapie",Obergünzburg,Bezirkskliniken Schwaben KU,Landkreis Ostallgäu,Schwaben,Plan-KH,Fachkrankenhaus,oeffentlich,60,0,PSO,ok,"Krankenhausplan Bayern 2026 (51. Fortschreibung), StMGP",https://www.guenztalklinik-allgaeu.de,https://jobs.bezirkskliniken-schwaben.de/Jobs,
77708,Alpcura Fachklinik Allgäu,Pfronten,Alpcura Fachklinik Allgäu Betriebsgesellschaft mbH,Landkreis Ostallgäu,Schwaben,Plan-KH,Fachkrankenhaus,privat,32,0,PSO,ok,"Krankenhausplan Bayern 2026 (51. Fortschreibung), StMGP",https://www.fachklinik-allgaeu.de,https://www.fachklinik-allgaeu.de/karriere,bite
77801,Klinik Mindelheim,Mindelheim,Klinikverbund Allgäu gGmbH,Landkreis Unterallgäu,Schwaben,Plan-KH,Grundversorgung (I),oeffentlich,135,0,CHI|GUG|HNO|INN,ok,"Krankenhausplan Bayern 2026 (51. Fortschreibung), StMGP",,https://karriere.klinikverbund-allgaeu.de/,
77802,Klinik Ottobeuren,Ottobeuren,Klinikverbund Allgäu gGmbH,Landkreis Unterallgäu,Schwaben,Plan-KH,Grundversorgung (I),oeffentlich,118,12,AUG|CHI|INN,ok,"Krankenhausplan Bayern 2026 (51. Fortschreibung), StMGP",,https://karriere.klinikverbund-allgaeu.de/,
77805,Heiligenfeld Klinik Bad Wörishofen,Bad Wörishofen,Heiligenfeld Kliniken GmbH,Landkreis Unterallgäu,Schwaben,Plan-KH,Fachkrankenhaus,privat,65,0,PSO,ok,"Krankenhausplan Bayern 2026 (51. Fortschreibung), StMGP",,,
77901,Donau-Ries Klinik Donauwörth,Donauwörth,Donau-Ries Kliniken und Seniorenheime gKU,Landkreis Donau-Ries,Schwaben,Plan-KH,Grundversorgung (I),oeffentlich,255,0,AUG|CHI|GUG|HNO|INN,ok,"Krankenhausplan Bayern 2026 (51. Fortschreibung), StMGP",http://www.donkliniken.de,https://dongku.de/stellenangebote/,
77902,Stiftungskrankenhaus Nördlingen,Nördlingen,Donau-Ries Kliniken und Seniorenheime gKU,Landkreis Donau-Ries,Schwaben,Plan-KH,Grundversorgung (I),oeffentlich,172,13,AUG|CHI|GUG|HNO|INN|URO,ok,"Krankenhausplan Bayern 2026 (51. Fortschreibung), StMGP",,,
77903,Donau-Ries Klinik Oettingen,Oettingen i. Bay.,Donau-Ries Kliniken und Seniorenheime gKU,Landkreis Donau-Ries,Schwaben,Plan-KH,Grundversorgung (I),oeffentlich,62,0,INN,ok,"Krankenhausplan Bayern 2026 (51. Fortschreibung), StMGP",,,
77907,Bezirkskrankenhaus Donauwörth,Donauwörth,Bezirkskliniken Schwaben KU,Landkreis Donau-Ries,Schwaben,Plan-KH,Fachkrankenhaus,oeffentlich,40,16,PSY,ok,"Krankenhausplan Bayern 2026 (51. Fortschreibung), StMGP",http://www.bkh-donauwoerth.de,https://jobs.bezirkskliniken-schwaben.de/Jobs,
77908,"Tagesklinik für KJP des Josefinums Augsburg, Nördlingen",Nördlingen,KJF Klinik Josefinum gGmbH,Landkreis Donau-Ries,Schwaben,Plan-KH,Fachkrankenhaus,freigemeinnuetzig,0,15,KJP,ok,"Krankenhausplan Bayern 2026 (51. Fortschreibung), StMGP",http://www.josefinum.de,https://www.josefinum.de/ueber-uns/karriere/offene-stellen/,softgarden
78001,Klinik Immenstadt,Immenstadt,Klinikverbund Allgäu gGmbH,Landkreis Oberallgäu,Schwaben,Plan-KH,Grundversorgung (I),oeffentlich,190,0,AUG|CHI|GUG|HNO|INN,ok,"Krankenhausplan Bayern 2026 (51. Fortschreibung), StMGP",https://www.klinikverbund-allgaeu.de,https://karriere.klinikverbund-allgaeu.de/,
78002,Klinik Oberstdorf,Oberstdorf,Klinikverbund Allgäu gGmbH,Landkreis Oberallgäu,Schwaben,Plan-KH,Grundversorgung (I),oeffentlich,70,0,CHI|INN,ok,"Krankenhausplan Bayern 2026 (51. Fortschreibung), StMGP",https://www.klinikverbund-allgaeu.de,https://karriere.klinikverbund-allgaeu.de/,
78003,Klinik Sonthofen,Sonthofen,Klinikverbund Allgäu gGmbH,Landkreis Oberallgäu,Schwaben,Plan-KH,Grundversorgung (I),oeffentlich,25,0,INN,ok,"Krankenhausplan Bayern 2026 (51. Fortschreibung), StMGP",https://www.klinikverbund-allgaeu.de,https://karriere.klinikverbund-allgaeu.de/,
78008,Adula-Klinik Oberstdorf,Oberstdorf,Adula-Klinik Oberstdorf - Dr. Reisach GmbH & Co. KG,Landkreis Oberallgäu,Schwaben,Plan-KH,Fachkrankenhaus,privat,39,0,PSO,ok,"Krankenhausplan Bayern 2026 (51. Fortschreibung), StMGP",,,
16290,Klinikum der Ludwig-Maximilians-Universität München,München,Freistaat Bayern,Landeshauptstadt München,Oberfranken,HS-Klinik,-,oeffentlich,,235,AUG|CHI|GUG|HCH|HNO|INN|KCH|KIN|KJP|MKG|NCH|NEU|NUK|PSY|STR|URO|HD,ok,"Krankenhausplan Bayern 2026 (51. Fortschreibung), StMGP",https://www.lmu-klinikum.de,https://www.lmu-klinikum.de/jobs,wp_jobs
16291,Klinikum der Technischen Universität München (TUM) - Klinikum Rechts der Isar (MRI),München,Freistaat Bayern,,Oberbayern,HS-Klinik,-,oeffentlich,,120,AUG|CHI|GUG|HCH|HNO|HUG|INN|KIN|MKG|NCH|NEU|NUK|PSO|PSY|SON|STR|URO|HD,ok,"Krankenhausplan Bayern 2026 (51. Fortschreibung), StMGP",http://www.tumklinikum.de,,
16292,Klinikum der Technischen Universität München (TUM) - Deutsches Herzzentrum München (DHM),München,Freistaat Bayern,,Oberbayern,HS-Klinik,-,oeffentlich,197,0,HCH|INN|KIN,ok,"Krankenhausplan Bayern 2026 (51. Fortschreibung), StMGP",https://www.deutsches-herzzentrum-muenchen.de,https://www.deutsches-herzzentrum-muenchen.de/stellenangebot/anlagenmechaniker-m-w-d-sanitaer-heizungs-und-klimatechnik--job-muenchen-107406.html?tc=2-0&custom_header=1&frame=dhm,
36290,Klinikum der Universität Regensburg,Regensburg,Freistaat Bayern,Kreisfreie Stadt Regensburg,Oberpfalz,HS-Klinik,-,oeffentlich,839,52,AUG|CHI|HCH|HNO|HUG|INN|KIN|MKG|NCH|NEU|NUK|STR|HD,ok,"Krankenhausplan Bayern 2026 (51. Fortschreibung), StMGP",http://www.ukr.de,https://www.ukr.de/ausbildung-karriere/stellenangebote,bite
56290,Klinikum der Friedrich-Alexander-Universität Erlangen-Nürnberg,Erlangen,Freistaat Bayern,Kreisfreie Stadt Erlangen,Mittelfranken,HS-Klinik,-,oeffentlich,,157,AUG|CHI|GUG|HCH|HNO|HUG|INN|KCH|KIN|KJP|MKG|NCH|NEU|NUK|PSO|PSY|STR|URO|HD,ok,"Krankenhausplan Bayern 2026 (51. Fortschreibung), StMGP",http://www.uk-erlangen.de,https://www.karriere.uk-erlangen.de/,
66390,Klinikum der Julius-Maximilians-Universität Würzburg,Würzburg,Freistaat Bayern,Kreisfreie Stadt Würzburg,Unterfranken,HS-Klinik,-,oeffentlich,,129,AUG|CHI|GUG|HCH|HNO|HUG|INN|KIN|KJP|MKG|NCH|NEU|NUK|PSO|PSY|STR|URO|HD,ok,"Krankenhausplan Bayern 2026 (51. Fortschreibung), StMGP",https://www.ukw.de,https://www.ukw.de/jobs,dvinci
76190,Universitätsklinikum Augsburg,Augsburg,Freistaat Bayern,Kreisfreie Stadt Augsburg,Schwaben,HS-Klinik,-,oeffentlich,,48,AUG|CHI|GUG|HCH|HNO|HUG|INN|KCH|KIN|MKG|NCH|NEU|NUK|STR|URO|HD,ok,"Krankenhausplan Bayern 2026 (51. Fortschreibung), StMGP",http://www.uk-augsburg.de,https://karriere.uk-augsburg.de/alle-stellenangebote/ueberblick,softgarden
16370,Schön Klinik Roseneck - Haus Rosenheim,Rosenheim,Schön Klinik Roseneck SE & Co. KG,Kreisfreie Stadt Rosenheim,Schwaben,Vertrags-KH,-,privat,24,0,PSO,ok,"Krankenhausplan Bayern 2026 (51. Fortschreibung), StMGP | zugleich Plan-KH KeZ 16306",,,
17274,Klinik für Schlafstörungen,Bad Reichenhall,Klinik für Schlafstörungen GmbH,Landkreis Berchtesgadener Land,Oberbayern,Vertrags-KH,-,privat,4,2,,ok,"Krankenhausplan Bayern 2026 (51. Fortschreibung), StMGP",,,
17276,Schön Klinik Berchtesgadener Land,Schönau am Königssee,Schön Klinik Berchtesgadener Land SE & Co. KG,,Oberbayern,Vertrags-KH,-,privat,80,0,PSO,ok,"Krankenhausplan Bayern 2026 (51. Fortschreibung), StMGP | zugleich Plan-KH KeZ 17206",,,
17772,"Airport Clinic München, Terminal 1",München-Flughafen,MediCare Flughafen München Medizinisches Zentrum GmbH,Landkreis Erding,Oberbayern,Vertrags-KH,-,privat,8,0,CHI|INN,ok,"Krankenhausplan Bayern 2026 (51. Fortschreibung), StMGP",,,
18475,Urologische Klinik Planegg,Planegg,Medical Team Clinic GmbH,Landkreis München,Oberbayern,Vertrags-KH,-,privat,0,3,URO,ok,"Krankenhausplan Bayern 2026 (51. Fortschreibung), StMGP",,,
18775,Veramed-Klinik am Wendelstein,Brannenburg,Veramed-Klinik am Wendelstein KG,Landkreis Rosenheim,Oberbayern,Vertrags-KH,-,privat,86,0,INN,ok,"Krankenhausplan Bayern 2026 (51. Fortschreibung), StMGP",,,
18776,Schön Klinik Roseneck,Prien am Chiemsee,Schön Klinik Roseneck SE & Co. KG,,Oberbayern,Vertrags-KH,-,privat,179,0,PSO,ok,"Krankenhausplan Bayern 2026 (51. Fortschreibung), StMGP | zugleich Plan-KH KeZ 18716",,,
18781,Medical Park Chiemseeblick,Bernau am Chiemsee,Medical Park Chiemseeblick GmbH & Co. KG,,Oberbayern,Vertrags-KH,-,privat,40,0,PSO,ok,"Krankenhausplan Bayern 2026 (51. Fortschreibung), StMGP | zugleich Plan-KH KeZ 18720",,,
18783,Klinik Bad Trissl,Oberaudorf,Klinik Bad Trissl GmbH,,Oberbayern,Vertrags-KH,-,privat,20,0,PSO,ok,"Krankenhausplan Bayern 2026 (51. Fortschreibung), StMGP | zugleich Plan-KH KeZ 18711",,,
18872,Benedictus Krankenhaus,Feldafing,Benedictus Krankenhaus Feldafing GmbH & Co. KG,Landkreis Starnberg,Oberbayern,Vertrags-KH,-,privat,45,0,INN,ok,"Krankenhausplan Bayern 2026 (51. Fortschreibung), StMGP | zugleich Plan-KH KeZ 18813",,,
37273,Spezialkliniken Neukirchen und Rötz,Neukirchen b Hl. Blut,Spezialklinik Neukirchen/Rötz GmbH & Co.KG,Landkreis Cham,Oberpfalz,Vertrags-KH,-,privat,140,0,HUG,ok,"Krankenhausplan Bayern 2026 (51. Fortschreibung), StMGP",,,
37275,TCM Klinik Bad Kötzting,Bad Kötzting,TCM Klinik Bad Kötzting GmbH,,Oberpfalz,Vertrags-KH,-,privat,75,0,PSO,ok,"Krankenhausplan Bayern 2026 (51. Fortschreibung), StMGP",,,
46170,Klinikum Bamberg - Betriebsstätte am Bruderwald,Bamberg,Sozialstiftung Bamberg,Kreisfreie Stadt Bamberg,Oberfranken,Vertrags-KH,-,oeffentlich,0,20,INN,ok,"Krankenhausplan Bayern 2026 (51. Fortschreibung), StMGP",,,
47370,Medical Park Bad Rodach,Bad Rodach,Medical Park Bad Rodach GmbH & Co. KG,Landkreis Coburg,Oberfranken,Vertrags-KH,-,privat,5,0,NEU,ok,"Krankenhausplan Bayern 2026 (51. Fortschreibung), StMGP | zugleich Plan-KH KeZ 47302",,,
47570,Klinik am Park,Bad Steben,Klinik am Park Bad Steben GmbH,Landkreis Hof,Oberfranken,Vertrags-KH,-,privat,3,0,PSO,ok,"Krankenhausplan Bayern 2026 (51. Fortschreibung), StMGP | zugleich Plan-KH KeZ 47504",,,
47770,Privatklinik für Psychiatrie und Psychotherapie Wirsberg,Wirsberg,Willi Pinkow,Landkreis Kulmbach,Oberfranken,Vertrags-KH,-,privat,50,0,PSY,ok,"Krankenhausplan Bayern 2026 (51. Fortschreibung), StMGP",,,
47870,Schön Klinik Bad Staffelstein,Bad Staffelstein,Schön Klinik Bad Staffelstein SE & Co. KG,Landkreis Lichtenfels,Oberfranken,Vertrags-KH,-,privat,51,0,CHI|PSO,ok,"Krankenhausplan Bayern 2026 (51. Fortschreibung), StMGP | zugleich Plan-KH KeZ 47805",,,
47871,Bezirksklinikum Obermain,Ebensfeld,KU Gesundheitseinrichtungen des Bezirks Oberfranken (GeBO),,Oberfranken,Vertrags-KH,-,oeffentlich,24,0,INN,ok,"Krankenhausplan Bayern 2026 (51. Fortschreibung), StMGP | zugleich Plan-KH KeZ 47802",,,
57570,Dr. Becker Kiliani-Klinik Bad Windsheim,Bad Windsheim,Dr. Becker Klinikgesellschaft SE & Co. KG,Landkreis Neustadt / Bad Windsheim,Mittelfranken,Vertrags-KH,-,privat,20,0,NEU,ok,"Krankenhausplan Bayern 2026 (51. Fortschreibung), StMGP | zugleich Plan-KH KeZ 57505",,https://karriere.drbecker.jobs/,
67170,Vital-Klinik Alzenau,Alzenau,Vital-Klinik GmbH & Co.KG,Landkreis Aschaffenburg,Unterfranken,Vertrags-KH,-,privat,42,0,HUG,ok,"Krankenhausplan Bayern 2026 (51. Fortschreibung), StMGP",,,
67273,Fachklinik Heiligenfeld,Bad Kissingen,Heiligenfeld Kliniken GmbH,Landkreis Bad Kissingen,Unterfranken,Vertrags-KH,-,privat,38,0,PSO,ok,"Krankenhausplan Bayern 2026 (51. Fortschreibung), StMGP | zugleich Plan-KH KeZ 67208",,,
67274,Klinik Bavaria,Bad Kissingen,"Klinik Bavaria GmbH & Co. KG, Rehabilitationsklinik Bad Kissingen",,Unterfranken,Vertrags-KH,-,privat,30,0,NEU,ok,"Krankenhausplan Bayern 2026 (51. Fortschreibung), StMGP",http://www.klinik-bavaria.com,https://klinikbavaria-portal.rexx-systems.com/stellenangebote.html,rexx
67370,Psychosomatische Klinik Bad Neustadt a.d. Saale,Bad Neustadt a.d. Saale,RHÖN KLINIKUM AG,Landkreis Rhön-Grabfeld,Unterfranken,Vertrags-KH,-,privat,51,0,PSO,ok,"Krankenhausplan Bayern 2026 (51. Fortschreibung), StMGP | zugleich Plan-KH KeZ 67307",,,
77473,m&i-Fachklinik Ichenhausen,Ichenhausen,m&i Klinikgesellschaft in Ichenhausen GmbH,Landkreis Günzburg,Schwaben,Vertrags-KH,-,privat,12,0,NEU,ok,"Krankenhausplan Bayern 2026 (51. Fortschreibung), StMGP | zugleich Plan-KH KeZ 77404",,,
77672,Hochgrat-Klinik Wolfsried,Stiefenhofen,Hochgrat-Klinik Wolfsried - Dr. Reisach GmbH & Co. KG,Landkreis Lindau (Bodensee),Schwaben,Vertrags-KH,-,privat,78,0,PSO,ok,"Krankenhausplan Bayern 2026 (51. Fortschreibung), StMGP | zugleich Plan-KH KeZ 77607",https://www.reisach-kliniken.de,https://www.reisach-kliniken.de/karriere/stellenangebote.html,
77673,"Panorama-Klinik für Psychosomatik, Psychotherapie und Naturheilverfahren",Scheidegg im Allgäu,Panorama Fachklinik GmbH,,Schwaben,Vertrags-KH,-,privat,81,0,PSO,ok,"Krankenhausplan Bayern 2026 (51. Fortschreibung), StMGP | zugleich Plan-KH KeZ 77606",,,
77873,Heiligenfeld Klinik Bad Wörishofen,Bad Wörishofen,Heiligenfeld Kliniken GmbH,Landkreis Unterallgäu,Schwaben,Vertrags-KH,-,privat,68,0,PSO,ok,"Krankenhausplan Bayern 2026 (51. Fortschreibung), StMGP",,,
78071,Adula-Klinik Oberstdorf,Oberstdorf,Adula-Klinik Oberstdorf - Dr. Reisach GmbH & Co. KG,Landkreis Oberallgäu,Schwaben,Vertrags-KH,-,privat,107,0,PSO,ok,"Krankenhausplan Bayern 2026 (51. Fortschreibung), StMGP | zugleich Plan-KH KeZ 78008",http://www.dr-reisach-kliniken.de,https://www.reisach-kliniken.de/karriere/azubis-praktikanten-studenten.html,
26101,Klinikum Landshut,Landshut,Klinikum Landshut AdöR der Stadt Landshut,Kreisfreie Stadt Landshut,Niederbayern,nicht_mehr_im_plan,Schwerpunkt (II),oeffentlich,520,48,AUG|CHI|GUG|HNO|INN|MKG|NCH|NEU|NUK|STR|URO|HD,ok,"Krankenhausplan Bayern 2025 (50. Fortschreibung), StMGP | nicht in 2026 (51. Fortschreibung)",http://www.klinikum-landshut.de,https://www.la-regio-kliniken.de/stellenportal,typo3_jobs
26105,Krankenhaus Landshut-Achdorf,Landshut,"Landshuter KU für medizinische Versorgung, AöR - La.KUMed-",Kreisfreie Stadt Landshut,Niederbayern,nicht_mehr_im_plan,Grundversorgung (I),oeffentlich,342,0,CHI|GUG|HNO|INN,ok,"Krankenhausplan Bayern 2025 (50. Fortschreibung), StMGP | nicht in 2026 (51. Fortschreibung)",,,
27773,AMEOS Klinikum Inntal,Simbach am Inn,AMEOS Klinikum Inntal GmbH,Landkreis Rottal-Inn,Niederbayern,nicht_mehr_im_plan,-,privat,60,0,PSO,ok,"Krankenhausplan Bayern 2025 (50. Fortschreibung), StMGP | nicht in 2026 (51. Fortschreibung) | zugleich Plan-KH KeZ 27706",,,
37102,St. Johannes-Klinik Auerbach,Auerbach/OPf.,"KU Krankenhäuser des Landkreises Amberg-Sulzbach, AöR",Landkreis Amberg-Sulzbach,Oberpfalz,nicht_mehr_im_plan,Grundversorgung (I),oeffentlich,30,0,INN,ok,"Krankenhausplan Bayern 2025 (50. Fortschreibung), StMGP | nicht in 2026 (51. Fortschreibung)",,,
47902,Krankenhaus Selb,Selb,"Klinikum Fichtelgebirge, AöR",Landkreis Wunsiedel i. Fichtelgebirge,Oberfranken,nicht_mehr_im_plan,Schwerpunkt (II),oeffentlich,20,0,INN,ok,"Krankenhausplan Bayern 2025 (50. Fortschreibung), StMGP | nicht in 2026 (51. Fortschreibung)",http://www.klinikum-fichtelgebirge.de,https://karriere.klinikum-fichtelgebirge.de/de/stellenangebote/,softgarden
56406,Cnopf'sche Kinderklinik Nürnberg,Nürnberg,DIAKONEO KdöR,Kreisfreie Stadt Nürnberg,Mittelfranken,nicht_mehr_im_plan,Fachkrankenhaus,freigemeinnuetzig,139,6,KCH|KIN,ok,"Krankenhausplan Bayern 2025 (50. Fortschreibung), StMGP | nicht in 2026 (51. Fortschreibung)",,,
67402,Haßberg-Kliniken - Haus Ebern-,Ebern,"KU Haßberg-Kliniken, AöR",Landkreis Haßberge,Unterfranken,nicht_mehr_im_plan,Grundversorgung (I),oeffentlich,50,0,INN,ok,"Krankenhausplan Bayern 2025 (50. Fortschreibung), StMGP | nicht in 2026 (51. Fortschreibung)",,,
67802,Krankenhaus Markt Werneck,Werneck,KU Krankenhaus Markt Werneck,Landkreis Schweinfurt,Unterfranken,nicht_mehr_im_plan,Grundversorgung (I),oeffentlich,40,0,CHI|GYN|INN,ok,"Krankenhausplan Bayern 2025 (50. Fortschreibung), StMGP | nicht in 2026 (51. Fortschreibung)",https://www.krankenhaus-werneck.de,,
RH1847,Rehaklinik FRISIA Munkert GmbH,Bad Tölz,Rehaklinik FRISIA Munkert GmbH,Bad Tölz-Wolfratshausen,Oberbayern,Reha-Einrichtung,,privat,127,,Sonstige Fachabteilung,ok,"RHV 2024 (Verzeichnis der Vorsorge- oder Rehabilitationseinrichtungen, Statistische Aemter des Bundes und der Laender, Stand 31.12.2024)",https://www.frisia-toelz.de,,
RH1885,Sanatorium Sedlmayr GmbH,Bad Tölz,Sanatorium Sedlmayr GmbH,Bad Tölz-Wolfratshausen,Oberbayern,Reha-Einrichtung,,privat,28,,Keine Zuordnung zu spezifischem Fachgebiet,ok,"RHV 2024 (Verzeichnis der Vorsorge- oder Rehabilitationseinrichtungen, Statistische Aemter des Bundes und der Laender, Stand 31.12.2024)",,,
RH1449,Fachklinik Gaißach Zentrum für chron. Erkrankungen Kinder-Jugendliche-Eltern,Gaißach,Deutsche Rentenversicherung Bayern Süd,Bad Tölz-Wolfratshausen,Oberbayern,Reha-Einrichtung,,oeffentlich,159,,Pädiatrie,ok,"RHV 2024 (Verzeichnis der Vorsorge- oder Rehabilitationseinrichtungen, Statistische Aemter des Bundes und der Laender, Stand 31.12.2024)",https://www.fachklinik-gaissach.de,,
RH2255,"Klinik Bad Reichenhall Zentrum für Rehabilitation, Pneumologie und Orthopädie",Bad Reichenhall,Deutsche Rentenversicherung Bayern Süd,Berchtesgadener Land,Oberbayern,Reha-Einrichtung,,oeffentlich,269,,"Lungen- und Bronchialheilkunde, Orthopädie",ok,"RHV 2024 (Verzeichnis der Vorsorge- oder Rehabilitationseinrichtungen, Statistische Aemter des Bundes und der Laender, Stand 31.12.2024)",https://www.klinik-bad-reichenhall.de,,
RH2357,Rehaklinik Prinzregent Luitpold Bad Reichenhall GmbH,Bad Reichenhall,Rehaklinik Prinzregent Luitpold Bad Reichenhall GmbH,Berchtesgadener Land,Oberbayern,Reha-Einrichtung,,privat,115,,"Pneumologie, Psychosomatik/Psychotherapie",ok,"RHV 2024 (Verzeichnis der Vorsorge- oder Rehabilitationseinrichtungen, Statistische Aemter des Bundes und der Laender, Stand 31.12.2024)",https://www.pl-klinik.de,,
RH1395,BG Klinik für Berufskrankheiten Bad Reichenhall gGmbH,Bad Reichenhall,BG Klinik für Berufskrankheiten Bad Reichenhall gGmbH,Berchtesgadener Land,Oberbayern,Reha-Einrichtung,,oeffentlich,180,,"Innere Medizin, Allgemeine Psychiatrie, Dermatologie",ok,"RHV 2024 (Verzeichnis der Vorsorge- oder Rehabilitationseinrichtungen, Statistische Aemter des Bundes und der Laender, Stand 31.12.2024)",https://www.bg-kliniken.de/bad-reichenhall,,
RH1638,Klinik Alpenland GmbH & Co. KG,Bad Reichenhall,Klinik Alpenland GmbH & Co. KG,Berchtesgadener Land,Oberbayern,Reha-Einrichtung,,privat,134,,"Hämatologie und internistische Onkologie, Psychosomatik/Psychotherapie",ok,"RHV 2024 (Verzeichnis der Vorsorge- oder Rehabilitationseinrichtungen, Statistische Aemter des Bundes und der Laender, Stand 31.12.2024)",https://www.klinik-alpenland.de,,
RH2930,Reha-Zentrum Bayerisch Gmain Klinik Hochstaufen,Bayerisch Gmain,Deutsche Rentenversicherung Bund,Berchtesgadener Land,Oberbayern,Reha-Einrichtung,,oeffentlich,225,,"Kardiologie, Gastroenterologie",ok,"RHV 2024 (Verzeichnis der Vorsorge- oder Rehabilitationseinrichtungen, Statistische Aemter des Bundes und der Laender, Stand 31.12.2024)",https://www.reha-klinik-hochstaufen.de,,
RH2287,Klinik Schönsicht Rehabilitation für Kinder und Jugendliche Kind-Mutter-Heilbehandlung,Berchtesgaden,Klinik Schönsicht GmbH,Berchtesgadener Land,Oberbayern,Reha-Einrichtung,,privat,88,,"Pädiatrie, Kinder- und Jugendpsychiatrie",ok,"RHV 2024 (Verzeichnis der Vorsorge- oder Rehabilitationseinrichtungen, Statistische Aemter des Bundes und der Laender, Stand 31.12.2024)",https://www.klinikschoensicht.de,,
RH1200,"Klinik Hochried Zentrum für Kinder, Jugendliche und Familien",Murnau,Katholische Jugendfürsorge der Diözese Augsburg e.V.,Garmisch-Partenkirchen,Oberbayern,Reha-Einrichtung,,freigemeinnuetzig,180,,Pädiatrie,ok,"RHV 2024 (Verzeichnis der Vorsorge- oder Rehabilitationseinrichtungen, Statistische Aemter des Bundes und der Laender, Stand 31.12.2024)",https://www.klinikhochried.de,,
RH1051,Der Jägerwinkel Privatklinik GmbH,Bad Wiessee,Der Jägerwinkel Privatklinik GmbH,Miesbach,Oberbayern,Reha-Einrichtung,,privat,72,,"Innere Medizin, Kardiologie, Orthopädie, Psychosomatik/Psychotherapie",ok,"RHV 2024 (Verzeichnis der Vorsorge- oder Rehabilitationseinrichtungen, Statistische Aemter des Bundes und der Laender, Stand 31.12.2024)",https://www.jaegerwinkel.de,,
RH2705,Medical Park Bad Wiessee GmbH & Co. KG Privatklinik für Orthopädie,Bad Wiessee,Medical Park Bad Wiessee GmbH & Co. KG,Miesbach,Oberbayern,Reha-Einrichtung,,privat,84,,Orthopädie,ok,"RHV 2024 (Verzeichnis der Vorsorge- oder Rehabilitationseinrichtungen, Statistische Aemter des Bundes und der Laender, Stand 31.12.2024)",https://www.kirschbaumprivat.medicalpark.de,,
RH2886,KIRINUS Alpenpark Klinik GmbH,Bad Wiessee,KIRINUS Alpenpark Klinik GmbH,Miesbach,Oberbayern,Reha-Einrichtung,,privat,102,,"Kardiologie, Gastroenterologie, Orthopädie",ok,"RHV 2024 (Verzeichnis der Vorsorge- oder Rehabilitationseinrichtungen, Statistische Aemter des Bundes und der Laender, Stand 31.12.2024)",https://www.kirinus.de/alpenpark-klinik,,
RH2843,Orthopädische Klinik Tegernsee Schwerpunktklinik für Orthopädie,Tegernsee,Deutsche Rentenversicherung Bayern Süd,Miesbach,Oberbayern,Reha-Einrichtung,,oeffentlich,166,,Orthopädie,ok,"RHV 2024 (Verzeichnis der Vorsorge- oder Rehabilitationseinrichtungen, Statistische Aemter des Bundes und der Laender, Stand 31.12.2024)",https://www.ok-tegernsee.de,,
RH1576,Deutsche Rentenversicherung Bund Reha-Zentrum Bad Aibling Klinik Wendelstein und Rheumaklinik,Bad Aibling,Deutsche Rentenversicherung Bund,Rosenheim,Oberbayern,Reha-Einrichtung,,oeffentlich,398,,Rheumatologie,ok,"RHV 2024 (Verzeichnis der Vorsorge- oder Rehabilitationseinrichtungen, Statistische Aemter des Bundes und der Laender, Stand 31.12.2024)",https://www.reha-klinik-wendelstein.de,,
RH2743,Medical Park Bad Feilnbach Betriebs GmbH & Co. KG Blumenhof,Bad Feilnbach,Medical Park Bad Feilnbach Betriebs GmbH & Co. KG,Rosenheim,Oberbayern,Reha-Einrichtung,,privat,187,,"Innere Medizin, Geriatrie",ok,"RHV 2024 (Verzeichnis der Vorsorge- oder Rehabilitationseinrichtungen, Statistische Aemter des Bundes und der Laender, Stand 31.12.2024)",https://www.blumenhof.medicalpark.de,,
RH2014,Medical Park Prien Kronprinz Betriebs GmbH & Co.KG,Prien am Chiemsee,Medical Park Prien Kronprinz Betriebs GmbH & Co.KG,Rosenheim,Oberbayern,Reha-Einrichtung,,privat,204,,Orthopädie,ok,"RHV 2024 (Verzeichnis der Vorsorge- oder Rehabilitationseinrichtungen, Statistische Aemter des Bundes und der Laender, Stand 31.12.2024)",https://www.kronprinz.medicalpark.de,,
RH2813,Chiemgau-Klinik Deutsche Rentenversicherung Knappschaft-Bahn-See,Marquartstein,Deutsche Rentenversicherung Knappschaft-Bahn-See,Traunstein,Oberbayern,Reha-Einrichtung,,oeffentlich,179,,"Orthopädie, Psychosomatik/Psychotherapie",ok,"RHV 2024 (Verzeichnis der Vorsorge- oder Rehabilitationseinrichtungen, Statistische Aemter des Bundes und der Laender, Stand 31.12.2024)",https://www.chiemgau-klinik.de,,
RH2229,Deutsche Rentenversicherung Bayern Süd Klinik Höhenried gGmbH,Bernried/Obb.,Klinik Höhenried gGmbH der DRV Bayern Süd,Weilheim-Schongau,Oberbayern,Reha-Einrichtung,,oeffentlich,524,,"Kardiologie, Orthopädie, Psychosomatik/Psychotherapie",ok,"RHV 2024 (Verzeichnis der Vorsorge- oder Rehabilitationseinrichtungen, Statistische Aemter des Bundes und der Laender, Stand 31.12.2024)",https://www.hoehenried.de,,
RH1123,Lauterbacher Mühle Klinik GmbH & Co. KG,Seeshaupt,Lauterbacher Mühle Klinik GmbH & Co. KG,Weilheim-Schongau,Oberbayern,Reha-Einrichtung,,privat,84,,"Innere Medizin, Psychosomatik/Psychotherapie",ok,"RHV 2024 (Verzeichnis der Vorsorge- oder Rehabilitationseinrichtungen, Statistische Aemter des Bundes und der Laender, Stand 31.12.2024)",https://www.lauterbacher-muehle.de,,
RH1591,Kurhotel Zink,Bad Füssing,Kurhotel Zink e.K.,Passau,Niederbayern,Reha-Einrichtung,,privat,70,,Keine Zuordnung zu spezifischem Fachgebiet,ok,"RHV 2024 (Verzeichnis der Vorsorge- oder Rehabilitationseinrichtungen, Statistische Aemter des Bundes und der Laender, Stand 31.12.2024)",https://www.kurhotel-zink.de,,
RH1739,Klinik Prof. Schedel GmbH,Thyrnau,Klinik Prof. Schedel GmbH,Passau,Niederbayern,Reha-Einrichtung,,privat,205,,"Hämatologie und internistische Onkologie, Psychosomatik/Psychotherapie",ok,"RHV 2024 (Verzeichnis der Vorsorge- oder Rehabilitationseinrichtungen, Statistische Aemter des Bundes und der Laender, Stand 31.12.2024)",https://www.klinik-prof-schedel.de,,
RH1044,Caritas Fachklinik Haselbach,Haselbach,Caritasverband für die Diözese Regensburg e.V.,Straubing-Bogen,Niederbayern,Reha-Einrichtung,,freigemeinnuetzig,38,,Entwöhnungsbehandlungen,ok,"RHV 2024 (Verzeichnis der Vorsorge- oder Rehabilitationseinrichtungen, Statistische Aemter des Bundes und der Laender, Stand 31.12.2024)",https://www.fachklinik-haselbach.de,,
RH2304,Bayerwald-Klinik GmbH & Co. KG,Cham,Bayerwald-Klinik GmbH & Co. KG,Cham,Oberpfalz,Reha-Einrichtung,,privat,130,,Kardiologie,ok,"RHV 2024 (Verzeichnis der Vorsorge- oder Rehabilitationseinrichtungen, Statistische Aemter des Bundes und der Laender, Stand 31.12.2024)",https://www.bayerwaldklinik.de,,
RH1090,Höhenklinik der Deutschen Rentenversicherung Nordbayern,Bischofsgrün,Deutsche Rentenversicherung Nordbayern,Bayreuth,Oberfranken,Reha-Einrichtung,,oeffentlich,200,,"Kardiologie, Psychosomatik/Psychotherapie",ok,"RHV 2024 (Verzeichnis der Vorsorge- oder Rehabilitationseinrichtungen, Statistische Aemter des Bundes und der Laender, Stand 31.12.2024)",https://www.hoehenklinik-bischofsgruen.de,,
RH1652,Klinik Frankenwarte,Bad Steben,Deutsche Rentenversicherung Nordbayern,Hof,Oberfranken,Reha-Einrichtung,,oeffentlich,166,,"Kardiologie, Orthopädie",ok,"RHV 2024 (Verzeichnis der Vorsorge- oder Rehabilitationseinrichtungen, Statistische Aemter des Bundes und der Laender, Stand 31.12.2024)",https://www.klinikfrankenwarte.de,,
RH2161,Deutsche Rentenversicherung Bund Rehabilitationszentrum Bad Steben Klinik Auental und Klinik Franken,Bad Steben,Deutsche Rentenversicherung Bund,Hof,Oberfranken,Reha-Einrichtung,,oeffentlich,360,,Orthopädie,ok,"RHV 2024 (Verzeichnis der Vorsorge- oder Rehabilitationseinrichtungen, Statistische Aemter des Bundes und der Laender, Stand 31.12.2024)",https://www.rehazentrum-badsteben.de,,
RH1605,Rehaklinik am Park GmbH,Bad Steben,Klinik am Park Bad Steben GmbH,Hof,Oberfranken,Reha-Einrichtung,,privat,125,,Psychosomatik/Psychotherapie,ok,"RHV 2024 (Verzeichnis der Vorsorge- oder Rehabilitationseinrichtungen, Statistische Aemter des Bundes und der Laender, Stand 31.12.2024)",,,
RH2871,Fachklinik Haus Immanuel für suchtkranke Frauen,Thurnau,Deutscher Gemeinschafts-Diakonieverband GmbH,Kulmbach,Oberfranken,Reha-Einrichtung,,freigemeinnuetzig,60,,Entwöhnungsbehandlungen,ok,"RHV 2024 (Verzeichnis der Vorsorge- oder Rehabilitationseinrichtungen, Statistische Aemter des Bundes und der Laender, Stand 31.12.2024)",https://www.haus-immanuel.de,,
RH2031,Rehabilitationsklinik Lautergrund der Deutschen Rentenversicherung Berlin-Brandenburg Schwabthal,Bad Staffelstein,Deutsche Rentenversicherung Berlin-Brandenburg,Lichtenfels,Oberfranken,Reha-Einrichtung,,oeffentlich,180,,Orthopädie,ok,"RHV 2024 (Verzeichnis der Vorsorge- oder Rehabilitationseinrichtungen, Statistische Aemter des Bundes und der Laender, Stand 31.12.2024)",https://www.rehaklinik-lautergrund.de,,
RH1838,Fachklinik Weihersmühle für junge Suchtkranke,Großhabersdorf,Deutscher Orden Deutsche Provinz der Brüder vom Deutschen Haus St. Mariens in Jerusalem KdöR,Fürth,Mittelfranken,Reha-Einrichtung,,freigemeinnuetzig,65,,Entwöhnungsbehandlungen,ok,"RHV 2024 (Verzeichnis der Vorsorge- oder Rehabilitationseinrichtungen, Statistische Aemter des Bundes und der Laender, Stand 31.12.2024)",https://www.suchthilfe-nuernberg.de,,
RH2294,Frankenland-Klinik,Bad Windsheim,Deutsche Rentenversicherung Nordbayern,Neustadt a.d.Aisch-Bad Windsheim,Mittelfranken,Reha-Einrichtung,,oeffentlich,187,,"Endokrinologie, Orthopädie, Dermatologie",ok,"RHV 2024 (Verzeichnis der Vorsorge- oder Rehabilitationseinrichtungen, Statistische Aemter des Bundes und der Laender, Stand 31.12.2024)",https://www.frankenland-klinik.de,,
RH1594,Dr. Becker Kiliani-Klinik,Bad Windsheim,Dr. Becker Klinikgesellschaft mbH & Co. KG,Neustadt a.d.Aisch-Bad Windsheim,Mittelfranken,Reha-Einrichtung,,privat,250,,"Orthopädie, Neurologie",ok,"RHV 2024 (Verzeichnis der Vorsorge- oder Rehabilitationseinrichtungen, Statistische Aemter des Bundes und der Laender, Stand 31.12.2024)",https://www.dbkg.de,,
RH2921,Altmühlseeklinik Hensoltshöhe der Stiftung Hensoltshöhe gGmbH,Gunzenhausen,Stiftung Hensoltshöhe gGmbH,Weißenburg-Gunzenhausen,Mittelfranken,Reha-Einrichtung,,freigemeinnuetzig,143,,"Orthopädie, Psychosomatik/Psychotherapie",ok,"RHV 2024 (Verzeichnis der Vorsorge- oder Rehabilitationseinrichtungen, Statistische Aemter des Bundes und der Laender, Stand 31.12.2024)",https://www.altmuehlseeklinik.de,,
RH2190,HESCURO KLINIKEN Bad Bocklet,Bad Bocklet,Kliniken Bad Bocklet AG,Bad Kissingen,Unterfranken,Reha-Einrichtung,,privat,435,,"Innere Medizin, Geriatrie, Urologie, Orthopädie, Psychosomatik/Psychotherapie",ok,"RHV 2024 (Verzeichnis der Vorsorge- oder Rehabilitationseinrichtungen, Statistische Aemter des Bundes und der Laender, Stand 31.12.2024)",https://www.hescuro.de/bad-bocklet/,,
RH1498,Deutsche Rentenversicherung Bund Reha-Zentrum Bad Brückenau Klinik Hartwald,Bad Brückenau,Deutsche Rentenversicherung Bund,Bad Kissingen,Unterfranken,Reha-Einrichtung,,oeffentlich,228,,"Gastroenterologie, Psychosomatik/Psychotherapie",ok,"RHV 2024 (Verzeichnis der Vorsorge- oder Rehabilitationseinrichtungen, Statistische Aemter des Bundes und der Laender, Stand 31.12.2024)",,,
RH2278,Sinntalklinik Bad Brückenau Fachklinik für medizinische Rehabilitation der Deutschen Rentenversicherung Nordbayern,Bad Brückenau,Deutsche Rentenversicherung Nordbayern,Bad Kissingen,Unterfranken,Reha-Einrichtung,,oeffentlich,130,,"Hämatologie und internistische Onkologie, Urologie",ok,"RHV 2024 (Verzeichnis der Vorsorge- oder Rehabilitationseinrichtungen, Statistische Aemter des Bundes und der Laender, Stand 31.12.2024)",https://www.sinntalklinik.de,,
RH2610,Malteser Klinik Dr. v. Weckbecker gGmbH,Bad Brückenau,Malteser Klinik Dr. v. Weckbecker gGmbH,Bad Kissingen,Unterfranken,Reha-Einrichtung,,freigemeinnuetzig,100,,Sonstige Fachabteilung,ok,"RHV 2024 (Verzeichnis der Vorsorge- oder Rehabilitationseinrichtungen, Statistische Aemter des Bundes und der Laender, Stand 31.12.2024)",https://www.weckbecker.de,,
RH2954,Reha-Zentrum Bad Kissingen Klinik Rhön der Deutschen Rentenversicherung Bund,Bad Kissingen,Deutsche Rentenversicherung Bund,Bad Kissingen,Unterfranken,Reha-Einrichtung,,oeffentlich,160,,Psychosomatik/Psychotherapie,ok,"RHV 2024 (Verzeichnis der Vorsorge- oder Rehabilitationseinrichtungen, Statistische Aemter des Bundes und der Laender, Stand 31.12.2024)",https://www.reha-klinik-rhoen.de,,
RH1901,Reha-Zentrum Bad Kissingen Klinik Saale der Deutschen Rentenversicherung Bund,Bad Kissingen,Deutsche Rentenversicherung Bund,Bad Kissingen,Unterfranken,Reha-Einrichtung,,oeffentlich,190,,"Innere Medizin, Psychosomatik/Psychotherapie",ok,"RHV 2024 (Verzeichnis der Vorsorge- oder Rehabilitationseinrichtungen, Statistische Aemter des Bundes und der Laender, Stand 31.12.2024)",https://www.reha-klinik-saale.de,,
RH1070,Marbachtalklinik Bad Kissingen,Bad Kissingen,Deutsche Rentenversicherung Oldenburg-Bremen,Bad Kissingen,Unterfranken,Reha-Einrichtung,,oeffentlich,158,,Psychosomatik/Psychotherapie,ok,"RHV 2024 (Verzeichnis der Vorsorge- oder Rehabilitationseinrichtungen, Statistische Aemter des Bundes und der Laender, Stand 31.12.2024)",https://www.marbachtalklinik.de,,
RH2467,Rehaklinik Am Kurpark,Bad Kissingen,Reha Zentren der Deutschen Rentenversicherung Baden Württemberg gGmbH,Bad Kissingen,Unterfranken,Reha-Einrichtung,,oeffentlich,183,,"Hämatologie und internistische Onkologie, Orthopädie",ok,"RHV 2024 (Verzeichnis der Vorsorge- oder Rehabilitationseinrichtungen, Statistische Aemter des Bundes und der Laender, Stand 31.12.2024)",https://www.rehaklinik-am-kurpark.de,,
RH1775,Frankenklinik Deutsche Rentenversicherung Nordbayern,Bad Kissingen,Deutsche Rentenversicherung Nordbayern,Bad Kissingen,Unterfranken,Reha-Einrichtung,,oeffentlich,145,,"Kardiologie, Orthopädie",ok,"RHV 2024 (Verzeichnis der Vorsorge- oder Rehabilitationseinrichtungen, Statistische Aemter des Bundes und der Laender, Stand 31.12.2024)",https://www.frankenklinik.de,,
RH2868,"Heiligenfeld Kliniken Rehabilitation für psychische und psychosomatische, orthopädische, internistische und onkologische Erkrankungen",Bad Kissingen,Heiligenfeld Kliniken GmbH,Bad Kissingen,Unterfranken,Reha-Einrichtung,,privat,260,,"Innere Medizin, Hämatologie und internistische Onkologie, Orthopädie, Psychosomatik/Psychotherapie",ok,"RHV 2024 (Verzeichnis der Vorsorge- oder Rehabilitationseinrichtungen, Statistische Aemter des Bundes und der Laender, Stand 31.12.2024)",https://www.heiligenfeld.de,,
RH1895,Deegenbergklinik für Innere Krankheiten AHB- und Reha-Klinik,Bad Kissingen,AHB- und Rehaklinik Familienkommanditgesellschaft Deeg GmbH & Co.,Bad Kissingen,Unterfranken,Reha-Einrichtung,,privat,212,,"Kardiologie, Orthopädie",ok,"RHV 2024 (Verzeichnis der Vorsorge- oder Rehabilitationseinrichtungen, Statistische Aemter des Bundes und der Laender, Stand 31.12.2024)",https://www.deegenberg.de,,
RH1996,Klinik Bavaria,Bad Kissingen,Klinik Bavaria GmbH & Co. KG,Bad Kissingen,Unterfranken,Reha-Einrichtung,,privat,300,,"Geriatrie, Orthopädie, Neurologie",ok,"RHV 2024 (Verzeichnis der Vorsorge- oder Rehabilitationseinrichtungen, Statistische Aemter des Bundes und der Laender, Stand 31.12.2024)",https://www.klinik-bavaria.com,,
RH2739,Sanatorium Uibeleisen GmbH & Co. KG,Bad Kissingen,Sanatorium Uibeleisen GmbH & Co. KG,Bad Kissingen,Unterfranken,Reha-Einrichtung,,privat,46,,Innere Medizin,ok,"RHV 2024 (Verzeichnis der Vorsorge- oder Rehabilitationseinrichtungen, Statistische Aemter des Bundes und der Laender, Stand 31.12.2024)",https://www.uibeleisen.com,,
RH2833,Sanatorium Werlich-Barié,Bad Kissingen,Hotel und Sanatorium Werlich Barié KG,Bad Kissingen,Unterfranken,Reha-Einrichtung,,privat,14,,Sonstige Fachabteilung,ok,"RHV 2024 (Verzeichnis der Vorsorge- oder Rehabilitationseinrichtungen, Statistische Aemter des Bundes und der Laender, Stand 31.12.2024)",https://www.westpark-hotel.de,,
RH1672,Prävention und Rehabilitation Heilbad Krumbad,Krumbach,Heilbad Krumbad GmbH,Günzburg,Schwaben,Reha-Einrichtung,,privat,60,,Orthopädie,ok,"RHV 2024 (Verzeichnis der Vorsorge- oder Rehabilitationseinrichtungen, Statistische Aemter des Bundes und der Laender, Stand 31.12.2024)",https://www.krumbad.de,,
RH1627,AWO-Fachklinik Schönau,Grünenbach,Arbeiterwohlfahrt Bezirksverband Schwaben e.V.,Lindau (Bodensee),Schwaben,Reha-Einrichtung,,freigemeinnuetzig,33,,Entwöhnungsbehandlungen,ok,"RHV 2024 (Verzeichnis der Vorsorge- oder Rehabilitationseinrichtungen, Statistische Aemter des Bundes und der Laender, Stand 31.12.2024)",https://www.fachklinik-schoenau.de,,
RH2069,Klinik Lindenberg-Ried Fachklinik für Psychosomatik und Orthopädie,Lindenberg,Deutsche Rentenversicherung Schwaben,Lindau (Bodensee),Schwaben,Reha-Einrichtung,,oeffentlich,145,,"Orthopädie, Psychosomatik/Psychotherapie",ok,"RHV 2024 (Verzeichnis der Vorsorge- oder Rehabilitationseinrichtungen, Statistische Aemter des Bundes und der Laender, Stand 31.12.2024)",https://www.klinik-lindenberg-ried.de,,
RH2661,Fachklinik Prinzregent Luitpold,Scheidegg,Katholische Jugendfürsorge der Diözese Augsburg e.V.,Lindau (Bodensee),Schwaben,Reha-Einrichtung,,freigemeinnuetzig,235,,Pädiatrie,ok,"RHV 2024 (Verzeichnis der Vorsorge- oder Rehabilitationseinrichtungen, Statistische Aemter des Bundes und der Laender, Stand 31.12.2024)",https://www.klinikprinzregentluitpold.de,,
RH1530,Paracelsus Klinik Scheidegg,Scheidegg,Paracelsus-Kliniken Deutschland GmbH & Co. KGaA,Lindau (Bodensee),Schwaben,Reha-Einrichtung,,privat,212,,Hämatologie und internistische Onkologie,ok,"RHV 2024 (Verzeichnis der Vorsorge- oder Rehabilitationseinrichtungen, Statistische Aemter des Bundes und der Laender, Stand 31.12.2024)",https://www.paracelsus-kliniken.de/scheidegg,,
RH2399,Hochgebirgsklinik für Physikalische Medizin und Rehabilitation für Kinder und Jugendliche,Oy-Mittelberg,Alois Wagner-Stiftung Mittelberg,Oberallgäu,Schwaben,Reha-Einrichtung,,freigemeinnuetzig,150,,"Pädiatrie, Psychosomatik/Psychotherapie",ok,"RHV 2024 (Verzeichnis der Vorsorge- oder Rehabilitationseinrichtungen, Statistische Aemter des Bundes und der Laender, Stand 31.12.2024)",https://www.hochgebirgs-klinik.de,,
RH2376,Alpenklinik Santa Maria für Kinder und Jugendliche Oberjoch,Bad Hindelang,Katholische Jugendfürsorge der Diözese Augsburg e.V.,Oberallgäu,Schwaben,Reha-Einrichtung,,freigemeinnuetzig,180,,Pädiatrie,ok,"RHV 2024 (Verzeichnis der Vorsorge- oder Rehabilitationseinrichtungen, Statistische Aemter des Bundes und der Laender, Stand 31.12.2024)",https://www.santa-maria.de,,
RH2243,Fachklinik für Orthopädie und Rheumatologie,Oberstdorf,Deutsche Rentenversicherung Schwaben,Oberallgäu,Schwaben,Reha-Einrichtung,,oeffentlich,165,,Orthopädie,ok,"RHV 2024 (Verzeichnis der Vorsorge- oder Rehabilitationseinrichtungen, Statistische Aemter des Bundes und der Laender, Stand 31.12.2024)",https://www.fachklinik-oberstdorf.de,,
RH2643,Kurklinik Allgäuer Bergbad,Oberstdorf,Karl Wessel Kurklinik Allgäuer Bergbad GmbH & Co. KG,Oberallgäu,Schwaben,Reha-Einrichtung,,privat,79,,Sonstige Fachabteilung,ok,"RHV 2024 (Verzeichnis der Vorsorge- oder Rehabilitationseinrichtungen, Statistische Aemter des Bundes und der Laender, Stand 31.12.2024)",https://www.allgaeuer-bergbad.de,,
RH1835,Karl-Arnold Schüle KG,Oberstdorf,Karl-Arnold Schüle KG,Oberallgäu,Schwaben,Reha-Einrichtung,,privat,30,,Innere Medizin,ok,"RHV 2024 (Verzeichnis der Vorsorge- oder Rehabilitationseinrichtungen, Statistische Aemter des Bundes und der Laender, Stand 31.12.2024)",https://www.schueles.com,,
RH2986,Rehaklinik Buching Psychosomatische Fachklinik,Halblech,Kur+Reha GmbH des Paritätischen Wohlfahrtsverbandes Landesverband Baden-Württemberg,Ostallgäu,Schwaben,Reha-Einrichtung,,freigemeinnuetzig,116,,Psychosomatik/Psychotherapie,ok,"RHV 2024 (Verzeichnis der Vorsorge- oder Rehabilitationseinrichtungen, Statistische Aemter des Bundes und der Laender, Stand 31.12.2024)",,,
RH2567,Kurklinik Schwangau,Schwangau,Josef und Luise Helmer GmbH & Co. KG,Ostallgäu,Schwaben,Reha-Einrichtung,,privat,30,,"Innere Medizin, Orthopädie",ok,"RHV 2024 (Verzeichnis der Vorsorge- oder Rehabilitationseinrichtungen, Statistische Aemter des Bundes und der Laender, Stand 31.12.2024)",https://www.kurklinik-schwangau.de,,
RH1330,Klinik Bad Wörishofen Fachklinik für Herzkreislauf-Erkrankungen und Orthopädie,Bad Wörishofen,Deutsche Rentenversicherung Schwaben,Unterallgäu,Schwaben,Reha-Einrichtung,,oeffentlich,170,,"Kardiologie, Orthopädie",ok,"RHV 2024 (Verzeichnis der Vorsorge- oder Rehabilitationseinrichtungen, Statistische Aemter des Bundes und der Laender, Stand 31.12.2024)",https://www.klinik-badwoerishofen.de,,
RH1900,Angerer Schmidtchen Kneipp Sanatorium Bad Clevers Klinik f. Naturheilverfahren e.K.,Bad Grönenbach,Angerer Schmidtchen Kneipp Sanatorium Bad Clevers Klinik f. Naturheilverfahren e.K.,Unterallgäu,Schwaben,Reha-Einrichtung,,privat,60,,Keine Zuordnung zu spezifischem Fachgebiet,ok,"RHV 2024 (Verzeichnis der Vorsorge- oder Rehabilitationseinrichtungen, Statistische Aemter des Bundes und der Laender, Stand 31.12.2024)",https://www.badclevers.de,,
RH1501,Waldburg-Zeil Kliniken GmbH Klinik Niederbayern I,Bad Füssing,Waldburg-Zeil Kliniken GmbH & Co. Bad Füssing KG,Passau,Niederbayern,Reha-Einrichtung,,privat,220,,Orthopädie,ok,"RHV 2024 (Verzeichnis der Vorsorge- oder Rehabilitationseinrichtungen, Statistische Aemter des Bundes und der Laender, Stand 31.12.2024)",https://www.klinik-niederbayern.de,,
RH2655,MEDIAN Buchberg Klinik,Bad Tölz,MEDIAN Buchberg Klinik GmbH & Co. KG,Bad Tölz-Wolfratshausen,Oberbayern,Reha-Einrichtung,,privat,301,,"Kardiologie, Orthopädie, Neurologie",ok,"RHV 2024 (Verzeichnis der Vorsorge- oder Rehabilitationseinrichtungen, Statistische Aemter des Bundes und der Laender, Stand 31.12.2024)",https://www.median-kliniken.de/de/median-buchberg-klinik-bad-toelz/,,
RH1742,Fachklinik Schlehreut gGmbH,Wegscheid,Fachklinik Schlehreut Rehabilitationseinrichtung für suchtkranke Frauen und deren Kinder gGmbH,Passau,Niederbayern,Reha-Einrichtung,,freigemeinnuetzig,42,,Entwöhnungsbehandlungen,ok,"RHV 2024 (Verzeichnis der Vorsorge- oder Rehabilitationseinrichtungen, Statistische Aemter des Bundes und der Laender, Stand 31.12.2024)",https://www.fachklinik-schlehreut.de,,
RH1828,Sanatorium Am Birkenhang,Fischen,Hotel Sonnenbichl GmbH & Co. KG,Oberallgäu,Schwaben,Reha-Einrichtung,,privat,18,,Sonstige Fachabteilung,ok,"RHV 2024 (Verzeichnis der Vorsorge- oder Rehabilitationseinrichtungen, Statistische Aemter des Bundes und der Laender, Stand 31.12.2024)",https://www.hotel-sonnenbichl.com,,
RH2766,Deutsche Rentenversicherung Ohlstadtklinik,Ohlstadt,Deutsche Rentenversicherung Nordbayern,Garmisch-Partenkirchen,Oberbayern,Reha-Einrichtung,,oeffentlich,152,,Orthopädie,ok,"RHV 2024 (Verzeichnis der Vorsorge- oder Rehabilitationseinrichtungen, Statistische Aemter des Bundes und der Laender, Stand 31.12.2024)",https://www.ohlstadtklinik.de,,
RH2192,Kurklinik Eggensberger OHG Physio- & amb. Therapiezentrum Hopfen am See,Füssen-Hopfen am See,EGGENSBERGER OHG,Ostallgäu,Schwaben,Reha-Einrichtung,,privat,60,,Orthopädie,ok,"RHV 2024 (Verzeichnis der Vorsorge- oder Rehabilitationseinrichtungen, Statistische Aemter des Bundes und der Laender, Stand 31.12.2024)",https://www.reha-hopfen.de,,
RH1728,AWO-Fachklinik Legau,Legau,Arbeiterwohlfahrt Bezirksverband Schwaben e.V.,Unterallgäu,Schwaben,Reha-Einrichtung,,freigemeinnuetzig,30,,Entwöhnungsbehandlungen,ok,"RHV 2024 (Verzeichnis der Vorsorge- oder Rehabilitationseinrichtungen, Statistische Aemter des Bundes und der Laender, Stand 31.12.2024)",https://www.fachklinik-legau.de,,
RH2908,Hephata Fachklinik Weibersbrunn,Weibersbrunn,Hephata Hessisches Diakoniezentrum e.V.,Aschaffenburg,Unterfranken,Reha-Einrichtung,,freigemeinnuetzig,60,,Entwöhnungsbehandlungen,ok,"RHV 2024 (Verzeichnis der Vorsorge- oder Rehabilitationseinrichtungen, Statistische Aemter des Bundes und der Laender, Stand 31.12.2024)",https://www.fachklinik-weibersbrunn.de,,
RH1503,Medical Park Loipl GmbH & Co. KG,Bischofswiesen,Medical Park Loipl GmbH & Co. KG,Berchtesgadener Land,Oberbayern,Reha-Einrichtung,,privat,151,,Neurologie,ok,"RHV 2024 (Verzeichnis der Vorsorge- oder Rehabilitationseinrichtungen, Statistische Aemter des Bundes und der Laender, Stand 31.12.2024)",https://www.loipl.medicalpark.de,,
RH2099,KWA Klinik Stift Rottal Klinik für neurologische und geriatrische Rehabilitation,Bad Griesbach-Zentrum,KWA Kuratorium Wohnen im Alter gAG,Passau,Niederbayern,Reha-Einrichtung,,freigemeinnuetzig,150,,"Geriatrie, Urologie, Neurologie",ok,"RHV 2024 (Verzeichnis der Vorsorge- oder Rehabilitationseinrichtungen, Statistische Aemter des Bundes und der Laender, Stand 31.12.2024)",https://www.kwa-rehaklinik.de,,
RH2025,Johannesbad Klinik Furth im Wald GmbH & Co. KG Therapiez. f. Abhängigkeitserkr. und Psychosom.,Furth im Wald,Johannesbad Klinik Fachklinik Furth im Wald GmbH & Co. KG,Cham,Oberpfalz,Reha-Einrichtung,,privat,200,,Entwöhnungsbehandlungen,ok,"RHV 2024 (Verzeichnis der Vorsorge- oder Rehabilitationseinrichtungen, Statistische Aemter des Bundes und der Laender, Stand 31.12.2024)",https://www.johannesbad-medizin.com,,
RH2374,Medical Park Chiemsee GmbH & Co. KG,Bernau a. Chiemsee,Medical Park Chiemsee GmbH & Co. KG,Rosenheim,Oberbayern,Reha-Einrichtung,,privat,245,,Orthopädie,ok,"RHV 2024 (Verzeichnis der Vorsorge- oder Rehabilitationseinrichtungen, Statistische Aemter des Bundes und der Laender, Stand 31.12.2024)",https://www.chiemsee.medicalpark.de,,
RH1785,Kurhotel Mürz GmbH & Co. KG,Bad Füssing,Kurhotel Mürz GmbH & Co. KG,Passau,Niederbayern,Reha-Einrichtung,,privat,45,,Sonstige Fachabteilung,ok,"RHV 2024 (Verzeichnis der Vorsorge- oder Rehabilitationseinrichtungen, Statistische Aemter des Bundes und der Laender, Stand 31.12.2024)",https://www.muerz.de,,
RH2129,"Saaletalklinik, Klinik Neumühle, Adaption",Bad Neustadt a. d. Saale,Haus Saaletal GmbH,Rhön-Grabfeld,Unterfranken,Reha-Einrichtung,,privat,242,,Entwöhnungsbehandlungen,ok,"RHV 2024 (Verzeichnis der Vorsorge- oder Rehabilitationseinrichtungen, Statistische Aemter des Bundes und der Laender, Stand 31.12.2024)",https://saaletal.campus-nes.de,,
RH2648,VAMED Rehaklinik Bad Grönenbach,Bad Grönenbach,VAMED Rehaklinik Bad Grönenbach GmbH,Unterallgäu,Schwaben,Reha-Einrichtung,,privat,277,,"Kardiologie, Orthopädie, Hals-, Nasen-, Ohrenheilkunde, Psychosomatik/Psychotherapie",ok,"RHV 2024 (Verzeichnis der Vorsorge- oder Rehabilitationseinrichtungen, Statistische Aemter des Bundes und der Laender, Stand 31.12.2024)",https://www.vamed-gesundheit.de,,
RH1854,Fachklinik Hirtenstein,Bolsterlang,Deutscher Orden Deutsche Provinz der Brüder vom Deutschen Haus St. Mariens in Jerusalem KdöR,Oberallgäu,Schwaben,Reha-Einrichtung,,freigemeinnuetzig,74,,Entwöhnungsbehandlungen,ok,"RHV 2024 (Verzeichnis der Vorsorge- oder Rehabilitationseinrichtungen, Statistische Aemter des Bundes und der Laender, Stand 31.12.2024)",https://www.suchthilfe-allgaeu.de,,
RH2617,Medical Park Bad Feilnbach Betriebs GmbH & Co. KG Reithofpark,Bad Feilnbach,Reithofpark-Klinik GmbH & Co. KG,Rosenheim,Oberbayern,Reha-Einrichtung,,privat,248,,"Orthopädie, Neurologie",ok,"RHV 2024 (Verzeichnis der Vorsorge- oder Rehabilitationseinrichtungen, Statistische Aemter des Bundes und der Laender, Stand 31.12.2024)",https://www.reithofpark.medicalpark.de,,
RH2095,Kurhotel Josef Holzapfel GmbH „Zum Thermalbad“,Bad Füssing,Kurhotel Josef Holzapfel GmbH „Zum Thermalbad“,Passau,Niederbayern,Reha-Einrichtung,,privat,80,,Sonstige Fachabteilung,ok,"RHV 2024 (Verzeichnis der Vorsorge- oder Rehabilitationseinrichtungen, Statistische Aemter des Bundes und der Laender, Stand 31.12.2024)",https://www.hotel-holzapfel.de,,
RH1448,Klinik Hohes Licht gemeinnützige GmbH Prävention und Rehabilitation für Frauen,Oberstdorf,Klinik Hohes Licht gemeinnützige GmbH im FrauenWerk Stein,Oberallgäu,Schwaben,Reha-Einrichtung,,freigemeinnuetzig,51,,Sonstige Fachabteilung,ok,"RHV 2024 (Verzeichnis der Vorsorge- oder Rehabilitationseinrichtungen, Statistische Aemter des Bundes und der Laender, Stand 31.12.2024)",https://www.klinik-hoheslicht-oberstdorf.de,,
RH1887,Oberberg Fachklinik Scheidegg im Allgäu,Scheidegg,Oberberg Klinik Scheidegg GmbH,Lindau (Bodensee),Schwaben,Reha-Einrichtung,,privat,55,,Psychosomatik/Psychotherapie,ok,"RHV 2024 (Verzeichnis der Vorsorge- oder Rehabilitationseinrichtungen, Statistische Aemter des Bundes und der Laender, Stand 31.12.2024)",https://www.oberbergkliniken.de,,
RH1970,PARITÄTISCHE Haus am Kurpark gGmbH,Bad Königshofen,PARITÄTISCHE Haus am Kurpark gGmbH,Rhön-Grabfeld,Unterfranken,Reha-Einrichtung,,freigemeinnuetzig,100,,Sonstige Fachabteilung,ok,"RHV 2024 (Verzeichnis der Vorsorge- oder Rehabilitationseinrichtungen, Statistische Aemter des Bundes und der Laender, Stand 31.12.2024)",https://www.hausamkurpark.de,,
RH2991,Kursanatorium Landhaus König GmbH,Grünenbach,Kursanatorium Landhaus König GmbH,Lindau (Bodensee),Schwaben,Reha-Einrichtung,,privat,32,,Keine Zuordnung zu spezifischem Fachgebiet,ok,"RHV 2024 (Verzeichnis der Vorsorge- oder Rehabilitationseinrichtungen, Statistische Aemter des Bundes und der Laender, Stand 31.12.2024)",https://www.mayr-kur.de,,
RH1334,Kurhaus Ihlingshof Oberreute/Allgäu,Oberreute/Allgäu,Reinhold Schwärzler,Lindau (Bodensee),Schwaben,Reha-Einrichtung,,privat,3,,Sonstige Fachabteilung,ok,"RHV 2024 (Verzeichnis der Vorsorge- oder Rehabilitationseinrichtungen, Statistische Aemter des Bundes und der Laender, Stand 31.12.2024)",https://www.ihlingshof.com,,
RH2980,m&i-Fachklinik Bad Heilbrunn Medizinische Rehabilitation,Bad Heilbrunn,m&i-Klinikbetriebsgesellschaft GmbH,Bad Tölz-Wolfratshausen,Oberbayern,Reha-Einrichtung,,privat,360,,"Kardiologie, Nephrologie, Orthopädie, Neurologie",ok,"RHV 2024 (Verzeichnis der Vorsorge- oder Rehabilitationseinrichtungen, Statistische Aemter des Bundes und der Laender, Stand 31.12.2024)",https://www.fachklinik-bad-heilbrunn.de,,
RH2079,Asklepios Klinik Schaufling GmbH,Schaufling,Asklepios Klinik Schaufling GmbH,Deggendorf,Niederbayern,Reha-Einrichtung,,privat,350,,"Kardiologie, Orthopädie, Neurologie",ok,"RHV 2024 (Verzeichnis der Vorsorge- oder Rehabilitationseinrichtungen, Statistische Aemter des Bundes und der Laender, Stand 31.12.2024)",https://www.asklepios.com/schaufling,,
RH2733,Passauer Wolf Bad Gögging GmbH & Co. KG - Rehabilitation,Neustadt a. d. Donau,Passauer Wolf Bad Gögging GmbH & Co. KG,Kelheim,Niederbayern,Reha-Einrichtung,,privat,477,,"Geriatrie, Orthopädie, Hals-, Nasen-, Ohrenheilkunde, Neurologie",ok,"RHV 2024 (Verzeichnis der Vorsorge- oder Rehabilitationseinrichtungen, Statistische Aemter des Bundes und der Laender, Stand 31.12.2024)",https://www.reha-zentrum-bad-goegging.de,,
RH1270,Kurhotel SONNENHOF GmbH & Co. Betriebs KG,Bad Füssing,Kurhotel SONNENHOF GmbH & Co. Betriebs KG,Passau,Niederbayern,Reha-Einrichtung,,privat,10,,Keine Zuordnung zu spezifischem Fachgebiet,ok,"RHV 2024 (Verzeichnis der Vorsorge- oder Rehabilitationseinrichtungen, Statistische Aemter des Bundes und der Laender, Stand 31.12.2024)",https://www.thermenhotel-sonnenhof.de,,
RH1206,Kurhotel Wiedemann KG,Füssen,Kurhotel Wiedemann KG,Ostallgäu,Schwaben,Reha-Einrichtung,,privat,30,,Med. berufliche Rehabilitation,ok,"RHV 2024 (Verzeichnis der Vorsorge- oder Rehabilitationseinrichtungen, Statistische Aemter des Bundes und der Laender, Stand 31.12.2024)",,,
RH1435,Medical Park Bad Wiessee GmbH & Co. KG St. Hubertus,Bad Wiessee,Medical Park Bad Wiessee GmbH & Co. KG,Miesbach,Oberbayern,Reha-Einrichtung,,privat,432,,"Kardiologie, Orthopädie",ok,"RHV 2024 (Verzeichnis der Vorsorge- oder Rehabilitationseinrichtungen, Statistische Aemter des Bundes und der Laender, Stand 31.12.2024)",https://www.sthubertus.medicalpark.de,,
RH2547,"MediClin Reha-Zentrum Roter Hügel Fachklinik für Neurologie, Orthopädie und Geriatrie",Bayreuth,MediClin GmbH & Co. KG,Bayreuth,Oberfranken,Reha-Einrichtung,,privat,284,,"Geriatrie, Orthopädie, Neurologie",ok,"RHV 2024 (Verzeichnis der Vorsorge- oder Rehabilitationseinrichtungen, Statistische Aemter des Bundes und der Laender, Stand 31.12.2024)",https://www.reha-zentrum-roter-huegel.de,,
RH2000,Klinik Wartenberg Professor Dr. Selmair GmbH und Co. KG,Wartenberg,Klinik Wartenberg Professor Dr. Selmair GmbH und Co. KG,Erding,Oberbayern,Reha-Einrichtung,,privat,149,,"Geriatrie, Sonstige Fachabteilung",ok,"RHV 2024 (Verzeichnis der Vorsorge- oder Rehabilitationseinrichtungen, Statistische Aemter des Bundes und der Laender, Stand 31.12.2024)",https://www.klinik-wartenberg.de,,
RH1600,Waldburg-Zeil Kliniken GmbH & Co. Rheumaklinik KG – Rehabilitation,Oberammergau,Waldburg-Zeil Kliniken GmbH & Co. Rheuma-Klinik KG,Garmisch-Partenkirchen,Oberbayern,Reha-Einrichtung,,privat,205,,"Geriatrie, Rheumatologie, Orthopädie",ok,"RHV 2024 (Verzeichnis der Vorsorge- oder Rehabilitationseinrichtungen, Statistische Aemter des Bundes und der Laender, Stand 31.12.2024)",https://www.klinik-oberammergau.de,,
RH1386,Simssee Klinik GmbH,Bad Endorf,Simssee Klinik GmbH,Rosenheim,Oberbayern,Reha-Einrichtung,,privat,248,,"Geriatrie, Orthopädie",ok,"RHV 2024 (Verzeichnis der Vorsorge- oder Rehabilitationseinrichtungen, Statistische Aemter des Bundes und der Laender, Stand 31.12.2024)",https://www.simssee-klinik.de,,
RH2091,Klinik St. Irmingard GmbH – Rehabilitation,Prien am Chiemsee,Klinik St. Irmingard GmbH,Rosenheim,Oberbayern,Reha-Einrichtung,,privat,160,,"Kardiologie, Hämatologie und internistische Onkologie",ok,"RHV 2024 (Verzeichnis der Vorsorge- oder Rehabilitationseinrichtungen, Statistische Aemter des Bundes und der Laender, Stand 31.12.2024)",https://www.st-irmingard.de,,
RH2143,Bezirksklinikum Mainkofen neurologische Frührehabilitation,Deggendorf,Bezirk Niederbayern,Deggendorf,Niederbayern,Reha-Einrichtung,,oeffentlich,13,,Allgemeine Psychiatrie,ok,"RHV 2024 (Verzeichnis der Vorsorge- oder Rehabilitationseinrichtungen, Statistische Aemter des Bundes und der Laender, Stand 31.12.2024)",https://www.mainkofen.de,,
RH2772,Asklepios Klinikum Bad Abbach Orthopädische und Rheumatologische Rehabilitation,Bad Abbach,Asklepios Klinikum Bad Abbach GmbH,Kelheim,Niederbayern,Reha-Einrichtung,,privat,268,,"Rheumatologie, Orthopädie",ok,"RHV 2024 (Verzeichnis der Vorsorge- oder Rehabilitationseinrichtungen, Statistische Aemter des Bundes und der Laender, Stand 31.12.2024)",https://www.asklepios.com/badabbach,,
RH1564,Johannesbad Reha-Klinik Bad Füssing,Bad Füssing,Johannesbad Reha-Kliniken AG & Co. KG,Passau,Niederbayern,Reha-Einrichtung,,privat,485,,"Orthopädie, Psychosomatik/Psychotherapie",ok,"RHV 2024 (Verzeichnis der Vorsorge- oder Rehabilitationseinrichtungen, Statistische Aemter des Bundes und der Laender, Stand 31.12.2024)",https://www.johannesbad.com,,
RH1791,Klinik Herzoghöhe Bayreuth Rehabilitation,Bayreuth,Deutsche Rentenversicherung Nordbayern,Bayreuth,Oberfranken,Reha-Einrichtung,,oeffentlich,210,,"Hämatologie und internistische Onkologie, Orthopädie",ok,"RHV 2024 (Verzeichnis der Vorsorge- oder Rehabilitationseinrichtungen, Statistische Aemter des Bundes und der Laender, Stand 31.12.2024)",https://www.klinik-herzoghoehe.de,,
RH1741,Bezirksklinik Hochstadt Rehabilitation,Hochstadt am Main,Kommunalunternehmen Gesundheitseinrichtungen des Bezirks Oberfranken AöR,Lichtenfels,Oberfranken,Reha-Einrichtung,,oeffentlich,85,,Entwöhnungsbehandlungen,ok,"RHV 2024 (Verzeichnis der Vorsorge- oder Rehabilitationseinrichtungen, Statistische Aemter des Bundes und der Laender, Stand 31.12.2024)",https://www.gebo-med.de,,
RH2318,Rangauklinik Ansbach GmbH Rehabilitationsklinik für Pneumologie und Onkologie,Ansbach,Diakoneo Rangauklinik Ansbach GmbH,Ansbach,Mittelfranken,Reha-Einrichtung,,freigemeinnuetzig,74,,Lungen- und Bronchialheilkunde,ok,"RHV 2024 (Verzeichnis der Vorsorge- oder Rehabilitationseinrichtungen, Statistische Aemter des Bundes und der Laender, Stand 31.12.2024)",https://www.rangauklinik.de,,
RH1522,Thoraxzentrum Bezirk Unterfranken Rehabilitation,Münnerstadt,Bezirk Unterfranken,Bad Kissingen,Unterfranken,Reha-Einrichtung,,oeffentlich,20,,Lungen- und Bronchialheilkunde,ok,"RHV 2024 (Verzeichnis der Vorsorge- oder Rehabilitationseinrichtungen, Statistische Aemter des Bundes und der Laender, Stand 31.12.2024)",https://www.tzbu.de,,
RH1585,Orthopädische Rehabilitationsklinik der Hessing Stiftung,Augsburg,Hofrat Friedrich Hessing’sche orthopädische Heilanstalt in Göggingen-Augsburg,Augsburg,Schwaben,Reha-Einrichtung,,freigemeinnuetzig,60,,Orthopädie,ok,"RHV 2024 (Verzeichnis der Vorsorge- oder Rehabilitationseinrichtungen, Statistische Aemter des Bundes und der Laender, Stand 31.12.2024)",https://www.hessing-kliniken.de,,
RH1255,m&i-Fachklinik Enzensberg Hopfen am See Medizinische Rehabilitation,Füssen,m&i-Klinikbetriebsgesellschaft GmbH,Ostallgäu,Schwaben,Reha-Einrichtung,,privat,322,,"Geriatrie, Orthopädie, Neurologie, Psychosomatik/Psychotherapie",ok,"RHV 2024 (Verzeichnis der Vorsorge- oder Rehabilitationseinrichtungen, Statistische Aemter des Bundes und der Laender, Stand 31.12.2024)",https://www.fachklinik-enzensberg.de,,
RH2314,Rehaklinik St. Vinzenz Pfronten im Allgäu GmbH,Pfronten,Rehaklinik St. Vinzenz Pfronten im Allgäu GmbH,Ostallgäu,Schwaben,Reha-Einrichtung,,privat,60,,"Geriatrie, Sonstige Fachabteilung",ok,"RHV 2024 (Verzeichnis der Vorsorge- oder Rehabilitationseinrichtungen, Statistische Aemter des Bundes und der Laender, Stand 31.12.2024)",,,
RH1087,Sanatorium 'Residenz im Kurpark',Bad Bayersoien,PH Hotelbetriebsgesellschaft mbH,Garmisch-Partenkirchen,Oberbayern,Reha-Einrichtung,,privat,53,,Orthopädie,ok,"RHV 2024 (Verzeichnis der Vorsorge- oder Rehabilitationseinrichtungen, Statistische Aemter des Bundes und der Laender, Stand 31.12.2024)",,,
RH2593,Silberberg Klinik Bodenmais GmbH,Bodenmais,Silberberg Klinik Bodenmais GmbH,Regen,Niederbayern,Reha-Einrichtung,,privat,150,,"Innere Medizin, Pneumologie, Psychosomatik/Psychotherapie",ok,"RHV 2024 (Verzeichnis der Vorsorge- oder Rehabilitationseinrichtungen, Statistische Aemter des Bundes und der Laender, Stand 31.12.2024)",https://www.silberberg-klinik.de,,
RH2272,Bezirksklinikum Ansbach Rehabilitation für Suchtkranke,Ansbach,Bezirkskliniken Mittelfranken,Ansbach,Mittelfranken,Reha-Einrichtung,,oeffentlich,20,,Entwöhnungsbehandlungen,ok,"RHV 2024 (Verzeichnis der Vorsorge- oder Rehabilitationseinrichtungen, Statistische Aemter des Bundes und der Laender, Stand 31.12.2024)",https://www.bezirkskliniken-mfr.de,,
RH2511,Bezirksklinikum Wöllershof Rehabilitation Entwöhnungsbehandlung,Störnstein,Medizinische Einrichtungen des Bezirks Oberpfalz - KU (AöR),Neustadt a.d.Waldnaab,Oberpfalz,Reha-Einrichtung,,oeffentlich,32,,Allgemeine Psychiatrie,ok,"RHV 2024 (Verzeichnis der Vorsorge- oder Rehabilitationseinrichtungen, Statistische Aemter des Bundes und der Laender, Stand 31.12.2024)",https://www.medbo.de,,
RH1699,Lympho-Opt GmbH,Pommelsbrunn,Lympho-Opt GmbH,Nürnberger Land,Mittelfranken,Reha-Einrichtung,,privat,40,,Keine Zuordnung zu spezifischem Fachgebiet,ok,"RHV 2024 (Verzeichnis der Vorsorge- oder Rehabilitationseinrichtungen, Statistische Aemter des Bundes und der Laender, Stand 31.12.2024)",https://www.lympho-opt.de,,
RH1841,Klinik Bad Trissl GmbH Rehabilitation,Oberaudorf,Klinik Bad Trissl GmbH,Rosenheim,Oberbayern,Reha-Einrichtung,,privat,95,,Hämatologie und internistische Onkologie,ok,"RHV 2024 (Verzeichnis der Vorsorge- oder Rehabilitationseinrichtungen, Statistische Aemter des Bundes und der Laender, Stand 31.12.2024)",https://www.klinik-bad-trissl.de,,
RH1684,Therapiezentrum Burgau Rehabilitation,Burgau,Gemeinnützige Gesellschaft zur neurologischen Rehabilitation nach erworbenen cerebralen Schäden mbH,Günzburg,Schwaben,Reha-Einrichtung,,oeffentlich,25,,Neurologie,ok,"RHV 2024 (Verzeichnis der Vorsorge- oder Rehabilitationseinrichtungen, Statistische Aemter des Bundes und der Laender, Stand 31.12.2024)",https://www.therapiezentrum-burgau.de,,
RH1279,Bezirksklinikum Regensburg Klinik für neurologische Rehabilitation,Regensburg,Medizinische Einrichtungen des Bezirks Oberpfalz - KU (AöR),Regensburg,Oberpfalz,Reha-Einrichtung,,oeffentlich,33,,"Neurologie, Allgemeine Psychiatrie",ok,"RHV 2024 (Verzeichnis der Vorsorge- oder Rehabilitationseinrichtungen, Statistische Aemter des Bundes und der Laender, Stand 31.12.2024)",https://www.medbo.de,,
RH1802,Klinik Maximilian GmbH & Co. KG,Scheidegg,Klinik Maximilian GmbH & Co. KG,Lindau (Bodensee),Schwaben,Reha-Einrichtung,,privat,350,,Keine Zuordnung zu spezifischem Fachgebiet,ok,"RHV 2024 (Verzeichnis der Vorsorge- oder Rehabilitationseinrichtungen, Statistische Aemter des Bundes und der Laender, Stand 31.12.2024)",https://www.klinik-maximilian.de,,
RH2404,m&i-Klinikgesellschaft in Ichenhausen GmbH,Ichenhausen,m&i-Klinikgesellschaft in Ichenhausen GmbH,Günzburg,Schwaben,Reha-Einrichtung,,privat,280,,"Geriatrie, Orthopädie, Neurologie",ok,"RHV 2024 (Verzeichnis der Vorsorge- oder Rehabilitationseinrichtungen, Statistische Aemter des Bundes und der Laender, Stand 31.12.2024)",https://www.fachklinik-ichenhausen.de,,
RH1777,Rehabilitationszentrum Klinik Rosenhof GmbH & Co. Betriebs KG,Bad Birnbach,Rehabilitationszentrum Klinik Rosenhof GmbH & Co. Betriebs KG,Rottal-Inn,Niederbayern,Reha-Einrichtung,,privat,269,,Orthopädie,ok,"RHV 2024 (Verzeichnis der Vorsorge- oder Rehabilitationseinrichtungen, Statistische Aemter des Bundes und der Laender, Stand 31.12.2024)",https://www.klinik-rosenhof.eu,,
RH2891,Schön Klinik Bad Aibling SE & Co. KG – Rehabilitation,Bad Aibling,Schön Klinik Bad Aibling SE & Co. KG,Rosenheim,Oberbayern,Reha-Einrichtung,,privat,136,,Neurologie,ok,"RHV 2024 (Verzeichnis der Vorsorge- oder Rehabilitationseinrichtungen, Statistische Aemter des Bundes und der Laender, Stand 31.12.2024)",https://www.schoen-klinik.de/bad-aibling-harthausen,,
RH1171,Johannesbad Lechbruck Betriebs GmbH,Lechbruck am See,Johannesbad Lechbruck Betriebs GmbH,Ostallgäu,Schwaben,Reha-Einrichtung,,privat,191,,Sonstige Fachabteilung,ok,"RHV 2024 (Verzeichnis der Vorsorge- oder Rehabilitationseinrichtungen, Statistische Aemter des Bundes und der Laender, Stand 31.12.2024)",https://www.johannesbad-medizin.com,,
RH2748,Reha-Klinik Allgäu gGmbH,Sonthofen,Reha-Klinik Allgäu gGmbH,Oberallgäu,Schwaben,Reha-Einrichtung,,oeffentlich,114,,"Geriatrie, Orthopädie, Neurologie",ok,"RHV 2024 (Verzeichnis der Vorsorge- oder Rehabilitationseinrichtungen, Statistische Aemter des Bundes und der Laender, Stand 31.12.2024)",https://www.geriatrie-sonthofen.de,,
RH2747,Gesundheitszentrum Oberammergau GmbH,Oberammergau,Gesundheitszentrum Oberammergau GmbH,Garmisch-Partenkirchen,Oberbayern,Reha-Einrichtung,,privat,147,,"Kardiologie, Pneumologie, Orthopädie",ok,"RHV 2024 (Verzeichnis der Vorsorge- oder Rehabilitationseinrichtungen, Statistische Aemter des Bundes und der Laender, Stand 31.12.2024)",https://www.gesundheitszentrum-oberammergau.com,,
RH2386,Rehafachzentrum Bad Füssing – Passau,Bad Füssing,Deutsche Rentenversicherung Bayern Süd,Passau,Niederbayern,Reha-Einrichtung,,oeffentlich,370,,"Hämatologie und internistische Onkologie, Gastroenterologie, Orthopädie",ok,"RHV 2024 (Verzeichnis der Vorsorge- oder Rehabilitationseinrichtungen, Statistische Aemter des Bundes und der Laender, Stand 31.12.2024)",https://www.rehafachzentrum.de,,
RH1740,VAMED Klinik Kipfenberg GmbH – Rehabilitation,Kipfenberg,VAMED Klinik Kipfenberg GmbH,Eichstätt,Oberbayern,Reha-Einrichtung,,privat,86,,Neurologie,ok,"RHV 2024 (Verzeichnis der Vorsorge- oder Rehabilitationseinrichtungen, Statistische Aemter des Bundes und der Laender, Stand 31.12.2024)",https://www.vamed-gesundheit.de,,
RH1364,Schlossreha Rottenburg Fachklinik Geriatrische Reha u. Orthopädische Reha,Rottenburg,Landshuter Kommunalunternehmen für medizinische Versorgung AöR,Landshut,Niederbayern,Reha-Einrichtung,,oeffentlich,69,,"Geriatrie, Orthopädie",ok,"RHV 2024 (Verzeichnis der Vorsorge- oder Rehabilitationseinrichtungen, Statistische Aemter des Bundes und der Laender, Stand 31.12.2024)",https://www.lakumed.de,,
RH1590,Schön Klinik Vogtareuth SE & Co. KG – Rehabilitation,Vogtareuth,Schön Klinik Vogtareuth SE & Co. KG,Rosenheim,Oberbayern,Reha-Einrichtung,,privat,100,,"Pädiatrie, Orthopädie, Neurologie",ok,"RHV 2024 (Verzeichnis der Vorsorge- oder Rehabilitationseinrichtungen, Statistische Aemter des Bundes und der Laender, Stand 31.12.2024)",,,
RH2250,VAMED Rehaklinik Berching Fachklinik für geriatrische Rehabilitation,Berching,VAMED Rehaklinik Berching GmbH,Neumarkt i.d.OPf.,Oberpfalz,Reha-Einrichtung,,privat,77,,Geriatrie,ok,"RHV 2024 (Verzeichnis der Vorsorge- oder Rehabilitationseinrichtungen, Statistische Aemter des Bundes und der Laender, Stand 31.12.2024)",https://www.vamed-gesundheit.de,,
RH1833,Sanatorium Allgäuer Rosenalp,Oberstaufen,Allgäuer Rosenalp GmbH & Co. KG,Oberallgäu,Schwaben,Reha-Einrichtung,,privat,25,,Sonstige Fachabteilung,ok,"RHV 2024 (Verzeichnis der Vorsorge- oder Rehabilitationseinrichtungen, Statistische Aemter des Bundes und der Laender, Stand 31.12.2024)",https://www.rosenalp.de,,
RH2595,Kliniken Nordoberpfalz AG Steinwald-Klinik Erbendorf Fachklinik für geriatrische Rehab.,Erbendorf,Kliniken Nordoberpfalz AG,Tirschenreuth,Oberpfalz,Reha-Einrichtung,,oeffentlich,80,,Geriatrie,ok,"RHV 2024 (Verzeichnis der Vorsorge- oder Rehabilitationseinrichtungen, Statistische Aemter des Bundes und der Laender, Stand 31.12.2024)",https://www.kliniken-nordoberpfalz.ag,,
RH1534,Fachklinik König-Ludwig,Schwangau,Lingenfelder GmbH + Co. OHG,Ostallgäu,Schwaben,Reha-Einrichtung,,privat,179,,Orthopädie,ok,"RHV 2024 (Verzeichnis der Vorsorge- oder Rehabilitationseinrichtungen, Statistische Aemter des Bundes und der Laender, Stand 31.12.2024)",https://www.fachklinik-koenig-ludwig.de,,
RH2720,Klinikum am Europakanal Neurologische Rehabilitation,Erlangen,Bezirkskliniken Mittelfranken,Erlangen,Mittelfranken,Reha-Einrichtung,,oeffentlich,40,,Neurologie,ok,"RHV 2024 (Verzeichnis der Vorsorge- oder Rehabilitationseinrichtungen, Statistische Aemter des Bundes und der Laender, Stand 31.12.2024)",https://www.klinikum-am-europakanal.de,,
RH1981,Kliniken des Landkreises Neustadt a. d. Aisch-Bad Windsheim – Geriatrische Rehabilitation,Bad Windsheim,KU Kliniken des Landkreises Neustadt a.d.Aisch-Bad Windsheim AöR,Neustadt a.d.Aisch-Bad Windsheim,Mittelfranken,Reha-Einrichtung,,oeffentlich,28,,Geriatrie,ok,"RHV 2024 (Verzeichnis der Vorsorge- oder Rehabilitationseinrichtungen, Statistische Aemter des Bundes und der Laender, Stand 31.12.2024)",https://www.kliniken-nea.de,,
RH1111,Geriatrische Rehabilitationsklinik,Würzburg,Arbeiterwohlfahrt Bezirksverband Unterfranken e.V.,Würzburg,Unterfranken,Reha-Einrichtung,,freigemeinnuetzig,90,,"Geriatrie, Orthopädie",ok,"RHV 2024 (Verzeichnis der Vorsorge- oder Rehabilitationseinrichtungen, Statistische Aemter des Bundes und der Laender, Stand 31.12.2024)",https://www.geriatriewuerzburg.de,,
RH2920,Geriatrische Rehabilitation,Nürnberg,Martha-Maria Krankenhaus gemeinnützige GmbH,Nürnberg,Mittelfranken,Reha-Einrichtung,,freigemeinnuetzig,20,,Geriatrie,ok,"RHV 2024 (Verzeichnis der Vorsorge- oder Rehabilitationseinrichtungen, Statistische Aemter des Bundes und der Laender, Stand 31.12.2024)",https://www.martha-maria.de,,
RH2116,Schön Klinik Bad Staffelstein SE & Co. KG – Rehabilitation,Bad Staffelstein,Schön Klinik Bad Staffelstein SE & Co. KG,Lichtenfels,Oberfranken,Reha-Einrichtung,,privat,151,,"Orthopädie, Neurologie",ok,"RHV 2024 (Verzeichnis der Vorsorge- oder Rehabilitationseinrichtungen, Statistische Aemter des Bundes und der Laender, Stand 31.12.2024)",,,
RH2842,Helios Klinik Erlenbach Geriatrische Rehabilitation,Erlenbach am Main,Kliniken Miltenberg-Erlenbach GmbH,Miltenberg,Unterfranken,Reha-Einrichtung,,privat,32,,Geriatrie,ok,"RHV 2024 (Verzeichnis der Vorsorge- oder Rehabilitationseinrichtungen, Statistische Aemter des Bundes und der Laender, Stand 31.12.2024)",https://www.helios-kliniken.de,,
RH1630,St. Theresien-Krankenhaus Nürnberg Gemeinnützige GmbH,Nürnberg,St. Theresien Krankenhaus gGmbH,Nürnberg,Mittelfranken,Reha-Einrichtung,,freigemeinnuetzig,25,,Geriatrie,ok,"RHV 2024 (Verzeichnis der Vorsorge- oder Rehabilitationseinrichtungen, Statistische Aemter des Bundes und der Laender, Stand 31.12.2024)",https://www.theresien-krankenhaus.de,,
RH2496,Klinikum Fürth Geriatrische Rehabilitation,Fürth,Klinikum Fürth AdöR der Stadt Fürth,Fürth,Mittelfranken,Reha-Einrichtung,,oeffentlich,36,,Geriatrie,ok,"RHV 2024 (Verzeichnis der Vorsorge- oder Rehabilitationseinrichtungen, Statistische Aemter des Bundes und der Laender, Stand 31.12.2024)",https://www.klinikum-fuerth.de,,
RH1968,Schön Klinik Berchtesgadener Land SE & Co. KG – Rehabilitation,Schönau am Königssee,Schön Klinik Berchtesgadener Land SE & Co. KG,Berchtesgadener Land,Oberbayern,Reha-Einrichtung,,privat,112,,Innere Medizin,ok,"RHV 2024 (Verzeichnis der Vorsorge- oder Rehabilitationseinrichtungen, Statistische Aemter des Bundes und der Laender, Stand 31.12.2024)",https://www.schoen-klinik.de/berchtesgadener-land,,
RH1481,Benedictus Krankenhaus Feldafing GmbH & Co. KG,Feldafing,Benedictus Krankenhaus Feldafing GmbH & Co. KG,Starnberg,Oberbayern,Reha-Einrichtung,,privat,105,,"Geriatrie, Orthopädie, Neurologie",ok,"RHV 2024 (Verzeichnis der Vorsorge- oder Rehabilitationseinrichtungen, Statistische Aemter des Bundes und der Laender, Stand 31.12.2024)",https://www.klinik-feldafing.de,,
RH1104,Sanatorium Fontenay,Bad Wörishofen,Holzbock GmbH,Unterallgäu,Schwaben,Reha-Einrichtung,,privat,30,,Keine Zuordnung zu spezifischem Fachgebiet,ok,"RHV 2024 (Verzeichnis der Vorsorge- oder Rehabilitationseinrichtungen, Statistische Aemter des Bundes und der Laender, Stand 31.12.2024)",https://www.kurhotel-fontenay.de,,
RH2395,Klinik Alpenhof,Chieming,Klinik Alpenhof GmbH & Co. Betriebs KG,Traunstein,Oberbayern,Reha-Einrichtung,,privat,240,,Keine Zuordnung zu spezifischem Fachgebiet,ok,"RHV 2024 (Verzeichnis der Vorsorge- oder Rehabilitationseinrichtungen, Statistische Aemter des Bundes und der Laender, Stand 31.12.2024)",https://www.klinik-alpenhof.de,,
RH2408,Geriatrische Rehabilitation am Krankenhaus Schongau,Schongau,Krankenhaus GmbH Landkreis Weilheim-Schongau,Weilheim-Schongau,Oberbayern,Reha-Einrichtung,,oeffentlich,30,,Geriatrie,ok,"RHV 2024 (Verzeichnis der Vorsorge- oder Rehabilitationseinrichtungen, Statistische Aemter des Bundes und der Laender, Stand 31.12.2024)",https://www.meinkrankenhaus2030.de,,
RH2794,Passauer Wolf Reha-Zentrum Nittenau Neurologie-Onkologie-Geriatrie-Urologie,Nittenau,Reha-Zentrum Nittenau GmbH,Schwandorf,Oberpfalz,Reha-Einrichtung,,privat,154,,"Geriatrie, Hämatologie und internistische Onkologie, Urologie, Neurologie",ok,"RHV 2024 (Verzeichnis der Vorsorge- oder Rehabilitationseinrichtungen, Statistische Aemter des Bundes und der Laender, Stand 31.12.2024)",https://www.reha-zentrum-nittenau.de,,
RH2910,Klinikum Forchheim - Fränkische Schweiz gGmbH Fachkrankenhaus für Geriatrische Rehabilitation,Ebermannstadt,Klinikum Forchheim - Fränkische Schweiz gGmbH,Forchheim,Oberfranken,Reha-Einrichtung,,oeffentlich,60,,Geriatrie,ok,"RHV 2024 (Verzeichnis der Vorsorge- oder Rehabilitationseinrichtungen, Statistische Aemter des Bundes und der Laender, Stand 31.12.2024)",https://www.klinik-fraenkische-schweiz.de,,
RH2421,St. Johannes-Klinik Geriatrische Rehabilitation,Auerbach,Kommunalunternehmen Krankenhäuser des Landkreises Amberg-Sulzbach,Amberg-Sulzbach,Oberpfalz,Reha-Einrichtung,,oeffentlich,53,,Geriatrie,ok,"RHV 2024 (Verzeichnis der Vorsorge- oder Rehabilitationseinrichtungen, Statistische Aemter des Bundes und der Laender, Stand 31.12.2024)",https://www.kh-as.de,,
RH1891,Physio Klinik im Aitrachtal GmbH,Mengkofen,Physio Klinikum Aitrachtal GmbH,Dingolfing-Landau,Niederbayern,Reha-Einrichtung,,privat,80,,Orthopädie,ok,"RHV 2024 (Verzeichnis der Vorsorge- oder Rehabilitationseinrichtungen, Statistische Aemter des Bundes und der Laender, Stand 31.12.2024)",https://www.physioklinik.de,,
RH1138,Reha-Klinik Am Kurpark GmbH & Co. KG,Grafenau,Reha-Klinik Am Kurpark GmbH & Co. KG,Freyung-Grafenau,Niederbayern,Reha-Einrichtung,,privat,272,,Sonstige Fachabteilung,ok,"RHV 2024 (Verzeichnis der Vorsorge- oder Rehabilitationseinrichtungen, Statistische Aemter des Bundes und der Laender, Stand 31.12.2024)",https://www.klinik-kurpark.de,,
RH1480,MEDIAN Frankenparkklinik GmbH & Co. KG,Bad Kissingen,MEDIAN Frankenpark Klinik GmbH & Co. KG,Bad Kissingen,Unterfranken,Reha-Einrichtung,,privat,183,,"Geriatrie, Orthopädie",ok,"RHV 2024 (Verzeichnis der Vorsorge- oder Rehabilitationseinrichtungen, Statistische Aemter des Bundes und der Laender, Stand 31.12.2024)",https://www.median-kliniken.de,,
RH1842,Malteser Waldkrankenhaus Erlangen gGmbH,Erlangen,Malteser Waldkrankenhaus Erlangen gGmbH,Erlangen,Mittelfranken,Reha-Einrichtung,,freigemeinnuetzig,26,,Geriatrie,ok,"RHV 2024 (Verzeichnis der Vorsorge- oder Rehabilitationseinrichtungen, Statistische Aemter des Bundes und der Laender, Stand 31.12.2024)",https://www.waldkrankenhaus.de,,
RH1249,Kreisklinik Roth Geriatrische Rehabilitation,Roth,Kreisklinik Roth AdöR des Landkreises Roth,Roth,Mittelfranken,Reha-Einrichtung,,oeffentlich,30,,Geriatrie,ok,"RHV 2024 (Verzeichnis der Vorsorge- oder Rehabilitationseinrichtungen, Statistische Aemter des Bundes und der Laender, Stand 31.12.2024)",https://www.kreisklinik-roth.de,,
RH2706,Krankenhaus Rummelsberg GmbH – Rehabilitation,Schwarzenbruck,Krankenhaus Rummelsberg GmbH,Nürnberger Land,Mittelfranken,Reha-Einrichtung,,privat,60,,Geriatrie,ok,"RHV 2024 (Verzeichnis der Vorsorge- oder Rehabilitationseinrichtungen, Statistische Aemter des Bundes und der Laender, Stand 31.12.2024)",https://www.sana.de/rummelsberg/,,
RH2801,Mutter-Kind-Kurheim Marianne Osterried,Obermaiselstein,Marianne Osterried,Oberallgäu,Schwaben,Reha-Einrichtung,,privat,55,,Keine Zuordnung zu spezifischem Fachgebiet,ok,"RHV 2024 (Verzeichnis der Vorsorge- oder Rehabilitationseinrichtungen, Statistische Aemter des Bundes und der Laender, Stand 31.12.2024)",https://www.mutterkindkurheim.de,,
RH2811,InnKlinikum Altötting und Mühldorf Geriatrische Rehabilitation,Burghausen,InnKlinikum gKU Altötting und Mühldorf AöR,Altötting,Oberbayern,Reha-Einrichtung,,oeffentlich,22,,Geriatrie,ok,"RHV 2024 (Verzeichnis der Vorsorge- oder Rehabilitationseinrichtungen, Statistische Aemter des Bundes und der Laender, Stand 31.12.2024)",https://www.innklinikum.de,,
RH2122,Fachklinik Stadtsteinach,Stadtsteinach,Zweckverband Klinikum Kulmbach,Kulmbach,Oberfranken,Reha-Einrichtung,,oeffentlich,62,,"Geriatrie, Orthopädie",ok,"RHV 2024 (Verzeichnis der Vorsorge- oder Rehabilitationseinrichtungen, Statistische Aemter des Bundes und der Laender, Stand 31.12.2024)",https://www.klinikum-kulmbach.de,,
RH2121,Klinikum Aschaffenburg-Alzenau Abt. Geriatrische Rehabilitation Standort Alzenau,Alzenau,Klinikum Aschaffenburg-Alzenau gemeinnützige GmbH,Aschaffenburg,Unterfranken,Reha-Einrichtung,,oeffentlich,33,,Geriatrie,ok,"RHV 2024 (Verzeichnis der Vorsorge- oder Rehabilitationseinrichtungen, Statistische Aemter des Bundes und der Laender, Stand 31.12.2024)",https://www.klinikum-ab-alz.de,,
RH2081,Fachklinik Osterhofen GmbH,Osterhofen,Fachklinik Osterhofen GmbH,Deggendorf,Niederbayern,Reha-Einrichtung,,privat,35,,Allgemeine Chirurgie,ok,"RHV 2024 (Verzeichnis der Vorsorge- oder Rehabilitationseinrichtungen, Statistische Aemter des Bundes und der Laender, Stand 31.12.2024)",https://www.fachklinik-osterhofen.de,,
RH2724,Geriatrische Rehabilitation der Hessing Stiftung,Augsburg,Hofrat Friedrich Hessing’sche orthopädische Heilanstalt in Göggingen-Augsburg,Augsburg,Schwaben,Reha-Einrichtung,,freigemeinnuetzig,140,,Geriatrie,ok,"RHV 2024 (Verzeichnis der Vorsorge- oder Rehabilitationseinrichtungen, Statistische Aemter des Bundes und der Laender, Stand 31.12.2024)",https://www.hessing-geriatrie.de,,
RH2544,Helios Amper-Klinik Indersdorf,Markt Indersdorf,Amper Kliniken AG,Dachau,Oberbayern,Reha-Einrichtung,,privat,67,,Geriatrie,ok,"RHV 2024 (Verzeichnis der Vorsorge- oder Rehabilitationseinrichtungen, Statistische Aemter des Bundes und der Laender, Stand 31.12.2024)",https://www.helios-gesundheit.de/indersdorf,,
RH1257,Medical Park Bad Rodach GmbH & Co. KG - Rehabilitation,Bad Rodach,Medical Park Bad Rodach GmbH & Co. KG,Coburg,Oberfranken,Reha-Einrichtung,,privat,412,,"Orthopädie, Neurologie",ok,"RHV 2024 (Verzeichnis der Vorsorge- oder Rehabilitationseinrichtungen, Statistische Aemter des Bundes und der Laender, Stand 31.12.2024)",https://www.badrodach.medicalpark.de,,
RH1634,Kliniken Ostallgäu-Kaufbeuren Klinik Füssen Geriatrische Rehabilitation,Füssen,Kliniken Ostallgäu-Kaufbeuren Anstalt des öffentlichen Rechts des Landkreises Ostallgäu und der Stadt Kaufbeuren,Ostallgäu,Schwaben,Reha-Einrichtung,,oeffentlich,25,,Geriatrie,ok,"RHV 2024 (Verzeichnis der Vorsorge- oder Rehabilitationseinrichtungen, Statistische Aemter des Bundes und der Laender, Stand 31.12.2024)",https://www.kliniken-oal-kf.de,,
RH1261,Fachklinik St. Marien Wertach GmbH Vorsorge u. Rehabilitation für Frauen in Familienverantwortung,Wertach,Fachklinik St. Marien Wertach GmbH,Oberallgäu,Schwaben,Reha-Einrichtung,,freigemeinnuetzig,75,,Prävention,ok,"RHV 2024 (Verzeichnis der Vorsorge- oder Rehabilitationseinrichtungen, Statistische Aemter des Bundes und der Laender, Stand 31.12.2024)",https://www.haus-st-marien.de,,
RH2939,Reha-Zentrum Passauer Wolf Bad Griesbach Reha,Bad Griesbach-Therme,Passauer Wolf Bad Griesbach GmbH & Co. KG,Passau,Niederbayern,Reha-Einrichtung,,privat,235,,"Innere Medizin, Geriatrie, Kardiologie, Neurologie",ok,"RHV 2024 (Verzeichnis der Vorsorge- oder Rehabilitationseinrichtungen, Statistische Aemter des Bundes und der Laender, Stand 31.12.2024)",https://www.passauerwolf.de,,
RH2902,Asklepios Klinik Schaufling GmbH Betriebsstätte Aidenbach,Aidenbach,Asklepios Klinik Schaufling GmbH,Passau,Niederbayern,Reha-Einrichtung,,privat,102,,Geriatrie,ok,"RHV 2024 (Verzeichnis der Vorsorge- oder Rehabilitationseinrichtungen, Statistische Aemter des Bundes und der Laender, Stand 31.12.2024)",https://www.asklepios.com,,
RH1205,Geriatriezentrum Neuburg GmbH Geriatrische Fachklinik,Neuburg a. d. Donau,Geriatriezentrum Neuburg GmbH,Neuburg-Schrobenhausen,Oberbayern,Reha-Einrichtung,,oeffentlich,80,,Geriatrie,ok,"RHV 2024 (Verzeichnis der Vorsorge- oder Rehabilitationseinrichtungen, Statistische Aemter des Bundes und der Laender, Stand 31.12.2024)",https://www.gzn.de,,
RH1198,Evangelische Mutter-Kind-Kurklinik Scheidegg Prävention und Rehabilitation,Scheidegg,Evang. Müttergenesung Württemberg gGmbH,Lindau (Bodensee),Schwaben,Reha-Einrichtung,,freigemeinnuetzig,103,,Keine Zuordnung zu spezifischem Fachgebiet,ok,"RHV 2024 (Verzeichnis der Vorsorge- oder Rehabilitationseinrichtungen, Statistische Aemter des Bundes und der Laender, Stand 31.12.2024)",https://www.muettergenesung-kur.de,,
RH2682,Mittelbayerisches Rehabilitationszentrum Klinikum Luitpold und Klinikum Maximilian,Bad Kötzting,Visio Klinik GmbH,Cham,Oberpfalz,Reha-Einrichtung,,privat,294,,"Geriatrie, Orthopädie, Neurologie",ok,"RHV 2024 (Verzeichnis der Vorsorge- oder Rehabilitationseinrichtungen, Statistische Aemter des Bundes und der Laender, Stand 31.12.2024)",,,
RH2466,Reha-Zentrum Isarwinkel,Bad Tölz,ReAL gGmbH,Bad Tölz-Wolfratshausen,Oberbayern,Reha-Einrichtung,,freigemeinnuetzig,40,,Rehabilitation psychisch Kranker (RPK),ok,"RHV 2024 (Verzeichnis der Vorsorge- oder Rehabilitationseinrichtungen, Statistische Aemter des Bundes und der Laender, Stand 31.12.2024)",https://www.real-verbund.de,,
RH1752,m&i-Fachklinik Herzogenaurach Medizinische Rehabilitation,Herzogenaurach,m&i-Klinikgesellschaft in Herzogenaurach GmbH,Erlangen-Höchstadt,Mittelfranken,Reha-Einrichtung,,privat,335,,"Geriatrie, Orthopädie, Neurologie",ok,"RHV 2024 (Verzeichnis der Vorsorge- oder Rehabilitationseinrichtungen, Statistische Aemter des Bundes und der Laender, Stand 31.12.2024)",https://www.fachklinik-herzogenaurach.de,,
RH2785,Klinik Inntaler Hof GmbH & Co. KG,Neuburg am Inn,Klinik Inntaler Hof GmbH & Co. KG,Passau,Niederbayern,Reha-Einrichtung,,privat,230,,Sonstige Fachabteilung,ok,"RHV 2024 (Verzeichnis der Vorsorge- oder Rehabilitationseinrichtungen, Statistische Aemter des Bundes und der Laender, Stand 31.12.2024)",https://www.klinik-inntaler-hof.de,,
RH2178,Schön Klinik München Schwabing SE & Co. KG - Rehabilitation,München,Schön Klinik München Schwabing SE & Co. KG,"München, Landeshauptstadt",Oberbayern,Reha-Einrichtung,,privat,14,,Neurologie,ok,"RHV 2024 (Verzeichnis der Vorsorge- oder Rehabilitationseinrichtungen, Statistische Aemter des Bundes und der Laender, Stand 31.12.2024)",,,
RH1817,Asklepios Klinik St. Wolfgang Rehabilitation,Bad Griesbach-Therme,Asklepios Klinik Bad Griesbach GmbH & Cie. OHG,Passau,Niederbayern,Reha-Einrichtung,,privat,61,,"Innere Medizin, Urologie, Orthopädie",ok,"RHV 2024 (Verzeichnis der Vorsorge- oder Rehabilitationseinrichtungen, Statistische Aemter des Bundes und der Laender, Stand 31.12.2024)",https://www.stwolfgang.de,,
RH2904,Sana Klinikum Coburg,Coburg,Sana Kliniken Oberfranken Coburg GmbH,Coburg,Oberfranken,Reha-Einrichtung,,privat,53,,Geriatrie,ok,"RHV 2024 (Verzeichnis der Vorsorge- oder Rehabilitationseinrichtungen, Statistische Aemter des Bundes und der Laender, Stand 31.12.2024)",https://www.sana.de/coburg,,
RH2712,HESCURO Klinik Bad Brückenau - Geriatrische Rehabilitation,Bad Brückenau,HESCURO KLINIK Bad Brückenau GmbH,Bad Kissingen,Unterfranken,Reha-Einrichtung,,privat,30,,Geriatrie,ok,"RHV 2024 (Verzeichnis der Vorsorge- oder Rehabilitationseinrichtungen, Statistische Aemter des Bundes und der Laender, Stand 31.12.2024)",https://www.hescuro-bad-brueckenau.de,,
RH2736,Geriatrische Rehabilitation im Rotkreuzklinikum München,München,Rotkreuzklinikum München gGmbH,"München, Landeshauptstadt",Oberbayern,Reha-Einrichtung,,freigemeinnuetzig,20,,Geriatrie,ok,"RHV 2024 (Verzeichnis der Vorsorge- oder Rehabilitationseinrichtungen, Statistische Aemter des Bundes und der Laender, Stand 31.12.2024)",https://www.rotkreuzklinikum-muenchen.de,,
RH2538,Donau-Ries-Klinik Oettingen Geriatrische Rehabilitation,Oettingen,Donau-Ries Kliniken und Seniorenheime gKU,Donau-Ries,Schwaben,Reha-Einrichtung,,oeffentlich,33,,Geriatrie,ok,"RHV 2024 (Verzeichnis der Vorsorge- oder Rehabilitationseinrichtungen, Statistische Aemter des Bundes und der Laender, Stand 31.12.2024)",https://www.donkliniken.de,,
RH2718,Geriatrische Rehabilitation am Kreiskrankenhaus Pfarrkirchen,Pfarrkirchen,Rottal-Inn Kliniken Kommunalunternehmen,Rottal-Inn,Niederbayern,Reha-Einrichtung,,oeffentlich,52,,Geriatrie,ok,"RHV 2024 (Verzeichnis der Vorsorge- oder Rehabilitationseinrichtungen, Statistische Aemter des Bundes und der Laender, Stand 31.12.2024)",https://www.rottalinnkliniken.de,,
RH1054,Geriatrisches Reha-Zentrum Alexander von Humboldt Klinik GRZ Betriebs GmbH,Bad Steben,Geriatrisches Reha-Zentrum Alexander von Humboldt Klinik GRZ Betriebs GmbH,Hof,Oberfranken,Reha-Einrichtung,,privat,86,,Geriatrie,ok,"RHV 2024 (Verzeichnis der Vorsorge- oder Rehabilitationseinrichtungen, Statistische Aemter des Bundes und der Laender, Stand 31.12.2024)",https://www.humboldtklinik.de,,
RH2284,NürnbergStift Geriatrische Rehabilitation,Nürnberg,Stadt Nürnberg,Nürnberg,Mittelfranken,Reha-Einrichtung,,oeffentlich,45,,Geriatrie,ok,"RHV 2024 (Verzeichnis der Vorsorge- oder Rehabilitationseinrichtungen, Statistische Aemter des Bundes und der Laender, Stand 31.12.2024)",https://www.nuernbergstift.de,,
RH2067,Klinik St. Lukas,Bad Griesbach-Zentrum,Kliniken St. Lukas GmbH,Passau,Niederbayern,Reha-Einrichtung,,privat,43,,Psychosomatik/Psychotherapie,ok,"RHV 2024 (Verzeichnis der Vorsorge- oder Rehabilitationseinrichtungen, Statistische Aemter des Bundes und der Laender, Stand 31.12.2024)",https://www.fachklinik-sankt-lukas.de,,
RH2853,Geriatrische Rehabilitation Diakoniewerk München-Maxvorstadt,München,Diakoniewerk München-Maxvorstadt KdöR,"München, Landeshauptstadt",Oberbayern,Reha-Einrichtung,,freigemeinnuetzig,42,,Geriatrie,ok,"RHV 2024 (Verzeichnis der Vorsorge- oder Rehabilitationseinrichtungen, Statistische Aemter des Bundes und der Laender, Stand 31.12.2024)",https://www.diakoniewerk-muenchen.de,,
RH2968,Geriatrische Rehabilitation Oberbayern – Bruckmühl GmbH,Bruckmühl,Gesundheitsbetriebe Dr. N. Netzer GmbH,Rosenheim,Oberbayern,Reha-Einrichtung,,privat,60,,Geriatrie,ok,"RHV 2024 (Verzeichnis der Vorsorge- oder Rehabilitationseinrichtungen, Statistische Aemter des Bundes und der Laender, Stand 31.12.2024)",https://www.gro-med.de,,
RH2482,Alpcura Fachklinik Allgäu,Pfronten,Alpcura Fachklinik Allgäu Betriebsgesellschaft mbH,Ostallgäu,Schwaben,Reha-Einrichtung,,privat,236,,"Pneumologie, Psychosomatik/Psychotherapie",ok,"RHV 2024 (Verzeichnis der Vorsorge- oder Rehabilitationseinrichtungen, Statistische Aemter des Bundes und der Laender, Stand 31.12.2024)",https://www.fachklinik-allgaeu.de,,
RH2398,Bezirksklinikum Ansbach Klinik für Geriatrische Rehabilitation Hs. 15,Ansbach,Bezirkskliniken Mittelfranken,Ansbach,Mittelfranken,Reha-Einrichtung,,oeffentlich,28,,Geriatrie,ok,"RHV 2024 (Verzeichnis der Vorsorge- oder Rehabilitationseinrichtungen, Statistische Aemter des Bundes und der Laender, Stand 31.12.2024)",https://www.bezirkskliniken-mfr.de,,
RH1193,Römerbad-Klinik Bad Gögging,Neustadt a. d. Donau,Römerbad Klinik GmbH,Kelheim,Niederbayern,Reha-Einrichtung,,privat,176,,Orthopädie,ok,"RHV 2024 (Verzeichnis der Vorsorge- oder Rehabilitationseinrichtungen, Statistische Aemter des Bundes und der Laender, Stand 31.12.2024)",https://www.roemerbad-klinik.de,,
RH1459,Kaiser Trajan Hotel und Klinik GmbH,Neustadt a. d. Donau,Kaiser Trajan Hotel und Klinik GmbH,Kelheim,Niederbayern,Reha-Einrichtung,,privat,126,,"Orthopädie, Psychosomatik/Psychotherapie",ok,"RHV 2024 (Verzeichnis der Vorsorge- oder Rehabilitationseinrichtungen, Statistische Aemter des Bundes und der Laender, Stand 31.12.2024)",https://www.kaiser-trajan.de,,
RH2420,Klinik Jesuitenschlößl Betriebs GmbH,Passau,Klinik Jesuitenschlößl Betriebs GmbH,Passau,Niederbayern,Reha-Einrichtung,,privat,173,,"Neurologie, Psychosomatik/Psychotherapie",ok,"RHV 2024 (Verzeichnis der Vorsorge- oder Rehabilitationseinrichtungen, Statistische Aemter des Bundes und der Laender, Stand 31.12.2024)",https://www.gesundheitscampus-passau.de,,
RH2100,Vorsorgeklinik Berchtesgadener Land Bischofswiesen,Bischofswiesen,Augustinum gemeinnützige GmbH,Berchtesgadener Land,Oberbayern,Reha-Einrichtung,,freigemeinnuetzig,45,,Keine Zuordnung zu spezifischem Fachgebiet,ok,"RHV 2024 (Verzeichnis der Vorsorge- oder Rehabilitationseinrichtungen, Statistische Aemter des Bundes und der Laender, Stand 31.12.2024)",https://www.augustinum.de/berchtesgadenerland/,,
RH1997,Schmid-Falter Kurhotel,Bad Reichenhall,Oliver Schmid-Falter,Berchtesgadener Land,Oberbayern,Reha-Einrichtung,,privat,10,,Lungen- und Bronchialheilkunde,ok,"RHV 2024 (Verzeichnis der Vorsorge- oder Rehabilitationseinrichtungen, Statistische Aemter des Bundes und der Laender, Stand 31.12.2024)",https://www.kurhotel-falter.de,,
RH1712,Klinik Sonnenbichl gGmbH Prävention und Rehabilitation für Mutter und Kind,Aschau i.Chiemgau,Klinik Sonnenbichl gGmbH im FrauenWerk Stein e.V.,Rosenheim,Oberbayern,Reha-Einrichtung,,freigemeinnuetzig,97,,Keine Zuordnung zu spezifischem Fachgebiet,ok,"RHV 2024 (Verzeichnis der Vorsorge- oder Rehabilitationseinrichtungen, Statistische Aemter des Bundes und der Laender, Stand 31.12.2024)",https://www.klinik-sonnenbichl-aschau.de,,
RH1354,Suchttherapiezentrum Fachklinik Alpenland,Bad Aibling,Deutscher Orden Deutsche Provinz der Brüder vom Deutschen Haus St. Mariens in Jerusalem KdöR,Rosenheim,Oberbayern,Reha-Einrichtung,,freigemeinnuetzig,86,,Entwöhnungsbehandlungen,ok,"RHV 2024 (Verzeichnis der Vorsorge- oder Rehabilitationseinrichtungen, Statistische Aemter des Bundes und der Laender, Stand 31.12.2024)",https://www.rosenheim-suchthilfe.de,,
RH1469,Sanatorium Am Mühlbach,Bad Füssing,Das Mühlbach e.K.,Passau,Niederbayern,Reha-Einrichtung,,privat,21,,"Orthopädie, Med. berufliche Rehabilitation",ok,"RHV 2024 (Verzeichnis der Vorsorge- oder Rehabilitationseinrichtungen, Statistische Aemter des Bundes und der Laender, Stand 31.12.2024)",https://www.muehlbach.de/gesundheit/sanatorium/,,
RH1338,Klinik Sonnenalm GmbH & Co. KG,Oberstaufen,Klinik Sonnenalm GmbH & Co. KG,Oberallgäu,Schwaben,Reha-Einrichtung,,privat,170,,Keine Zuordnung zu spezifischem Fachgebiet,ok,"RHV 2024 (Verzeichnis der Vorsorge- oder Rehabilitationseinrichtungen, Statistische Aemter des Bundes und der Laender, Stand 31.12.2024)",https://www.klinik-sonnenalm.de,,
RH2777,Asklepios Gesundheitszentrum Bad Tölz GmbH,Bad Tölz,Asklepios Gesundheitszentrum Bad Tölz GmbH,Bad Tölz-Wolfratshausen,Oberbayern,Reha-Einrichtung,,privat,59,,Neurologie,ok,"RHV 2024 (Verzeichnis der Vorsorge- oder Rehabilitationseinrichtungen, Statistische Aemter des Bundes und der Laender, Stand 31.12.2024)",https://www.asklepios.com/agz-badtoelz/,,
RH2431,Kreisspitalstiftung Weißenhorn Illertalklinik Illertissen Geriatrische Rehabilitation,Illertissen,"Kreisspitalstiftung Weißenhorn, kreiskommunale Stiftung des öffentlichen Rechts",Neu-Ulm,Schwaben,Reha-Einrichtung,,oeffentlich,49,,Geriatrie,ok,"RHV 2024 (Verzeichnis der Vorsorge- oder Rehabilitationseinrichtungen, Statistische Aemter des Bundes und der Laender, Stand 31.12.2024)",https://www.gesundheitszentrum-illertissen.de,,
RH2217,Sana Kliniken des Landkreises Cham GmbH – Rehabilitation,Roding,Sana Kliniken des Landkreises Cham GmbH,Cham,Oberpfalz,Reha-Einrichtung,,privat,25,,Orthopädie,ok,"RHV 2024 (Verzeichnis der Vorsorge- oder Rehabilitationseinrichtungen, Statistische Aemter des Bundes und der Laender, Stand 31.12.2024)",https://www.sana.de/gesundheitscampus-roding,,
RH1892,Reha-Zentrum Ingolstadt GmbH,Ingolstadt,Reha-Zentrum Ingolstadt GmbH,Ingolstadt,Oberbayern,Reha-Einrichtung,,privat,38,,Neurologie,ok,"RHV 2024 (Verzeichnis der Vorsorge- oder Rehabilitationseinrichtungen, Statistische Aemter des Bundes und der Laender, Stand 31.12.2024)",https://www.reha-zentrum-ingolstadt.de,,
RH1765,Kreisklinik Berchtesgaden Orthopädische Rehabilitation,Berchtesgaden,Kliniken Südostbayern AG,Berchtesgadener Land,Oberbayern,Reha-Einrichtung,,oeffentlich,30,,"Geriatrie, Orthopädie",ok,"RHV 2024 (Verzeichnis der Vorsorge- oder Rehabilitationseinrichtungen, Statistische Aemter des Bundes und der Laender, Stand 31.12.2024)",https://www.kliniken-suedostbayern.de,,
RH2135,Klinik Dr. Beger,Garmisch-Partenkirchen,Anton Klotz,Garmisch-Partenkirchen,Oberbayern,Reha-Einrichtung,,privat,69,,Orthopädie,ok,"RHV 2024 (Verzeichnis der Vorsorge- oder Rehabilitationseinrichtungen, Statistische Aemter des Bundes und der Laender, Stand 31.12.2024)",https://www.begerklinik.de,,
RH2847,AMEOS Reha Klinikum Inntal,Simbach am Inn,AMEOS Klinikum Inntal GmbH,Rottal-Inn,Niederbayern,Reha-Einrichtung,,privat,90,,Psychosomatik/Psychotherapie,ok,"RHV 2024 (Verzeichnis der Vorsorge- oder Rehabilitationseinrichtungen, Statistische Aemter des Bundes und der Laender, Stand 31.12.2024)",https://www.ameos.de,,
RH1468,HESCURO – Klinik REGINA – GmbH & Co. KG,Bad Kissingen,HESCURO - Klinik REGINA - GmbH & Co. KG,Bad Kissingen,Unterfranken,Reha-Einrichtung,,privat,193,,"Geriatrie, Orthopädie",ok,"RHV 2024 (Verzeichnis der Vorsorge- oder Rehabilitationseinrichtungen, Statistische Aemter des Bundes und der Laender, Stand 31.12.2024)",https://www.hescuro.de,,
RH2651,Medical Park Chiemseeblick GmbH & Co.KG,Bernau a. Chiemsee,Medical Park Chiemseeblick GmbH & Co.KG,Rosenheim,Oberbayern,Reha-Einrichtung,,privat,90,,Psychosomatik/Psychotherapie,ok,"RHV 2024 (Verzeichnis der Vorsorge- oder Rehabilitationseinrichtungen, Statistische Aemter des Bundes und der Laender, Stand 31.12.2024)",https://www.medicalpark.de/psychosomatische-behandlung,,
RH1611,Sozialstiftung Bamberg Saludis gGmbH Geriatrische und Neurologische Rehabilitation,Bamberg,Sozialstiftung Bamberg Saludis gGmbH,Bamberg,Oberfranken,Reha-Einrichtung,,freigemeinnuetzig,126,,"Geriatrie, Neurologie",ok,"RHV 2024 (Verzeichnis der Vorsorge- oder Rehabilitationseinrichtungen, Statistische Aemter des Bundes und der Laender, Stand 31.12.2024)",https://www.saludis.de,,
RH1745,DR. ERLER REHA am Kontumazgarten,Nürnberg,Kliniken Dr. Erler gGmbH,Nürnberg,Mittelfranken,Reha-Einrichtung,,freigemeinnuetzig,90,,Orthopädie,ok,"RHV 2024 (Verzeichnis der Vorsorge- oder Rehabilitationseinrichtungen, Statistische Aemter des Bundes und der Laender, Stand 31.12.2024)",https://www.erler-reha.de,,
RH2220,Medizinische Jugendrehabilitation,Peiting,Diakonie Herzogsägmühle gGmbH ,Weilheim-Schongau,Oberbayern,Reha-Einrichtung,,freigemeinnuetzig,29,,Kinder- und Jugendpsychiatrie,ok,"RHV 2024 (Verzeichnis der Vorsorge- oder Rehabilitationseinrichtungen, Statistische Aemter des Bundes und der Laender, Stand 31.12.2024)",https://www.herzogsaegmuehle.de,,
RH1289,RPK Lichthof,Hof,Gesellschaft zur Förderung beruflicher und sozialer Integration (gfi) gemeinnützige GmbH,Hof,Oberfranken,Reha-Einrichtung,,freigemeinnuetzig,18,,Rehabilitation psychisch Kranker (RPK),ok,"RHV 2024 (Verzeichnis der Vorsorge- oder Rehabilitationseinrichtungen, Statistische Aemter des Bundes und der Laender, Stand 31.12.2024)",https://www.rpk-lichthof.de,,
RH1465,AWO Klinik zur Solequelle Gesundheit für Mutter und Kind,Bad Windsheim,AWO Bezirksverband Ober- und Mittelfranken e.V.,Neustadt a.d.Aisch-Bad Windsheim,Mittelfranken,Reha-Einrichtung,,freigemeinnuetzig,86,,Sonstige Fachabteilung,ok,"RHV 2024 (Verzeichnis der Vorsorge- oder Rehabilitationseinrichtungen, Statistische Aemter des Bundes und der Laender, Stand 31.12.2024)",https://www.awo-kliniken-omf.de,,
RH1487,Klinik Lindenhof,Bayerbach,Klinik Lindenhof Betriebs GmbH,Rottal-Inn,Niederbayern,Reha-Einrichtung,,privat,196,,Keine Zuordnung zu spezifischem Fachgebiet,ok,"RHV 2024 (Verzeichnis der Vorsorge- oder Rehabilitationseinrichtungen, Statistische Aemter des Bundes und der Laender, Stand 31.12.2024)",https://www.klinik-lindenhof.de,,
RH2402,Haus Kühberg Mutter-Kind-Kuren GmbH,Blaichach,Mutter-Kind-Kuren GmbH,Oberallgäu,Schwaben,Reha-Einrichtung,,privat,50,,Keine Zuordnung zu spezifischem Fachgebiet,ok,"RHV 2024 (Verzeichnis der Vorsorge- oder Rehabilitationseinrichtungen, Statistische Aemter des Bundes und der Laender, Stand 31.12.2024)",https://www.mutterkindkur.de,,
RH2251,AWO Seenlandklinik Lindenhof Gesundheit für Mutter und Kind,Gunzenhausen,AWO Bezirksverband Ober- und Mittelfranken e.V.,Weißenburg-Gunzenhausen,Mittelfranken,Reha-Einrichtung,,freigemeinnuetzig,82,,Sonstige Fachabteilung,ok,"RHV 2024 (Verzeichnis der Vorsorge- oder Rehabilitationseinrichtungen, Statistische Aemter des Bundes und der Laender, Stand 31.12.2024)",https://www.awo-kliniken-omf.de,,
RH1320,Mutter / Vater & Kind Kurheim Alpenhof,Rettenberg,Alberga gemeinnützige GmbH,Oberallgäu,Schwaben,Reha-Einrichtung,,freigemeinnuetzig,60,,Prävention,ok,"RHV 2024 (Verzeichnis der Vorsorge- oder Rehabilitationseinrichtungen, Statistische Aemter des Bundes und der Laender, Stand 31.12.2024)",https://www.alpenhof-kur.de,,
RH1008,Therapiezentrum Grafrath,Grafrath,Deutscher Orden Deutsche Provinz der Brüder vom Deutschen Haus St. Mariens in Jerusalem KdöR,Fürstenfeldbruck,Oberbayern,Reha-Einrichtung,,freigemeinnuetzig,34,,Entwöhnungsbehandlungen,ok,"RHV 2024 (Verzeichnis der Vorsorge- oder Rehabilitationseinrichtungen, Statistische Aemter des Bundes und der Laender, Stand 31.12.2024)",,,
RH1866,Therapiezentrum Wolkersdorf,Schwabach,Stadtmission Nürnberg e.V.,Schwabach,Mittelfranken,Reha-Einrichtung,,freigemeinnuetzig,28,,Entwöhnungsbehandlungen,ok,"RHV 2024 (Verzeichnis der Vorsorge- oder Rehabilitationseinrichtungen, Statistische Aemter des Bundes und der Laender, Stand 31.12.2024)",,,
RH1280,Kompass Drogenhilfe GmbH Kompass Kompakt,Augsburg,Kompass Drogenhilfe GmbH,Augsburg,Schwaben,Reha-Einrichtung,,freigemeinnuetzig,24,,Entwöhnungsbehandlungen,ok,"RHV 2024 (Verzeichnis der Vorsorge- oder Rehabilitationseinrichtungen, Statistische Aemter des Bundes und der Laender, Stand 31.12.2024)",https://www.kompass-augsburg.de,,
RH1641,Würmtalklinik Gräfelfing,Gräfelfing,Deutscher Orden Deutsche Provinz der Brüder vom Deutschen Haus St. Mariens in Jerusalem KdöR,München,Oberbayern,Reha-Einrichtung,,freigemeinnuetzig,36,,Entwöhnungsbehandlungen,ok,"RHV 2024 (Verzeichnis der Vorsorge- oder Rehabilitationseinrichtungen, Statistische Aemter des Bundes und der Laender, Stand 31.12.2024)",https://www.suchtklinik-muenchen.de,,
RH1906,bwlv – Fachklinik Schloss Eichelsdorf,Hofheim,BWLV-Geschäftsstelle,Haßberge,Unterfranken,Reha-Einrichtung,,freigemeinnuetzig,60,,Entwöhnungsbehandlungen,ok,"RHV 2024 (Verzeichnis der Vorsorge- oder Rehabilitationseinrichtungen, Statistische Aemter des Bundes und der Laender, Stand 31.12.2024)",,,
RH1707,Kompass Drogenhilfe GmbH Kompass-Impuls,Ottobeuren,Kompass Drogenhilfe GmbH,Unterallgäu,Schwaben,Reha-Einrichtung,,freigemeinnuetzig,16,,Entwöhnungsbehandlungen,ok,"RHV 2024 (Verzeichnis der Vorsorge- oder Rehabilitationseinrichtungen, Statistische Aemter des Bundes und der Laender, Stand 31.12.2024)",,,
RH2063,RPK Landsberg,Landsberg am Lech,Diakonie Herzogsägmühle gGmbH ,Landsberg am Lech,Oberbayern,Reha-Einrichtung,,freigemeinnuetzig,20,,Rehabilitation psychisch Kranker (RPK),ok,"RHV 2024 (Verzeichnis der Vorsorge- oder Rehabilitationseinrichtungen, Statistische Aemter des Bundes und der Laender, Stand 31.12.2024)",https://www.herzogsaegmuehle.de,,
RH2019,Rehabilitationszentrum für psychisch Kranke – Herzogsägmühle,Peiting,Diakonie Herzogsägmühle gGmbH ,Weilheim-Schongau,Oberbayern,Reha-Einrichtung,,freigemeinnuetzig,40,,Rehabilitation psychisch Kranker (RPK),ok,"RHV 2024 (Verzeichnis der Vorsorge- oder Rehabilitationseinrichtungen, Statistische Aemter des Bundes und der Laender, Stand 31.12.2024)",https://www.herzogsaegmuehle.de,,
RH1017,Rehabilitationszentrum Herzogsägmühle,Peiting,Diakonie Herzogsägmühle gGmbH ,Weilheim-Schongau,Oberbayern,Reha-Einrichtung,,freigemeinnuetzig,30,,Rehabilitation psychisch Kranker (RPK),ok,"RHV 2024 (Verzeichnis der Vorsorge- oder Rehabilitationseinrichtungen, Statistische Aemter des Bundes und der Laender, Stand 31.12.2024)",https://www.herzogsaegmuehle.de,,
RH2437,Kompass Drogenhilfe GmbH Kompass Hof,Mindelheim,Kompass Drogenhilfe GmbH,Unterallgäu,Schwaben,Reha-Einrichtung,,freigemeinnuetzig,32,,Entwöhnungsbehandlungen,ok,"RHV 2024 (Verzeichnis der Vorsorge- oder Rehabilitationseinrichtungen, Statistische Aemter des Bundes und der Laender, Stand 31.12.2024)",https://www.kompass-augsburg.de/kompass-hof,,
RH2207,Berufsgenossenschaftliche Unfallklinik Murnau,Murnau,BG Klinikum Murnau gGmbH,Garmisch-Partenkirchen,Oberbayern,Reha-Einrichtung,,oeffentlich,171,,Med. berufliche Rehabilitation,ok,"RHV 2024 (Verzeichnis der Vorsorge- oder Rehabilitationseinrichtungen, Statistische Aemter des Bundes und der Laender, Stand 31.12.2024)",,,
RH1962,RHÖN-KLINIKUM Campus Bad Neustadt,Bad Neustadt a. d. Saale,RHÖN-KLINIKUM AG,Rhön-Grabfeld,Unterfranken,Reha-Einrichtung,,privat,407,,"Kardiologie, Orthopädie, Neurologie, Psychosomatik/Psychotherapie",ok,"RHV 2024 (Verzeichnis der Vorsorge- oder Rehabilitationseinrichtungen, Statistische Aemter des Bundes und der Laender, Stand 31.12.2024)",,,
RH2979,Fachklinik Lenggries für Geriatrische Rehabilitation,Lenggries,Gesundheitsbetriebe Isarwinkel GmbH,Bad Tölz-Wolfratshausen,Oberbayern,Reha-Einrichtung,,privat,60,,Geriatrie,ok,"RHV 2024 (Verzeichnis der Vorsorge- oder Rehabilitationseinrichtungen, Statistische Aemter des Bundes und der Laender, Stand 31.12.2024)",https://www.gro-med.de,,
RH2456,Klinikum Altmühlfranken Gunzenhausen Geriatrische Rehabilitation,Gunzenhausen,Kommunalunternehmen Klinikum Altmühlfranken,Weißenburg-Gunzenhausen,Mittelfranken,Reha-Einrichtung,,oeffentlich,30,,Geriatrie,ok,"RHV 2024 (Verzeichnis der Vorsorge- oder Rehabilitationseinrichtungen, Statistische Aemter des Bundes und der Laender, Stand 31.12.2024)",https://www.klinikum-altmuehlfranken.de,,
RH2738,Medical Park Bad Wiessee GmbH & Co. KG Fachklinik,Bad Wiessee,Medical Park Bad Wiessee GmbH & Co. KG,Miesbach,Oberbayern,Reha-Einrichtung,,privat,81,,Orthopädie,ok,"RHV 2024 (Verzeichnis der Vorsorge- oder Rehabilitationseinrichtungen, Statistische Aemter des Bundes und der Laender, Stand 31.12.2024)",https://www.kirschbaumfach.medicalpark.de,,
RH1382,Kurzentrum Sonnenschein GmbH & Co. KG,Zwiesel,Kurzentrum Sonnenschein GmbH & Co. KG,Regen,Niederbayern,Reha-Einrichtung,,privat,265,,Psychosomatik/Psychotherapie,ok,"RHV 2024 (Verzeichnis der Vorsorge- oder Rehabilitationseinrichtungen, Statistische Aemter des Bundes und der Laender, Stand 31.12.2024)",https://www.klinik-sonnenschein-zwiesel.de,,
RH2855,Klinikum Main-Spessart Geriatrisches Zentrum Lohr,Lohr am Main,Klinikum Main-Spessart,Main-Spessart,Unterfranken,Reha-Einrichtung,,oeffentlich,2,,Sonstige Fachabteilung,ok,"RHV 2024 (Verzeichnis der Vorsorge- oder Rehabilitationseinrichtungen, Statistische Aemter des Bundes und der Laender, Stand 31.12.2024)",,,
RH2167,Das Alpreflect GmbH & Co. KG Rehabilitation,Füssen,Das Alpreflect GmbH & Co. KG,Ostallgäu,Schwaben,Reha-Einrichtung,,privat,134,,"Innere Medizin, Orthopädie, Psychosomatik/Psychotherapie",ok,"RHV 2024 (Verzeichnis der Vorsorge- oder Rehabilitationseinrichtungen, Statistische Aemter des Bundes und der Laender, Stand 31.12.2024)",https://www.alpreflect.de,,
RH1470,Sana Klinikum Neustadt – Fachklinik für Geriatrie und Rehabilitation,Neustadt b. Coburg,Sana Kliniken Oberfranken Neustadt GmbH,Coburg,Oberfranken,Reha-Einrichtung,,privat,30,,Geriatrie,ok,"RHV 2024 (Verzeichnis der Vorsorge- oder Rehabilitationseinrichtungen, Statistische Aemter des Bundes und der Laender, Stand 31.12.2024)",https://www.sana.de/neustadt,,
