clinic,city,department,job_title,qualification,pay_grade,pay_text,housing,housing_quote,employment_type,requirements_must,experience_required,confidence,confidence_why,job_url
AMEOS Klinikum St. Elisabeth Neuburg,Neuburg an der Donau,,Gesundheits- und (Kinder-) Krankenpfleger (m/w/d) oder Altenpflegekraft (m/w/d) als Dauernachtwache,pflegefachkraft,,Attraktive Vergütung nach AVR deutscher Caritasverband,nein,,,"abgeschlossene Ausbildung Gesundheits- und Krankenpfleger, Gesundheits- und Kinderkrankenpfleger, Altenpfleger oder Pflegefachkraft",,3,Zuordnung aus dem vorherigen Lauf übernommen; Ort der Stelle nicht belegt,https://karriere.ameos.eu/offene-stellen/stelle/8940-gesundheits-und-kinder-krankenpfleger-oder-altenpflegekraft-als-dauernachtwache-in-neuburg-an-der-donau
AMEOS Klinikum St. Elisabeth Neuburg,Neuburg an der Donau,Pflegepool Somatik,Pflegefachkraft (m/w/d) für den Pflegepool Somatik,pflegefachkraft,,Attraktive Vergütung nach AVR deutscher Caritasverband,nein,,,"abgeschlossene Ausbildung Pflegefachkraft, Gesundheits- und Krankenpfleger oder Altenpfleger",,3,Zuordnung aus dem vorherigen Lauf übernommen; Ort der Stelle nicht belegt,https://karriere.ameos.eu/offene-stellen/stelle/8020-pflegefachkraft-f%C3%BCr-den-pflegepool-somatik-in-neuburg-an-der-donau
AMEOS Klinikum St. Elisabeth Neuburg,Neuburg an der Donau,Kardiologie - Chest Pain Unit,Pflegefachkraft (m/w/d) für die Kardiologie - Chest Pain Unit,pflegefachkraft,,Attraktive Vergütung nach AVR deutscher Caritasverband,nein,,,abgeschlossene Berufsausbildung Gesundheits- und Krankenpfleger oder Pflegefachkraft,,3,Zuordnung aus dem vorherigen Lauf übernommen; Ort der Stelle nicht belegt,https://karriere.ameos.eu/offene-stellen/stelle/9873-pflegefachkraft-f%C3%BCr-die-kardiologie-chest-pain-unit-in-neuburg-an-der-donau
AMEOS Klinikum St. Elisabeth Neuburg,Neuburg an der Donau,"Chirurgie (Orthopädie, Unfallchirurgie, Neurochirurgie)",Pflegefachkräfte (m/w/d) für die Chirurgie,pflegefachkraft,,Attraktive Vergütung nach AVR deutscher Caritasverband,nein,,,"abgeschlossene Ausbildung Gesundheits- und (Kinder-)Krankenpfleger, Altenpfleger oder Pflegefachkraft | versierter Umgang mit klinikspezifischen EDV-Systemen",,3,Zuordnung aus dem vorherigen Lauf übernommen; Ort der Stelle nicht belegt,https://karriere.ameos.eu/offene-stellen/stelle/8928-pflegefachkr%C3%A4fte-f%C3%BCr-die-chirurgie-in-neuburg-an-der-donau
AMEOS Klinikum St. Elisabeth Neuburg - Kinder- und Jugendmedizin Standort Ingolstadt,Ingolstadt,Pädiatrie und Kinder- und Jugendpsychiatrie (KJP),Pflegerische Bereichsleitung (m/w/d) - Pädiatrie und Kinder- und Jugendpsychiatrie (KJP),leitung,,,nein,,in Vollzeit; ab sofort,"Ausbildung als Pflegefachkraft, Gesundheits- und Kinderkrankenpfleger, Gesundheits- und Krankenpfleger oder vergleichbare Qualifikation","Mehrjährige Berufserfahrung in der Pädiatrie, Kinder- und Jugendpsychiatrie; Führungserfahrung idealerweise als Stationsleitung/Bereichsleitung",2,Zuordnung aus dem vorherigen Lauf übernommen; Ort der Stelle nicht belegt; keine Belegzitate,https://karriere.ameos.eu/offene-stellen/stelle/9882-pflegerische-bereichsleitung-p%C3%A4diatrie-und-kinder-und-jugendpsychiatrie-kjp-in-neuburg-an-der-donau
Adula Klinik,Oberstdorf,,PFLEGEFACHKRAFT / GESUNDHEITS- und KRANKENPFLEGER (m/w/d) Standort: Oberstdorf (Adula Klinik),pflegefachkraft,,,unklar,,,"abgeschlossene Ausbildung zum Gesundheits- und Krankenpfleger, Altenpfleger, Kinderkrankenpfleger, Heilerziehungspfleger oder Pflegefachmann (m/w/d) | psychiatrische oder psychosomatische Weiterbildung nicht zwingend erforderlich | strukturierte, eigenverantwortliche und selbstständige Arbeitsweise | Sensibilität und Begeisterung für die Arbeit mit Menschen, die sich in Lebenskrisen befinden",,5,"pay_text auf der Seite nicht gefunden, geleert",https://www.reisach-kliniken.de/position?id=e9ab29ae-4a90-40ca-8828-1a96e8c3a189
Alpenklinik Santa Maria,Bad Hindelang,Rehabilitation,Gesundheits- und (Kinder-) Krankenpfleger m/w/d,pflegefachkraft,,Sicherer Vergütung nach Tarifvertrag (AVR) inkl. Sonderzahlungen (z.B. Urlaubs- und Weihnachtsgeld),ja,Personalwohnungen (bei Verfügbarkeit),vollzeit_teilzeit,"Sie verfügen über eine abgeschlossene Ausbildung im Bereich der Gesundheits- und Kinderkrankenpflege oder Krankenpflege | – gerne auch als Wiedereinsteiger in den Pflegeberuf | Sie engagieren sich gerne für Kinder und Jugendliche. | Sie verfügen über hohes Verantwortungsbewusstsein, Flexibilität und eine strukturierte Arbeitsweise | Als Teamplayer mit Herz, Verstand und Gefühl wollen Sie gemeinsam mit uns die Zukunft unserer Einrichtung gestalten | Sie zeichnet hohe Fach- und Sozialkompetenz und selbständiges, strukturiertes Arbeiten aus | Bereitschaft zur Schicht- und Wochenendarbeit",,5,,https://santa-maria.softgarden.io/job/65927969/Gesundheits-und-Kinder-Krankenpfleger-m-w-d-?jobDbPVId=278274239&l=de
Arabella-Klinik,München,Stationsdienst,Gesundheits- und Krankenpfleger / GuK ǀ Krankenschwester (m/w/d),pflegefachkraft,,Willkommensprämie von 7.500 € für examinierte Pflegefachkräfte; Attraktives Gehalt,ja,Mitarbeitervergünstigungen: Möglichkeit zur Wohnungsvermittlung (Arabellahaus),Teilzeit / Vollzeit,"Ausbildung im Gesundheitswesen mit Examen (GuK, Krankenschwester) | Deutschkenntnisse mindestens B2-Niveau",vorzugsweise mehrjährige Berufserfahrung,3,Zuordnung aus dem vorherigen Lauf übernommen; Ort der Stelle nicht belegt,https://anest.de/karriere-100-2001-20260427-ak-guk-stationsdienst-har.html
Arabella-Klinik,München,"Operationsdienst (Orthopädie, HNO, MKG, plast. Chirurgie, Viszeralchirurgie, Ophthalmologie)",Gesundheits- und Krankenpfleger OP / GuK ǀ OTA (m/w/d),ota_ata,,,ja,Mitarbeitervergünstigungen: Möglichkeit zur Wohnungsvermittlung (Arabellahaus),Teilzeit / Vollzeit,"Ausbildung als GuK (gerne mit Fachweiterbildung für den OP), OTA, OP-Schwester | B2 Deutsch",(Mehrjährige) Berufserfahrung wünschenswert,3,"Zuordnung aus dem vorherigen Lauf übernommen; Ort der Stelle nicht belegt · pay_text auf der Seite nicht gefunden, geleert",https://anest.de/karriere-100-5001-20241114-ak-guk-ota-vs.html
Arabella-Klinik,München,Augen-OP / Augenheilkunde,MFA (m/w/d) im Operationsdienst Augenheilkunde (Augen-OP) / Gesundheits- und Krankenpflegerin / OTA (m/w/d),ota_ata,,,ja,Mitarbeitervergünstigungen: Möglichkeit zur Wohnungsvermittlung (Arabellahaus),Teilzeit / Vollzeit,"Ausbildung im Gesundheitswesen (MFA, GuK) mit OP-Erfahrung oder GuK mit Fachweiterbildung Operationsdienst oder OTA | B2 Deutsch",,3,"Zuordnung aus dem vorherigen Lauf übernommen; Ort der Stelle nicht belegt · pay_text auf der Seite nicht gefunden, geleert",https://anest.de/karriere-100-5001-20220920-ak-guk-ota-vs-01.html
Arberlandklinik Viechtach,Viechtach,OP,Operationstechnischer Assistent (m/w/d),ota_ata,P8,"Entgeltgruppe EG P8 TVöD/VKA der Anlage 1 - Allgemeiner Teil, zzgl. attraktiven individuellen Zulagen",nein,,vollzeit,abgeschlossene Ausbildung zum Operationstechnischen Assistenten oder Pflegefachmann | Ruf- und Bereitschaftsdienst,,4,Klinik nach Anzeigenort korrigiert,https://bewerbung.arberlandkliniken.de/jobposting/0f7242114690d434e60442602c8f20b01c2a55820
Arberlandklinik Viechtach,Viechtach,Innere Medizin mit Schwerpunkt Geriatrie (Station 3),Pflegefachmann (m/w/d) Innere Medizin mit Schwerpunkt Geriatrie,pflegefachkraft,P7,"Entgeltgruppe EG P7 TVöD/VKA der Anlage 1 - Allgemeiner Teil, zzgl. attraktiven individuellen Zulagen",nein,,"teilzeit, vollzeit",abgeschlossene Ausbildung zum Pflegefachmann/-frau oder vergleichbarer Berufsabschluss | Schicht- und Wochenendarbeit,,4,Zuordnung aus dem vorherigen Lauf übernommen,https://bewerbung.arberlandkliniken.de/jobposting/ad4e193a2e0e7fb2c400fbdfc5e759b575433e950
Arberlandklinik Viechtach,Viechtach,Innere Medizin mit Schwerpunkt Kardiologie & Neurologie (Station 4),Pflegefachmann (m/w/d) Innere Medizin mit Schwerpunkt Kardiologie & Neurologie,pflegefachkraft,P7,"Entgeltgruppe EG P7 TVöD/VKA der Anlage 1 - Allgemeiner Teil, zzgl. attraktiven individuellen Zulagen",nein,,"teilzeit, vollzeit",abgeschlossene Ausbildung zum Pflegefachmann/-frau oder vergleichbarer Berufsabschluss | Schicht- und Wochenendarbeit,,4,Zuordnung aus dem vorherigen Lauf übernommen,https://bewerbung.arberlandkliniken.de/jobposting/9d784876493e251ebe0a8396f3ce8122b86804fc0
Arberlandklinik Viechtach,Viechtach,Gefäß- & Viszeralchirurgie (Station 2),Pflegefachmann/-frau (m/w/d) Gefäß- & Viszeralchirurgie,pflegefachkraft,P7,"Entgeltgruppe EG P7 TVöD/VKA der Anlage 1 - Allgemeiner Teil, zzgl. attraktiven individuellen Zulagen",nein,,"teilzeit, vollzeit",abgeschlossene Ausbildung zum Pflegefachmann oder vergleichbarer Berufsabschluss | Schicht- und Wochenendarbeit,,4,Zuordnung aus dem vorherigen Lauf übernommen,https://bewerbung.arberlandkliniken.de/jobposting/83ef5221a432ab96a5ab3f19e25ca1bc3ea576160
Arberlandklinik Viechtach,Viechtach,Intensivstation,Pflegefachmann/-frau (m/w/d) Intensivstation,fachweiterbildung,P8,"Entgeltgruppe EG P8 bzw. P9 (mit Fachweiterbildung) TVöD/VKA der Anlage 1 - Allgemeiner Teil, zzgl. attraktiven individuellen Zulagen",nein,,"teilzeit, vollzeit",abgeschlossene Ausbildung als Gesundheits- und Krankenpfleger oder Pflegefachmann/-frau | Fachweiterbildung Intensivpflege bzw. Bereitschaft diese zu beginnen,Fachweiterbildung für Intensivpflege bzw. Bereitschaft diese zu beginnen,4,Zuordnung aus dem vorherigen Lauf übernommen,https://bewerbung.arberlandkliniken.de/jobposting/e5ab234b7d9618cc14707e88b7b7f1965059453f0
Arberlandklinik Viechtach,Viechtach,Unfall- & Neurochirurgie (Station 1),Pflegefachmann/-frau (m/w/d) Unfall- & Neurochirurgie,pflegefachkraft,P7,"Entgeltgruppe EG P7 TVöD/VKA der Anlage 1 - Allgemeiner Teil, zzgl. attraktiven individuellen Zulagen",nein,,"teilzeit, vollzeit",abgeschlossene Ausbildung zum Pflegefachmann oder vergleichbarer Berufsabschluss | Schicht- und Wochenendarbeit,,4,Zuordnung aus dem vorherigen Lauf übernommen,https://bewerbung.arberlandkliniken.de/jobposting/253b555592de56d95b9f93f0f362b1a561f420410
Arberlandklinik Viechtach,Viechtach,OP-Pflege,Pflegefachmann/-frau (m/w/d) für die OP-Pflege,pflegefachkraft,P8,"Entgeltgruppe EG P8 TVöD/VKA der Anlage 1 - Allgemeiner Teil, zzgl. attraktiven individuellen Zulagen",nein,,"teilzeit, vollzeit",abgeschlossene Ausbildung zum Gesundheits- und Krankenpfleger oder Operationstechnischen Assistenten oder vergleichbarer Berufsabschluss | Schicht- und Wochenendarbeit,,4,Klinik nach Anzeigenort korrigiert,https://bewerbung.arberlandkliniken.de/jobposting/23cc4e848a56363bbb358743afe77b455a7560ef0
Arberlandklinik Viechtach,Viechtach,Springerpool (chirurgische und internistische Stationen),Pflegefachmann/-frau (m/w/d) für unseren Springerpool,pflegefachkraft,,"Entgeltgruppe EG 7 TVöD/VKA der Anlage 1 - Allgemeiner Teil, zzgl. attraktiven individuellen Zulagen; 1.200 € als monatliche Zusatzzahlung zum Vollzeitgehalt oder wahlweise 75 % Arbeitszeit mit Vollzeit-Verdienst",nein,,"teilzeit, vollzeit",abgeschlossene Ausbildung zum Gesundheits- und Krankenpfleger oder vergleichbarer Berufsabschluss | mind. zweijährige Berufserfahrung | Schicht- und Wochenendarbeit,Mindestens zweijährige Berufserfahrung,4,Klinik nach Anzeigenort korrigiert,https://bewerbung.arberlandkliniken.de/jobposting/9d1c0c06b71c36a62a80d6a5941b74664c9be64d0
Artemed Fachklinik München,München,Pflegedienst / Station,Dauernachtwache (m/w/d),pflegefachkraft,,,ja,Vorübergehendes WG-Zimmer Angebot,Full-time; Teilzeitmöglichkeit; Unbefristet,"erfolgreich abgeschlossene Berufsausbildung als Gesundheits- und Krankenpfleger*in, Pflegefachmann*frau, Altenpfleger*in",,3,Zuordnung aus dem vorherigen Lauf übernommen; Ort der Stelle nicht belegt,https://jobs.smartrecruiters.com/ArtemedSE/744000087659729-dauernachtwache-m-w-d-
Artemed Fachklinik München,München,Anästhesiepflege,"Fachkrankenpfleger Anästhesie, ATA oder Gesundheits- und Krankenpfleger mit Vorerfahrung für die Anästhesiepflege (m/w/d)",fachweiterbildung,,,ja,,vollzeit_teilzeit,Sie verfügen über eine abgeschlossene Berufsausbildung in einem der o.g. Berufe | und über erste einschlägige Berufserfahrung im Bereich Anästhesie/ Notfallmedizin/ Intensivmedizin. | Sie zeichnen sich durch ein hohes Maß an Zuverlässigkeit und Verantwortungsbewusstsein aus. | Eine ausgeprägte Patientenorientierung und ein wertschätzender und hilfsbereiter Umgang mit Ihren Kollegen ist für Sie selbstverständlich.,über erste einschlägige Berufserfahrung im Bereich Anästhesie/ Notfallmedizin/ Intensivmedizin,3,"Klinik über Stadt, nicht über Portal; Ort der Stelle nicht belegt · housing_quote auf der Seite nicht gefunden, geleert",https://api.smartrecruiters.com/v1/companies/ArtemedSE/postings/744000087662008
Artemed Fachklinik München,München,Anästhesiepflege / Funktionsdienst,"Fachkrankenpfleger Anästhesie, ATA oder Gesundheits- und Krankenpfleger mit Vorerfahrung für die Anästhesiepflege (m/w/d)",fachweiterbildung,,,unklar,,Full-time; Teilzeitmöglichkeit; Unbefristet,abgeschlossene Berufsausbildung in einem der o.g. Berufe,erste einschlägige Berufserfahrung im Bereich Anästhesie/ Notfallmedizin/ Intensivmedizin,2,Zuordnung aus dem vorherigen Lauf übernommen; Ort der Stelle nicht belegt; keine Belegzitate,https://jobs.smartrecruiters.com/ArtemedSE/744000087662008-fachkrankenpfleger-anasthesie-ata-oder-gesundheits-und-krankenpfleger-mit-vorerfahrung-fur-die-anasthesiepflege-m-w-d-
Artemed Fachklinik München,München,Intensivpflege,Gesundheits- und Krankenpfleger oder Fachkrankenpfleger (m/w/d),fachweiterbildung,,,unklar,,,"Abgeschlossene Ausbildung zum Gesundheits- und Krankenpfleger (m/w/d) | Fachweiterbildung Intensiv und Anästhesie wünschenswert | Fundierte Berufserfahrung in der Intensivpflege | Hohes Maß an Verantwortungsbereitschaft, Flexibilität und Engagement | Ausgeprägte soziale Kompetenz und Teamfähigkeit | Einfühlungsvermögen im Umgang mit den Patient*innen | Bereitschaft zur Teilnahme am Bereitschafts-/Rufdienst",Fundierte Berufserfahrung in der Intensivpflege,3,"Klinik über Stadt, nicht über Portal; Ort der Stelle nicht belegt",https://api.smartrecruiters.com/v1/companies/ArtemedSE/postings/744000141897929
Artemed Fachklinik München,München,,Gesundheits- und Krankenpfleger/-in oder Altenpfleger/-in für den Tagdienst,pflegefachkraft,,,ja,,vollzeit_teilzeit,Sie verfügen über eine abgeschlossene Ausbildung zum/-r Gesundheits- und Krankenpfleger/-in oder Altenpfleger/-in und idealerweise über erste Berufserfahrung. | Sie zeichnen sich durch ein hohes Maß an Zuverlässigkeit und Verantwortungsbewusstsein aus. | Eine ausgeprägte Patientenorientierung und ein wertschätzender und hilfsbereiter Umgang mit Ihren Kollegen ist für Sie selbstverständlich.,idealerweise über erste Berufserfahrung,3,"Klinik über Stadt, nicht über Portal; Ort der Stelle nicht belegt · housing_quote auf der Seite nicht gefunden, geleert",https://api.smartrecruiters.com/v1/companies/ArtemedSE/postings/744000073503905
Artemed Fachklinik München,München,Pflegedienst / Station (Tagdienst),Gesundheits- und Krankenpfleger/-in oder Altenpfleger/-in für den Tagdienst,pflegefachkraft,,,unklar,,Full-time; Teilzeitmöglichkeit; Unbefristet,abgeschlossene Ausbildung zum/-r Gesundheits- und Krankenpfleger/-in oder Altenpfleger/-in,idealerweise erste Berufserfahrung,2,Zuordnung aus dem vorherigen Lauf übernommen; Ort der Stelle nicht belegt; keine Belegzitate,https://jobs.smartrecruiters.com/ArtemedSE/744000073503905-gesundheits-und-krankenpfleger-in-oder-altenpfleger-in-fur-den-tagdienst
Artemed Fachklinik München,München,OP,Operationstechnischer Assistent (OTA),ota_ata,,,unklar,,,"Abgeschlossene Ausbildung zum Operationstechnischen Assistenten / Abgeschlossene Ausbildung zum Gesundheits- und Krankenpfleger mit&#xa0;&#xa0; | Fachweiterbildung OP&#xa0; | Fundierte Berufserfahrung im OP | Hohes Maß an Verantwortungsbereitschaft, Flexibilität und Engagement | Ausgeprägte soziale Kompetenz und Teamfähigkeit | Einfühlungsvermögen im Umgang mit den Patient*innen | Bereitschaft zur Teilnahme am Bereitschafts-/Rufdienst",Fundierte Berufserfahrung im OP,3,"Klinik über Stadt, nicht über Portal; Ort der Stelle nicht belegt",https://api.smartrecruiters.com/v1/companies/ArtemedSE/postings/744000144698185
Artemed Fachklinik München,München,OP-Bereich,Operationstechnischer Assistent oder Gesundheits- und Krankenpfleger für den OP-Bereich im Tagdienst (Mo-Fr) (m/w/d),ota_ata,,,ja,,vollzeit_teilzeit,Sie verfügen über eine abgeschlossene Berufsausbildung im medizinischen Bereich. | Vorzugsweise als Operationstechnischer Assistent (OTA) oder Gesundheits- und Krankenpfleger (GUK). | Sie zeichnen sich durch ein hohes Maß an Zuverlässigkeit und Verantwortungsbewusstsein aus. | Eine ausgeprägte Patientenorientierung und ein wertschätzender Umgang mit Ihren Kollegen ist für Sie selbstverständlich.,,3,"Klinik über Stadt, nicht über Portal; Ort der Stelle nicht belegt · housing_quote auf der Seite nicht gefunden, geleert",https://api.smartrecruiters.com/v1/companies/ArtemedSE/postings/744000077960059
Artemed Fachklinik München,München,OP-Bereich / Funktionsdienst,Operationstechnischer Assistent oder Gesundheits- und Krankenpfleger für den OP-Bereich im Tagdienst (Mo-Fr) (m/w/d),ota_ata,,,unklar,,Full-time; Teilzeitmöglichkeit; Unbefristet,"abgeschlossene Berufsausbildung im medizinischen Bereich, vorzugsweise OTA oder Gesundheits- und Krankenpfleger (GUK)",,2,Zuordnung aus dem vorherigen Lauf übernommen; Ort der Stelle nicht belegt; keine Belegzitate,https://jobs.smartrecruiters.com/ArtemedSE/744000077960059-operationstechnischer-assistent-oder-gesundheits-und-krankenpfleger-fur-den-op-bereich-im-tagdienst-mo-fr-m-w-d-
Artemed Fachklinik München,München,,Pflegefachkraft (w/m/d),pflegefachkraft,,,unklar,,vollzeit_teilzeit,"abgeschlossene Berufsausbildung (Pflegefachkraft oder Gesundheits- und Krankenpfleger) | patientenorientiertes Denken und Arbeiten | ein hohes Maß an Verantwortungsbereitschaft, Flexibilität, Engagement | Eigeninitiative, Teamfähigkeit und Kommunikationsstärke",,3,"Klinik über Stadt, nicht über Portal; Ort der Stelle nicht belegt",https://api.smartrecruiters.com/v1/companies/ArtemedSE/postings/744000144701529
Artemed Klinikum München Süd,München,Intensivpflege,Gesundheits- und Krankenpfleger oder Fachkrankenpfleger (m/w/d),fachweiterbildung,,"""Mitarbeiter werben Mitarbeiter""-Prämie* bis zu 2.000 EUR brutto",nein,,Vollzeit; Teilzeitmöglichkeit; Unbefristet,Abgeschlossene Ausbildung zum Gesundheits- und Krankenpfleger (m/w/d),Fundierte Berufserfahrung in der Intensivpflege; Fachweiterbildung Intensiv und Anästhesie wünschenswert,3,Zuordnung aus dem vorherigen Lauf übernommen; Ort der Stelle nicht belegt,https://jobs.smartrecruiters.com/ArtemedSE/744000141897929-gesundheits-und-krankenpfleger-oder-fachkrankenpfleger-m-w-d-
Asklepios Klinikum Bad Abbach,Bad Abbach,Anästhesie und IMC,Pflegefachkraft (w/m/d) für Anästhesie und Intensivmedizin,fachweiterbildung,,,unklar,,vollzeit_teilzeit,"Sie haben eine abgeschlossene Ausbildung als Pflegefachmann (w/m/d) oder Gesundheits- und Krankenpfleger (w/m/d) | Idealerweise haben Sie die Fachweiterbildung für Anästhesie und/oder Intensivmedizin absolviert | Sie verfügen über fundierte Kenntnisse und praktische Erfahrungen in der Pflege und in der Anästhesie | Sie sind in der Lage selbständig, strukturiert, nachhaltig und teamorientiert zu arbeiten | Sie behalten auch in hektischen Situationen die nötige Ruhe und den Überblick | die Bereitschaft zur kooperativen, ergebnisorientierten Zusammenarbeit mit anderen Berufsgruppen ist für Sie selbstverständlich | Sie sind motiviert und interessiert den Bereich positiv mitzugestalten und weiterzuentwickeln",,5,,https://karriere.asklepios.com/Pflegefachkraft-wmd-fuer-Anaesthesie-und-Intensivmedizin-de-j25622.html
Asklepios Klinikum Bad Abbach,Bad Abbach,Anästhesie und Intensivmedizin,Pflegefachkraft (w/m/d) für Anästhesie und Intensivmedizin,pflegefachkraft,,,nein,,in Voll- oder Teilzeit,abgeschlossene Ausbildung als Pflegefachmann (w/m/d) oder Gesundheits- und Krankenpfleger (w/m/d),Idealerweise Fachweiterbildung für Anästhesie und/oder Intensivmedizin,3,"Zuordnung aus dem vorherigen Lauf übernommen; keine Belegzitate · pay_text auf der Seite nicht gefunden, geleert",https://karriere.asklepios.com/pflegefachkraft-wmd-fuer-anaesthesie-und-intensivmedizin-de-j25622.html
Asklepios Klinikum Bad Abbach,Bad Abbach,ASV Rheuma,Pflegefachkraft ASV Rheuma (w/m/d),pflegefachkraft,,,unklar,,vollzeit_teilzeit,"Sie sind examinierte Pflegefachkraft (w/m/d) | Sie verfügen über EDV-Kenntnisse | Für Sie sind der sensible Umgang mit Patienten:innen und Angehörigen sowie ein sicheres und freundliches Auftreten selbstverständlich | Sie arbeiten gern kooperativ mit anderen Berufsgruppen im Krankenhaus zusammen | Sie sind serviceorientiert, flexibel und belastbar",,5,,https://karriere.asklepios.com/Pflegefachkraft-ASV-Rheuma-wmd-de-j27829.html
Asklepios Klinikum Bad Abbach,Bad Abbach,ASV Rheuma,Pflegefachkraft ASV Rheuma (w/m/d),pflegefachkraft,,,nein,,Voll/Teilzeit,examinierte Pflegefachkraft (w/m/d),,3,Zuordnung aus dem vorherigen Lauf übernommen; keine Belegzitate,https://karriere.asklepios.com/pflegefachkraft-asv-rheuma-wmd-de-j27829.html
Asklepios Klinikum Bad Abbach,Bad Abbach,Aufnahmestation,Pflegefachkraft Aufnahmestation (w/m/d),pflegefachkraft,,,unklar,,vollzeit_teilzeit,"Sie sind examinierte Pflegefachkraft (w/m/d) | Sie verfügen über EDV-Kenntnisse | Sie sind eine verantwortungsbewusste, belastbare Persönlichkeit | für Sie sind der sensible Umgang mit Patient:innen und Angehörigen sowie ein sicheres und freundliches Auftreten selbstverständlich | Sie arbeiten gern kooperativ mit anderen Berufsgruppen im Krankenhaus zusammen | Sie sind serviceorientiert, flexibel und suchen eine neue Herausforderung",,5,,https://karriere.asklepios.com/Pflegefachkraft-Aufnahmestation-wmd-de-j27828.html
Asklepios Klinikum Bad Abbach,Bad Abbach,Aufnahmestation,Pflegefachkraft Aufnahmestation (w/m/d),pflegefachkraft,,,nein,,Voll/Teilzeit,examinierte Pflegefachkraft (w/m/d),,3,Zuordnung aus dem vorherigen Lauf übernommen; keine Belegzitate,https://karriere.asklepios.com/pflegefachkraft-aufnahmestation-wmd-de-j27828.html
Asklepios Klinikum Bad Abbach,Bad Abbach,Notaufnahme,Pflegefachkraft Notaufnahme (w/m/d),pflegefachkraft,,,unklar,,vollzeit_teilzeit,"Abgeschlossene Ausbildung als Pflegefachkraft (w/m/d) | Idealerweise Zusatzqualifikation im Bereich Notfallpflege | Berufserfahrung in der Notaufnahme, Intensivpflege oder Anästhesie von Vorteil | Hohe Belastbarkeit, schnelle Auffassungsgabe und ausgeprägte Teamfähigkeit | Sicherer Umgang mit Notfallsituationen und hoher emotionaler Kompetenz | Bereitschaft zum Schichtdienst","Berufserfahrung in der Notaufnahme, Intensivpflege oder Anästhesie von Vorteil",5,,https://karriere.asklepios.com/Pflegefachkraft-Notaufnahme-wmd-de-j27075.html
Asklepios Klinikum Bad Abbach,Bad Abbach,Notaufnahme,Pflegefachkraft Notaufnahme (w/m/d),pflegefachkraft,,,nein,,in Voll- oder Teilzeit (mind. 20Std./Woche),Abgeschlossene Ausbildung als Pflegefachkraft (w/m/d),"Berufserfahrung in der Notaufnahme, Intensivpflege oder Anästhesie von Vorteil",3,"Zuordnung aus dem vorherigen Lauf übernommen; keine Belegzitate · pay_text auf der Seite nicht gefunden, geleert",https://karriere.asklepios.com/pflegefachkraft-notaufnahme-wmd-de-j27075.html
Asklepios Lungenklinik Gauting,Gauting,Anästhesie,ATA oder Pflegefachkraft (w/m/d) mit Fachweiterbildung Anästhesie,fachweiterbildung,,"Vergütung nach Landesverbandstarifvertrag des VPKA Bayern , inkl. Jahressonderzahlung sowie Gewinnbeteiligung am Klinikergebnis (bis zu 13,2 Gehälter) sowie arbeitgeberfinanzierte Betriebsrente",ja,Klinikeigener Wohnraum (je nach Verfügbarkeit),vollzeit_teilzeit,"Eine abgeschlossene Berufsausbildung als Anästhesietechnischer Assistent, GKP oder Pflegefachfrau/Pflegefachmann mit Fachweiterbildung Anästhesie | Bereitschaft zu weiteren Fort- und Weiterbildungen | Bereitschaft an der Teilnahme von Rufbereitschaftsdiensten | Gute Kenntnisse im Umgang mit MS Office | Flexibilität, Belastbarkeit, Durchhaltevermögen, Verbindlichkeit, Team- und Motivationsfähigkeit | Bereitschaft zur interdisziplinären und berufsgruppenübergreifenden Zusammenarbeit | Soziale Kompetenz",,5,,https://karriere.asklepios.com/ATA-oder-Pflegefachkraft-wmd-mit-Fachweiterbildung-Anaesth-de-j25088.html
Asklepios Lungenklinik Gauting,Gauting,,Advanced Practice Nurse (w/m/d),pflegefachkraft,,"Vergütung nach Landesverbandtarifvertrag des VPKA Bayern, inkl. Jahressonderzahlung sowie Gewinnbeteiligung am Klinikergebnis (bis zu 13,2 Gehälter) und eine arbeitgeberfinanzierte Betriebsrente",ja,Klinikeigener Wohnraum (je nach Verfügbarkeit),vollzeit_teilzeit,"Abgeschlossene Ausbildung als Gesundheits- und Krankenpfleger, Pflegefachfrau /-mann mit abgeschlossenem Studium im Bereich der Pflege | Fähigkeit zum eigenständigen und innovativen Arbeiten | Offenheit für neue Strukturen und Prozessoptimierung | Engagement für die Weiterentwicklung der pflegerischen und interprofessionellen Versorgung | Flexibilität, Belastbarkeit, Durchhaltevermögen, Verbindlichkeit, Team- und Motivationsfähigkeit | Sozial- und Fachkompetenz | Interesse an Fort- und Weiterbildungen",,5,,https://karriere.asklepios.com/Advanced-Practice-Nurse-wmd-de-j19242.html
Asklepios Lungenklinik Gauting,Gauting,"Intensiv-, Langzeitbeatmungs- und Weaningstation (Beatmungsentwöhnung)",Atmungstherapeuten (DGP) (w/m/d) oder Gesundheits- und Krankenpfleger (w/m/d),pflegefachkraft,,"Vergütung nach Landesverbandstarifvertrag des VPKA Bayern , inkl. Jahressonderzahlung sowie Gewinnbeteiligung am Klinikergebnis (bis zu 13,2 Gehälter) sowie arbeitgeberfinanzierte Betriebsrente",ja,Klinikeigener Wohnraum (soweit verfügbar) vorhanden,vollzeit_teilzeit,"Eine abgeschlossene Berufsausbildung als Atmungstherapeut (w/m/d), oder Gesundheits- und Krankenpfleger (w/m/d), gerne auch mit Intensivweiterbildung | Engagement, Belastbarkeit und Flexibilität und eine aufgeschlossene Persönlichkeit mit Freude an der Arbeit mit kranken Menschen. | Bereitschaft zur Fortbildung | Gesundheits- und Krankenpfleger (w/m/d) mit Bereitschaft, am nächsten Kurs „Weiterbildung zum Atmungstherapeuten“ in unserem Haus teilzunehmen",,5,,https://karriere.asklepios.com/Atmungstherapeuten-DGP-wmd-oder-Gesundheits-und-Krankenpfl-de-j18847.html
Asklepios Lungenklinik Gauting,Gauting,Pneumologie,Gesundheits- und Krankenpfleger (w/m/d) als Dauernachtwache,pflegefachkraft,,"Vergütung nach Landesverbandtarifvertrag des VPKA Bayern, inkl. Jahressonderzahlung sowie Gewinnbeteiligung am Klinikergebnis (bis zu 13,2 Gehälter) und eine arbeitgeberfinanzierte Betriebsrente",ja,Klinikeigener Wohnraum (je nach Verfügbarkeit),vollzeit_teilzeit,"Eine abgeschlossene Berufsausbildung als Gesundheits- und Krankenpfleger bzw. Altenpfleger | Sozial- und Fachkompetenz | Ein hohes Maß an Selbständigkeit, Eigenverantwortung und Flexibilität | Einsatzbereitschaft und Offenheit gegenüber Veränderungsprozessen | Interesse an Fort- und Weiterbildungen",,5,,https://karriere.asklepios.com/Gesundheits-und-Krankenpfleger-wmd-als-Dauernachtwache-de-j19170.html
Asklepios Lungenklinik Gauting,Gauting,Pneumologie / Weaning / Intensiv,Gesundheits- und Krankenpfleger / Altenpfleger (w/m/d) für Pneumologie / Weaning / Intensiv,pflegefachkraft,,"Vergütung nach Landesverbandtarifvertrag des VPKA Bayern, inkl. Jahressonderzahlung sowie Gewinnbeteiligung am Klinikergebnis (bis zu 13,2 Gehälter) und eine arbeitgeberfinanzierte Betriebsrente",ja,Klinikeigener Wohnraum (je nach Verfügbarkeit),vollzeit_teilzeit,"Eine abgeschlossene Berufsausbildung als Gesundheits- und Krankenpfleger oder Altenpfleger | Sozial- und Fachkompetenz | Ein hohes Maß an Selbständigkeit, Eigenverantwortung und Flexibilität | Einsatzbereitschaft und Offenheit gegenüber Veränderungsprozessen | Interesse an Fort- und Weiterbildungen",,5,,https://karriere.asklepios.com/Gesundheits-und-Krankenpfleger-Altenpfleger-wmd-fuer-Pneum-de-j3701.html
Asklepios Lungenklinik Gauting,Gauting,Palliativbereich,Gesundheits- und Krankenpfleger / Altenpfleger (w/m/d) für den Palliativbereich,fachweiterbildung,,"Vergütung nach Landesverbandtarifvertrag des VPKA Bayern, inkl. Jahressonderzahlung sowie Gewinnbeteiligung am Klinikergebnis (bis zu 13,2 Gehälter) und eine arbeitgeberfinanzierte Betriebsrente",ja,Klinikeigener Wohnraum (je nach Verfügbarkeit),vollzeit_teilzeit,"Eine abgeschlossene Berufsausbildung als Gesundheits- und Krankenpfleger oder Altenpfleger mit Erfahrung im Palliativbereich oder der Onkologie | Wünschenswert mit einer Fachweiterbildung in der Palliativpflege oder Onkologie | Sozial- und Fachkompetenz | Ein hohes Maß an Selbständigkeit, Empathie, Eigenverantwortung und Flexibilität | Einsatzbereitschaft und Offenheit gegenüber Veränderungsprozessen | Interesse an Fort- und Weiterbildungen",mit Erfahrung im Palliativbereich oder der Onkologie,5,,https://karriere.asklepios.com/Gesundheits-und-Krankenpfleger-Altenpfleger-wmd-fuer-den-P-de-j24618.html
Asklepios Lungenklinik Gauting,Gauting,Thoraxchirurgie,Gesundheits- und Krankenpfleger / Altenpfleger (w/m/d) für die Thoraxchirurgie,pflegefachkraft,,"Vergütung nach Landesverbandtarifvertrag des VPKA Bayern, inkl. Jahressonderzahlung sowie Gewinnbeteiligung am Klinikergebnis (bis zu 13,2 Gehälter) und eine arbeitgeberfinanzierte Betriebsrente",ja,Klinikeigener Wohnraum (je nach Verfügbarkeit),vollzeit_teilzeit,"Eine abgeschlossene Berufsausbildung als Gesundheits- und Krankenpfleger oder Altenpfleger | Sozial- und Fachkompetenz | Ein hohes Maß an Selbständigkeit, Eigenverantwortung und Flexibilität | Einsatzbereitschaft und Offenheit gegenüber Veränderungsprozessen | Interesse an Fort- und Weiterbildungen",,5,,https://karriere.asklepios.com/Gesundheits-und-Krankenpfleger-Altenpfleger-wmd-fuer-die-T-de-j22177.html
Asklepios Lungenklinik Gauting,Gauting,fachübergreifende Frührehabilitation,Gesundheits- und Krankenpfleger / Altenpfleger (w/m/d) für die fachübergreifende Frührehabilitation,pflegefachkraft,,"Vergütung nach Landesverbandtarifvertrag des VPKA Bayern, inkl. Jahressonderzahlung sowie Gewinnbeteiligung am Klinikergebnis (bis zu 13,2 Gehälter) und eine arbeitgeberfinanzierte Betriebsrente",ja,Klinikeigener Wohnraum (je nach Verfügbarkeit),vollzeit_teilzeit,"Eine abgeschlossene Berufsausbildung als Gesundheits- und Krankenpfleger oder Altenpfleger | Sozial- und Fachkompetenz | Ein hohes Maß an Selbständigkeit, Eigenverantwortung und Flexibilität | Einsatzbereitschaft und Offenheit gegenüber Veränderungsprozessen | Interesse an Fort- und Weiterbildungen",,5,,https://karriere.asklepios.com/Gesundheits-und-Krankenpfleger-Altenpfleger-wmd-fuer-die-f-de-j21096.html
Asklepios Lungenklinik Gauting,Gauting,somnologische Station,Gesundheits- und Krankenpfleger / Altenpfleger (w/m/d) für die somnologische Station,pflegefachkraft,,"Vergütung nach Landesverbandtarifvertrag des VPKA Bayern, inkl. Jahressonderzahlung sowie Gewinnbeteiligung am Klinikergebnis (bis zu 13,2 Gehälter) und eine arbeitgeberfinanzierte Betriebsrente",ja,Klinikeigener Wohnraum (je nach Verfügbarkeit),vollzeit_teilzeit,"Eine abgeschlossene Berufsausbildung als Gesundheits- und Krankenpfleger, Altenpfleger oder Medizinische Fachangestellte | Sozial- und Fachkompetenz | Ein hohes Maß an Selbständigkeit, Eigenverantwortung und Flexibilität | Einsatzbereitschaft und Offenheit gegenüber Veränderungsprozessen | Interesse an Fort- und Weiterbildungen",,5,,https://karriere.asklepios.com/Gesundheits-und-Krankenpfleger-Altenpfleger-wmd-fuer-die-s-de-j25113.html
Asklepios Lungenklinik Gauting,Gauting,Springerpool,Gesundheits- und Krankenpfleger / Altenpfleger (w/m/d) für unseren Springerpool,pflegefachkraft,,"Vergütung nach Landesverbandtarifvertrag des VPKA Bayern, inkl. Jahressonderzahlung sowie Gewinnbeteiligung am Klinikergebnis (bis zu 13,2 Gehälter) und eine arbeitgeberfinanzierte Betriebsrente",ja,Klinikeigener Wohnraum (je nach Verfügbarkeit),vollzeit_teilzeit,"Eine abgeschlossene Berufsausbildung als Gesundheits- und Krankenpfleger oder Altenpfleger (m/w/d) | Sozial- und Fachkompetenz | Ein hohes Maß an Selbständigkeit, Eigenverantwortung und Flexibilität | Einsatzbereitschaft und Offenheit gegenüber Veränderungsprozessen | Bereitschaft zur interdisziplinären und stationsübergreifenden Zusammenarbeit | Interesse an Fort- und Weiterbildungen",,5,,https://karriere.asklepios.com/Gesundheits-und-Krankenpfleger-Altenpfleger-wmd-fuer-unser-de-j21394.html
Asklepios Lungenklinik Gauting,Gauting,Bronchoskopie,Gesundheits- und Krankenpfleger / Altenpfleger (w/m/d)/ Pflegefachmann/-frau Bronchoskopie,pflegefachkraft,,"Vergütung nach Landesverbandtarifvertrag des VPKA Bayern, inkl. Jahressonderzahlung sowie Gewinnbeteiligung am Klinikergebnis (bis zu 13,2 Gehälter) und eine arbeitgeberfinanzierte Betriebsrente",ja,Klinikeigener Wohnraum (je nach Verfügbarkeit),vollzeit_teilzeit,"Eine abgeschlossene Berufsausbildung als Gesundheits- und Krankenpfleger, Pflegefachfrau/-mann oder Altenpfleger (m/w/d) | Fachkenntnisse im Umgang mit endoskopischen Geräten von Vorteil | Ausgeprägte Sozial- und Fachkompetenz, Selbständigkeit, Eigenverantwortung, Flexibilität und Organisationsfähigkeit | Interesse an Fort- und Weiterbildungen",vorzugsweise mit Erfahrung in der Pneumologie und der Bronchoskopie,5,,https://karriere.asklepios.com/Gesundheits-und-Krankenpfleger-Altenpfleger-wmd-Pflegefach-de-j21397.html
Asklepios Orthopädische Klinik Lindenlohe,Schwandorf,,Pflegefachkraft (w/m/d),pflegefachkraft,,,unklar,,vollzeit_teilzeit,"Abgeschlossene Ausbildung als Pflegefachkraft oder gleichwertige Qualifikation | Gute pflegerische Fachkompetenz und Aufgeschlossenheit gegenüber modernen Pflegekonzepten | Engagement, Verlässlichkeit und Freude an der Arbeit im Team | Freundlichkeit und Kommunikationsbereitschaft gegenüber Patienten und Angehörigen",,5,,https://karriere.asklepios.com/Pflegefachkraft-wmd-de-j27478.html
Asklepios Stadtklinik Bad Tölz,Bad Tölz,Aufnahme- und Belegungssteuerung im Koordinationsstützpunkt,Pflegefachkraft (m/w/d) für die Aufnahme- und Belegungssteuerung im Koordinationsstützpunkt - Schlemmer Klinik Bad Tölz,pflegefachkraft,,Leistungsgerechte Vergütung und 30 Tage Urlaub pro Jahr,unklar,,teilzeit,"Sie verfügen über eine abgeschlossene dreijährige Pflegeausbildung als Pflegefachkraft (m/w/d), Gesundheits- und Krankenpfleger (m/w/d) | Freude an strukturierter, planerischer Arbeit und an der Steuerung komplexer Abläufe | Sicherer Umgang mit Klinikinformationssystemen und MS Office | Organisationsstärke, Verlässlichkeit und ein klarer Blick für Prioritäten | Empathie, Serviceorientierung und ein professionelles Auftreten runden Ihr Profil ab",,4,Klinik nach Anzeigenort korrigiert,https://karriere.kirinus.de/stellenangebote/detail/j1098-pflegefachkraft-m/w/d-fuer-die-aufnahme-und-belegungssteuerung-im-koordinationsstuetzpunkt-schlemmer-klinik
Asklepios Stadtklinik Bad Tölz,Bad Tölz,Herzkatheterlabor,Pflegefachkraft (w/m/d) Herzkatheterlabor,pflegefachkraft,,,unklar,,vollzeit_teilzeit,"Abgeschlossene Ausbildung als Pflegefachkraft, Gesundheits- und Krankenpfleger:in oder Altenpfleger:in | Berufserfahrung in den Bereichen Intensivmedizin, Anästhesie oder OP wünschenswert, jedoch nicht zwingend erforderlich | Flexibilität in der Arbeitszeitgestaltung | Bereitschaft zur Teamarbeit und kooperativen Zusammenarbeit mit anderen Berufsgruppen | Hohe Belastbarkeit und Fähigkeit, in stressigen Situationen ruhig zu bleiben | Teilnahme am Rufbereitschaftsdienst des Herzkatheterlabors","Berufserfahrung in den Bereichen Intensivmedizin, Anästhesie oder OP wünschenswert, jedoch nicht zwingend erforderlich",5,,https://karriere.asklepios.com/Pflegefachkraft-wmd-Herzkatheterlabor-de-j19964.html
Asklepios Stadtklinik Bad Tölz,Bad Tölz,Anästhesie,Pflegefachkraft / Anästhesietechnischer Assistent (w/m/d),ota_ata,,,unklar,,vollzeit_teilzeit,"Abgeschlossene Ausbildung als Krankenschwester, Krankenpfleger:in, Pflegefachkraft, oder Anästhesietechnische:r Assistent:in | Relevante Berufserfahrung in der Anästhesie | Verantwortungsbewusstsein | Engagement, Teamfähigkeit und Flexibilität | Strukturierte und lösungsorientierte Arbeitsweise | Hohes Maß an Sozialkompetenz",Relevante Berufserfahrung in der Anästhesie,5,,https://karriere.asklepios.com/Pflegefachkraft-Anaesthesietechnischer-Assistent-wmd-de-j26931.html
Atos Starmed Klinik,München,OP,Operationstechnische/n Assistent*in / OTA (m/w/d),ota_ata,,,unklar,,vollzeit_teilzeit,"Sie haben eine erfolgreich abgeschlossene Ausbildung als OTA (m/w/d) oder zum/zur Gesundheits- und Krankenpfleger*in (m/w/d) mit OP-Erfahrung | oder eine Fachweiterbildung in der OP-Pflege. | Sie konnten idealerweise bereits Erfahrungen im operationstechnischen Bereich sammeln. | Sie verfügen über Team- und Kooperationsfähigkeit und arbeiten gerne mit anderen Berufsgruppen in der patientenorientierten Betreuung zusammen. | Sie zeichnen sich aus durch ein hohes Maß an Patienten- und Serviceorientierung. | Verantwortungsbewusstsein, Zuverlässigkeit sowie eine selbstständige und organisierte Arbeitsweise runden Ihr Profil ab.",Sie konnten idealerweise bereits Erfahrungen im operationstechnischen Bereich sammeln.,5,,https://atosklinikmuenchen.hr4you.org/job/view/592/operationstechnische-n-assistent-in-ota-m-w-d?page_lang=de
Augenklinik Herzog Carl Theodor,München,Station,Gesundheits- und Krankenpfleger/-in bzw. Pflegefachfrau/ Pflegefachmann (m/w/d) für die Station,pflegefachkraft,,,unklar,,in Vollzeit (100%) im Schichtdienst,abgeschlossene Ausbildung in der Gesundheits- und Krankenpflege,,2,"Zuordnung aus dem vorherigen Lauf übernommen; Ort der Stelle nicht belegt; keine Belegzitate · pay_text auf der Seite nicht gefunden, geleert",https://www.augenklinik-muenchen.de/fileadmin/sites/augenklinik-muenchen.de/files/stellenangebote/augenklinik_gesundheits_krankenfplege_station_v02.pdf
Augenklinik Herzog Carl Theodor,München,OP-Ambulanz,Gesundheits- und Krankenpfleger/-in bzw. Pflegefachfrau/Pflegefachmann (m/w/d) für die OP-Ambulanz,pflegefachkraft,,,unklar,,in Vollzeit,abgeschlossene Ausbildung in der Gesundheits- und Krankenpflege oder Kinderkrankenpflege,,2,"Zuordnung aus dem vorherigen Lauf übernommen; Ort der Stelle nicht belegt; keine Belegzitate · pay_text auf der Seite nicht gefunden, geleert",https://www.augenklinik-muenchen.de/fileadmin/sites/augenklinik-muenchen.de/files/stellenangebote/augenklinik_gesundheits_krankenpflege_op_v02.pdf
Augenklinik Herzog Carl Theodor,München,OP / Operationsdienst,OP-Schwester / MFA / OTA (m/w/d),ota_ata,,,unklar,,in Vollzeit,mehrjährige Erfahrung im Operationsdienst,mehrjährige Erfahrung im Operationsdienst,2,"Zuordnung aus dem vorherigen Lauf übernommen; Ort der Stelle nicht belegt; keine Belegzitate · pay_text auf der Seite nicht gefunden, geleert",https://www.augenklinik-muenchen.de/fileadmin/sites/augenklinik-muenchen.de/files/stellenangebote/augenklinik_op_mitarbeiter.pdf
Augustinum Klinik München,München,Elektrophysiologie (EPU) Labor,Gesundheits- und Krankenpfleger / MFA (m/w/d) Elektrophysiologie (EPU) Labor Augustinum Klinik München,pflegefachkraft,,Attraktive Vergütung nach Arbeitsvertragsrichtlinien der Diakonie Bayern (AVR- Bayern),nein,,Teilzeit oder Vollzeit,"Abgeschlossene Ausbildung als Pflegefachmann/-frau, Gesundheits- und Krankenpfleger (m/w/d), Krankenschwester (m/w/d) oder Medizinischer Fachangestellter (m/w/d)",,4,Zuordnung aus dem vorherigen Lauf übernommen,https://bewerbung.augustinum-gruppe.de/jobposting/4dcf393f029b1c63418df0fa063530e99c82ce070
Augustinum Klinik München,München,,Pflegefachhelferin (m/w/d) Augustinum Klinik,hilfskraft,,Attraktive Vergütung nach Arbeitsvertragsrichtlinien der Diakonie Bayern (AVR- Bayern),nein,,Teil- oder Vollzeit,Abgeschlossene 1-jährige Ausbildung zum Krankenpflegehelfer (m/w/d) oder Pflegefachhelfer (m/w/d),,4,Zuordnung aus dem vorherigen Lauf übernommen,https://bewerbung.augustinum-gruppe.de/jobposting/3a09c4b1f2f90ff9b5bd9dc2c67f7781111bedb60
Augustinum Klinik München,München,,Pflegefachkraft (m/w/d),pflegefachkraft,,Attraktive Vergütung nach Arbeitsvertragsrichtlinien der Diakonie Bayern (AVR- Bayern),nein,,Teil- oder Vollzeit,"Abgeschlossene Ausbildung als Pflegefachmann/-frau, Gesundheits- und Krankenpfleger (m/w/d), Krankenschwester (m/w/d) oder Medizinische Fachangestellte (m/w/d)",Berufserfahrung in der Pflege,4,Zuordnung aus dem vorherigen Lauf übernommen,https://bewerbung.augustinum-gruppe.de/jobposting/7e8c10b3469cc282dad1d21ceaa03e5cdfe7ff610
Augustinum Klinik München,München,Überwachungsstation / Nothilfe / Chest Pain Unit,Pflegefachkraft (m/w/d) Überwachungsstation / Nothilfe / Chest Pain Unit,pflegefachkraft,,Attraktive Vergütung nach Arbeitsvertragsrichtlinien der Diakonie Bayern (AVR- Bayern),nein,,Teil- oder Vollzeit,"Abgeschlossene Ausbildung als Pflegefachmann/Pflegefachfrau, Gesundheits- und Krankenpfleger (m/w/d) oder Krankenschwester (m/w/d)","Fachweiterbildung und/oder Berufserfahrung im Bereich von Überwachungsstationen (IMC, ICU, CCU etc.) wünschenswert",4,Zuordnung aus dem vorherigen Lauf übernommen,https://bewerbung.augustinum-gruppe.de/jobposting/a7081786228ebcec4f87ef68d7c48064d7c861e20
Benedictus Krankenhaus Feldafing,Feldafing,Geriatrie,"Gesundheits- und Krankenpfleger, Pflegefachfrau/mann oder Altenpfleger (m/w/d) für die Geriatrie in Voll- oder Teilzeit, unbefristet",pflegefachkraft,,"Leistungsgerechtes Gehalt in Anlehnung an den AVR sowie attraktive Sonderzulagen; 500,00 EUR brutto ""Umzugsprämie""",ja,Unterstützung bei der Suche nach einer Wohnung mittels internem Wohnungsvermittler (nach Möglichkeit auch Mitarbeiterwohnungen),"Voll- oder Teilzeit, unbefristet","examinierter Gesundheits- und Krankenpfleger, Pflegefachfrau/mann oder Altenpfleger (w/m/d)",,3,Zuordnung aus dem vorherigen Lauf übernommen; Ort der Stelle nicht belegt,https://jobs.smartrecruiters.com/ArtemedSE/744000129132390
Benedictus Krankenhaus Feldafing,Feldafing,Neurologie,"Gesundheits- und Krankenpfleger, Pflegefachfrau/mann oder Altenpfleger (m/w/d) für die Neurologie in Voll- oder Teilzeit, unbefristet",pflegefachkraft,,Leistungsgerechtes Gehalt in Anlehnung an den AVR sowie attraktive Sonderzulagen,ja,Unterstützung bei der Suche nach einer Wohnung mittels internem Wohnungsvermittler (nach Möglichkeit auch Mitarbeiterwohnungen),"Voll- oder Teilzeit, unbefristet","examinierter Gesundheits- und Krankenpfleger, Pflegefachfrau/mann oder Altenpfleger (m/w/d)",,3,Zuordnung aus dem vorherigen Lauf übernommen; Ort der Stelle nicht belegt,https://jobs.smartrecruiters.com/ArtemedSE/744000129134508
Benedictus Krankenhaus Feldafing,Feldafing,Orthopädie,"Gesundheits- und Krankenpfleger, Pflegefachfrau/mann oder Altenpfleger (m/w/d) für die Orthopädie in Voll- oder Teilzeit, unbefristet",pflegefachkraft,,"Leistungsgerechtes Gehalt in Anlehnung an den AVR sowie attraktive Sonderzulagen; 500,00 EUR brutto ""Umzugsprämie""; ""Startprämie"" bis zu max. 2.000,00 EUR brutto",ja,Unterstützung bei der Suche nach einer Wohnung mittels internem Wohnungsvermittler (nach Möglichkeit auch Mitarbeiterwohnungen),"Voll- oder Teilzeit, unbefristet","examinierter Gesundheits- und Krankenpfleger, Pflegefachfrau/mann oder Altenpfleger (m/w/d)",,3,Zuordnung aus dem vorherigen Lauf übernommen; Ort der Stelle nicht belegt,https://jobs.smartrecruiters.com/ArtemedSE/744000129137948
Benedictus Krankenhaus Feldafing,Feldafing,"Stationäres Schmerzzentrum, Dauernachtdienst","Gesundheits- und Krankenpfleger, Pflegefachfrau/mann oder Altenpfleger (m/w/d) im Dauernachtdienst für das stationäre Schmerzzentrum in Voll- oder Teilzeit, unbefristet",pflegefachkraft,,Leistungsgerechtes Gehalt,ja,Unterstützung bei der Suche nach einer Wohnung mittels internem Wohnungsvermittler (nach Möglichkeit auch Mitarbeiterwohnungen),"Voll- oder Teilzeit, unbefristet","examinierter Gesundheits- und Krankenpfleger, Pflegefachfrau/mann oder Altenpfleger (w/m/d)",,3,Zuordnung aus dem vorherigen Lauf übernommen; Ort der Stelle nicht belegt,https://jobs.smartrecruiters.com/ArtemedSE/744000117268906
Benedictus Krankenhaus Tutzing,Tutzing,allgemeinpflegerische Stationen,Advanced Practice Nurse (m/w/d),pflegefachkraft,,Bis zu 2.000 € brutto „Startprämie“ (sofern keine Kündigung/Beendigung innerhalb der ersten sechs Monate),ja,"Mitarbeiterwohnungen bei Verfügbarkeit, sowie Unterstützung bei der Wohnungssuche",vollzeit_teilzeit,"Abgeschlossene Ausbildung als Pflegefachkraft (m/w/d) | abgeschlossenes wissenschaftliches Hochschulstudium (M.A./M.Sc.) in Pflegewissenschaften, Advanced Practice Nursing",,3,"Klinik über Stadt, nicht über Portal; Ort der Stelle nicht belegt",https://api.smartrecruiters.com/v1/companies/ArtemedSE/postings/744000112960222
Benedictus Krankenhaus Tutzing,Tutzing,Anästhesie,"Fachkrankenpfleger I/A (m/w/d), Gesundheits- und Krankenpfleger (m/w/d), ATA (m/w/d)",fachweiterbildung,,"Bis zu 2.000,00 EUR brutto „Startprämie“ (sofern keine Kündigung/Beendigung innerhalb der ersten sechs Monate)",ja,Mitarbeiterwohnungen,,"Ausbildung als Fachkrankenpfleger I/A (m/w/d), oder Ausbildung als Gesundheits- und Krankenpfleger (m/w/d) | oder Anästhesietechnischer Assistent (ATA) (m/w/d) | Kommunikative Fähigkeiten, Aufgeschlossenheit und Teamfähigkeit sowie Sensibilität und Einfühlungsvermögen im Umgang mit Patienten | Selbständiges Arbeiten, Eigeninitiative | Bereitschaft zu Fort- und Weiterbildungen",,3,"Klinik über Stadt, nicht über Portal; Ort der Stelle nicht belegt",https://api.smartrecruiters.com/v1/companies/ArtemedSE/postings/744000043441415
Benedictus Krankenhaus Tutzing,Tutzing,,Gesundheits- und Krankenpfleger /Pflegefachkräfte als Hauptnachtwache (w/m/d) in Voll- oder Teilzeit,leitung,,"bis zu 2.000,00 EUR brutto „Startprämie“",ja,"Mitarbeiterwohnungen, sowie zusätzlich Ihr persönlicher Wohnraumrecruiter, der die passende Wohnung nach Ihren Bedürfnissen sucht",vollzeit_teilzeit,Abgeschlossene Ausbildung als Gesundheits- und Krankenpfleger / Pflegefachkraft (m/w/d) | Mehrjährige Erfahrung in einem Akutkrankenhaus,Mehrjährige Erfahrung in einem Akutkrankenhaus,3,"Klinik über Stadt, nicht über Portal; Ort der Stelle nicht belegt",https://api.smartrecruiters.com/v1/companies/ArtemedSE/postings/743999941161450
Benedictus Krankenhaus Tutzing,Tutzing,Allgemeinpflegestationen,Medizinische Fachangestellte (m/w/d) oder Pflegefachkraft  (m/w/d) in Teilzeit (Vormittag oder Nachmittag) für unseren Bereich OP-Vorbereitung / Überwachung ambulante OP‘s,pflegefachkraft,,Leistungsgerechte Vergütung,ja,"Mitarbeiterwohnungen, sowie zusätzlich Ihr persönlicher Wohnraumrecruiter, der die passende Wohnung nach Ihren Bedürfnissen sucht",teilzeit,"Abgeschlossene Ausbildung als Medizinischer &#xa0; Fachangestellter (MFA) (m/w/d) &#xa0;oder Pflegefachkraft (m/w/d) | Freundlicher, strukturierter und verantwortungsbewusster Arbeitsstil | Teamgeist sowie Einfühlungsvermögen im Umgang mit Patient*innen",,3,"Klinik über Stadt, nicht über Portal; Ort der Stelle nicht belegt",https://api.smartrecruiters.com/v1/companies/ArtemedSE/postings/744000136010785
Benedictus Krankenhaus Tutzing,Tutzing,Allgemeinpflegestationen,Medizinische Fachangestellte (m/w/d) oder Pflegefachkraft als Organisationskraft in Voll- oder Teilzeit,pflegefachkraft,,Leistungsgerechte Vergütung,ja,"Mitarbeiterwohnungen, sowie zusätzlich Ihr persönlicher Wohnraumrecruiter, der die passende Wohnung nach Ihren Bedürfnissen sucht",vollzeit_teilzeit,Abgeschlossene Ausbildung als MFA (m/w/d) oder abgeschlossene Ausbildung zur Pflegefachkraft.,,3,"Klinik über Stadt, nicht über Portal; Ort der Stelle nicht belegt",https://api.smartrecruiters.com/v1/companies/ArtemedSE/postings/744000136222349
Benedictus Krankenhaus Tutzing,Tutzing,elektive Aufnahme,Medizinische Fachangestellte (m/w/d) oder Pflegefachkraft in Voll- oder Teilzeit,pflegefachkraft,,Leistungsgerechte Vergütung,ja,"Mitarbeiterwohnungen, sowie zusätzlich Ihr persönlicher Wohnraumrecruiter, der die passende Wohnung nach Ihren Bedürfnissen sucht",vollzeit_teilzeit,Abgeschlossene Ausbildung als MFA (m/w/d) oder abgeschlossene Ausbildung zur Pflegefachkraft.,,3,"Klinik über Stadt, nicht über Portal; Ort der Stelle nicht belegt",https://api.smartrecruiters.com/v1/companies/ArtemedSE/postings/744000136223159
Benedictus Krankenhaus Tutzing,Tutzing,OP-Pflege,"OTA / Pflegefachkraft OP-Pflege  (m/w/d) in Voll- oder Teilzeit, unbefristet",ota_ata,,,ja,"Mitarbeiterwohnungen bei Verfügbarkeit, sowie Unterstützung bei der Wohnungssuche",vollzeit_teilzeit,"Erfolgreich abgeschlossene Berufsausbildung als Gesundheits- und Krankenpfleger (m/w/d), Pflegefachkraft (m/w/d), Altenpfleger (m/w/d) | Operationstechnischer Assistent (m/w/d)",,3,"Klinik über Stadt, nicht über Portal; Ort der Stelle nicht belegt",https://api.smartrecruiters.com/v1/companies/ArtemedSE/postings/744000004992216
Benedictus Krankenhaus Tutzing,Tutzing,OP-Pflege,"OTA / Pflegefachkraft OP-Pflege  (m/w/d) in Voll- oder Teilzeit, unbefristet",ota_ata,,,ja,"Mitarbeiterwohnungen bei Verfügbarkeit, sowie Unterstützung bei der Wohnungssuche","Voll- oder Teilzeit, unbefristet",Gesundheits- und Krankenpfleger | Pflegefachkraft | Altenpfleger | Operationstechnischer Assistent,,3,"Zuordnung aus dem vorherigen Lauf übernommen; Ort der Stelle nicht belegt · pay_text auf der Seite nicht gefunden, geleert",https://jobs.smartrecruiters.com/ArtemedSE/744000004992216-ota-pflegefachkraft-op-pflege-m-w-d-in-voll-oder-teilzeit-unbefristet
Benedictus Krankenhaus Tutzing,Tutzing,,Pflegefachhelfer / KPH/APH (m/w/d),hilfskraft,,,ja,"Mitarbeiterwohnungen, sowie zusätzlich Ihr persönlicher Wohnraumrecruiter, der die passende Wohnung nach Ihren Bedürfnissen sucht",vollzeit_teilzeit,Abgeschlossene einjährige Ausbildung als Pflegefachhelfer / KPH / APH (m/w/d) | Hohes soziales Engagement und empathisches Auftreten | Bereitschaft zur fachlichen Weiterentwicklung,,3,"Klinik über Stadt, nicht über Portal; Ort der Stelle nicht belegt",https://api.smartrecruiters.com/v1/companies/ArtemedSE/postings/743999941160583
Benedictus Krankenhaus Tutzing,Tutzing,Allgemeinpflegestationen,Pflegefachkraft (m/w/d) als Schmerzexpert:in (Pain Nurse) für die Allgemeinpflegestationen (Teilzeit möglich),pflegefachkraft,,"Bis zu 2.000,00 EUR brutto „Startprämie“ (sofern keine Kündigung/Beendigung innerhalb der ersten sechs Monate)",ja,"Mitarbeiterwohnungen, sowie zusätzlich Ihr persönlicher Wohnraumrecruiter, der die passende Wohnung nach Ihren Bedürfnissen sucht",vollzeit_teilzeit,"abgeschlossene Ausbildung als Pflegefachkraft (m/w/d) | Mehrjährige Berufserfahrung im Akutkrankenhaus | Nachweisbare Erfahrung in der pflegerischen Begleitung von Schmerzpatientinnen und -patienten | Abgeschlossene Weiterbildung zur*zum Pain Nurse oder die Bereitschaft, diese zu absolvieren | Hohes Interesse an kontinuierlicher Fort- und Weiterbildung | Wünschenswert: abgeschlossenes pflegebezogenes Studium oder ein fortgeschrittenes Studium (ab dem 5. Semester) mit dem Wunsch, Theorie und Praxis zu verbinden",Mehrjährige Berufserfahrung im Akutkrankenhaus,3,"Klinik über Stadt, nicht über Portal; Ort der Stelle nicht belegt",https://api.smartrecruiters.com/v1/companies/ArtemedSE/postings/744000071046647
Benedictus Krankenhaus Tutzing,Tutzing,Stroke Unit / Chest Pain Unit,"Pflegefachkraft (m/w/d) für die Stroke Unit / Chest Pain Unit, Voll- oder Teilzeit",pflegefachkraft,,,ja,"Mitarbeiterwohnungen bei Verfügbarkeit, sowie Unterstützung bei der Wohnungssuche",vollzeit_teilzeit,"Abgeschlossene Ausbildung als Gesundheits- und Krankenpfleger (m/w/d), Altenpfleger (m/w/d), Pflegefachmann / Pflegefachfrau (m/w/d), Pflegefachkraft (m/w/d)",,3,"Klinik über Stadt, nicht über Portal; Ort der Stelle nicht belegt",https://api.smartrecruiters.com/v1/companies/ArtemedSE/postings/744000004987510
Benedictus Krankenhaus Tutzing,Tutzing,Stroke Unit / Chest Pain Unit,"Pflegefachkraft (m/w/d) für die Stroke Unit / Chest Pain Unit, Voll- oder Teilzeit",pflegefachkraft,,,ja,"Mitarbeiterwohnungen bei Verfügbarkeit, sowie Unterstützung bei der Wohnungssuche",Voll- oder Teilzeit,Gesundheits- und Krankenpfleger | Altenpfleger | Pflegefachmann/-frau,,3,"Zuordnung aus dem vorherigen Lauf übernommen; Ort der Stelle nicht belegt · pay_text auf der Seite nicht gefunden, geleert",https://jobs.smartrecruiters.com/ArtemedSE/744000004987510-pflegefachkraft-m-w-d-fur-die-stroke-unit-chest-pain-unit-voll-oder-teilzeit
Benedictus Krankenhaus Tutzing,Tutzing,Wirbelsäulenchirurgie und Neurologie,"Pflegefachkraft (m/w/d) für die Wirbelsäulenchirurgie und Neurologie in Voll- oder Teilzeit, unbefristet",pflegefachkraft,,Bis zu 2.000 € brutto „Startprämie“ (sofern keine Kündigung/Beendigung innerhalb der ersten sechs Monate),ja,"Mitarbeiterwohnungen bei Verfügbarkeit, sowie Unterstützung bei der Wohnungssuche",vollzeit_teilzeit,"eine erfolgreich abgeschlossene Berufsausbildung als Gesundheits- und Krankenpfleger (m/w/d), Pflegefachkraft (m/w/d), Altenpfleger (m/w/d) | sicheres, selbstständiges und verantwortungsbewusstes Arbeiten und Handeln | hohes soziales Engagement und empathisches Auftreten | Bereitschaft zur fachlichen Weiterentwicklung",,3,"Klinik über Stadt, nicht über Portal; Ort der Stelle nicht belegt",https://api.smartrecruiters.com/v1/companies/ArtemedSE/postings/744000116451583
Benedictus Krankenhaus Tutzing,Tutzing,interdisziplinäre Intensivstation,"Pflegefachkraft (m/w/d) für die interdisziplinäre Intensivstation in Voll- oder Teilzeit, unbefristet",pflegefachkraft,,,ja,"Mitarbeiterwohnungen bei Verfügbarkeit, sowie Unterstützung bei der Wohnungssuche",vollzeit_teilzeit,Die Station ist gleichermaßen für Berufsanfänger sowie bereits in der Intensivpflege erfahrene Pflegekräfte geeignet.,,3,"Klinik über Stadt, nicht über Portal; Ort der Stelle nicht belegt",https://api.smartrecruiters.com/v1/companies/ArtemedSE/postings/744000004983365
Benedictus Krankenhaus Tutzing,Tutzing,Interdisziplinäre Intensivstation,"Pflegefachkraft (m/w/d) für die interdisziplinäre Intensivstation in Voll- oder Teilzeit, unbefristet",pflegefachkraft,,,ja,"Mitarbeiterwohnungen bei Verfügbarkeit, sowie Unterstützung bei der Wohnungssuche","Voll- oder Teilzeit, unbefristet",Pflegefachkraft,,3,"Zuordnung aus dem vorherigen Lauf übernommen; Ort der Stelle nicht belegt · pay_text auf der Seite nicht gefunden, geleert",https://jobs.smartrecruiters.com/ArtemedSE/744000004983365-pflegefachkraft-m-w-d-fur-die-interdisziplinare-intensivstation-in-voll-oder-teilzeit-unbefristet
Benedictus Krankenhaus Tutzing,Tutzing,Notaufnahme,Pflegefachkraft / Notfallsanitäter (m/w/d) für die Notaufnahme in Teilzeit (ausschließlich nur vormittags oder nur nachmittags),pflegefachkraft,,Leistungsgerechte Vergütung,ja,Mitarbeiterwohnungen,teilzeit,"eine erfolgreich abgeschlossene Berufsausbildung als Pflegefachkraft, Gesundheits- und Krankenpfleger (m/wd), Altenpfleger (m/w/d) | wünschenswert: Erfahrung in der Notaufnahme oder Fachweiterbildung Notfallpflege – alternativ: Bereitschaft, diese Weiterbildung zu absolvieren | sicheres, selbstständiges und verantwortungsbewusstes Arbeiten und Handeln | hohes soziales Engagement und empathisches Auftreten | Bereitschaft zur fachlichen Weiterentwicklung",Erfahrung in der Notaufnahme,3,"Klinik über Stadt, nicht über Portal; Ort der Stelle nicht belegt",https://api.smartrecruiters.com/v1/companies/ArtemedSE/postings/744000147473954
Benedictus Krankenhaus Tutzing,Tutzing,Notaufnahme,Pflegefachkraft / Notfallsanitäter (m/w/d) für die Notaufnahme in Voll- oder Teilzeit,pflegefachkraft,,Leistungsgerechte Vergütung,ja,Mitarbeiterwohnungen,vollzeit_teilzeit,"eine erfolgreich abgeschlossene Berufsausbildung als Pflegefachkraft, Gesundheits- und Krankenpfleger (m/wd), Altenpfleger (m/w/d) | wünschenswert: Erfahrung in der Notaufnahme oder Fachweiterbildung Notfallpflege – alternativ: Bereitschaft, diese Weiterbildung zu absolvieren | sicheres, selbstständiges und verantwortungsbewusstes Arbeiten und Handeln | hohes soziales Engagement und empathisches Auftreten | Bereitschaft zur fachlichen Weiterentwicklung",Erfahrung in der Notaufnahme,3,"Klinik über Stadt, nicht über Portal; Ort der Stelle nicht belegt",https://api.smartrecruiters.com/v1/companies/ArtemedSE/postings/744000147470609
Benedictus Krankenhaus Tutzing,Tutzing,Pflegepool,Pflegefachkraft für Wunschdienstzeiten gesucht,pflegefachkraft,,,ja,"Mitarbeiterwohnungen, sowie zusätzlich Ihr persönlicher Wohnraumrecruiter, der die passende Wohnung nach Ihren Bedürfnissen sucht",teilzeit,"eine erfolgreich abgeschlossene Berufsausbildung als Gesundheits- und Krankenpfleger*in, Pflegefachmann*frau, Altenpfleger*in | sicheres, selbstständiges und verantwortungsbewusstes Arbeiten und Handeln | hohes soziales Engagement und empathisches Auftreten | Bereitschaft zur fachlichen Weiterentwicklung",,3,"Klinik über Stadt, nicht über Portal; Ort der Stelle nicht belegt",https://api.smartrecruiters.com/v1/companies/ArtemedSE/postings/743999948032403
Benedictus Krankenhaus Tutzing,Tutzing,Kardiologie,"Pflegefachkraft für die Kardiologie in Voll- oder Teilzeit, unbefristet",pflegefachkraft,,tarifliche Bezahlung angelehnt an den AVR der Caritas,ja,"Mitarbeiterwohnungen, sowie zusätzlich Ihr persönlicher Wohnraumrecruiter, der die passende Wohnung nach Ihren Bedürfnissen sucht",vollzeit_teilzeit,"eine erfolgreich abgeschlossene Berufsausbildung als Gesundheits- und Krankenpfleger*in, Pflegefachmann*frau, Altenpfleger*in | sicheres, selbstständiges und verantwortungsbewusstes Arbeiten und Handeln | hohes soziales Engagement und empathisches Auftreten | Bereitschaft zur fachlichen Weiterentwicklung",,3,"Klinik über Stadt, nicht über Portal; Ort der Stelle nicht belegt",https://api.smartrecruiters.com/v1/companies/ArtemedSE/postings/743999891868868
Benedictus Krankenhaus Tutzing,Tutzing,Kardiologie,"Pflegefachkraft für die Kardiologie in Voll- oder Teilzeit, unbefristet",pflegefachkraft,,,ja,"Mitarbeiterwohnungen, sowie zusätzlich Ihr persönlicher Wohnraumrecruiter, der die passende Wohnung nach Ihren Bedürfnissen sucht","Voll- oder Teilzeit, unbefristet",Gesundheits- und Krankenpfleger*in | Pflegefachmann*frau | Altenpfleger*in,,3,"Zuordnung aus dem vorherigen Lauf übernommen; Ort der Stelle nicht belegt · pay_text auf der Seite nicht gefunden, geleert",https://jobs.smartrecruiters.com/ArtemedSE/743999891868868-pflegefachkraft-fur-die-kardiologie-in-voll-oder-teilzeit-unbefristet
Benedictus Krankenhaus Tutzing,Tutzing,Palliativstation,Pflegefachkraft für unsere Palliativstation,fachweiterbildung,,"bis zu 2.000,00 EUR brutto „Startprämie“",ja,"Mitarbeiterwohnungen, sowie zusätzlich Ihr persönlicher Wohnraumrecruiter, der die passende Wohnung nach Ihren Bedürfnissen sucht",vollzeit_teilzeit,Abgeschlossene Ausbildung als Gesundheits- und Krankenpfleger (m/w/d) /Altenpfleger (m/w/d) / Pflegefachmann (m/w/d) | Abgeschlossene Weiterbildung Palliative care oder Bereitschaft diese zu absolvieren. | Mehrjährige Berufserfahrung wünschenswert | Hohes soziales Engagement und empathisches Auftreten | Bereitschaft zur fachlichen Weiterentwicklung,Mehrjährige Berufserfahrung wünschenswert,3,"Klinik über Stadt, nicht über Portal; Ort der Stelle nicht belegt",https://api.smartrecruiters.com/v1/companies/ArtemedSE/postings/743999948029299
Benedictus Krankenhaus Tutzing,Tutzing,Palliativstation,Pflegefachkraft für unsere Palliativstation,fachweiterbildung,,,unklar,,,Gesundheits- und Krankenpfleger | Altenpfleger | Pflegefachmann | Weiterbildung Palliative Care oder Bereitschaft diese zu absolvieren,Abgeschlossene Weiterbildung Palliative care; Mehrjährige Berufserfahrung wünschenswert,2,Zuordnung aus dem vorherigen Lauf übernommen; Ort der Stelle nicht belegt; keine Belegzitate,https://jobs.smartrecruiters.com/ArtemedSE/743999948029299-pflegefachkraft-fur-unsere-palliativstation
Benedictus Krankenhaus Tutzing,Tutzing,,Pflegefachkraft mit akad. Zusatzqualifikation B.A. B.Sc.  (w/m/d) in Voll- oder Teilzeit,pflegefachkraft,,Leistungsgerechte Vergütung,ja,"Mitarbeiterwohnungen, sowie zusätzlich Ihr persönlicher Wohnraumrecruiter, der die passende Wohnung nach Ihren Bedürfnissen sucht",vollzeit_teilzeit,"Abgeschlossene Ausbildung als Pflegefachmann, Gesundheits- und Krankenpfleger (m/w/d) | Abgeschlossenes bzw. ab dem 5. Semester pflegebezogenes Studium auf Bachelor-Niveau, z.B. Pflege Dual, Pflegewissenschaft sowie Berufserfahrung | Bereitschaft zur fachlichen Weiterentwicklung",Berufserfahrung,3,"Klinik über Stadt, nicht über Portal; Ort der Stelle nicht belegt",https://api.smartrecruiters.com/v1/companies/ArtemedSE/postings/744000131148337
Benedictus Krankenhaus Tutzing,Tutzing,Schule für Gesundheitsberufe,Pflegepädagoge / Berufspädagoge (m/w/d) „Schule für Gesundheitsberufe Tutzing“ Starnberger See,unklar,,Leistungsgerechte Vergütung in Anlehnung an den AVR,ja,Mitarbeiterwohnungen bei Verfügbarkeit,,"Staatlich anerkannter Abschluss in einem Pflegeberuf, z. B. als Gesundheits- und Krankenpfleger (m/w/d), Gesundheits- und Kinderkrankenpfleger (m/w/d) | Ein abgeschlossenes Masterstudium im Bereich Pflegepädagogik, Berufspädagogik im Gesundheitswesen, Medizinpädagogik | oder eine vergleichbare akademische Qualifikation, die zur Lehrtätigkeit an Pflegeschulen befähigt | Abgeschlossenes pädagogisches Studium (B.A.) (Pflegepädagogik, Medizinpädagogik, Berufspädagogik) | Erste pädagogische Berufserfahrung | Fundierte Lehr- und Leitungserfahrung an einer staatlich anerkannten Gesundheitsfachschule oder einer Pflegeschule | Bringen Sie sich als Kursleitung und Bezugslehrende für die Praxis mit ein und begleiten Sie unsere Auszubildenden ganz individuell | Sie haben Interesse an Integrationsarbeit",,3,"Klinik über Stadt, nicht über Portal; Ort der Stelle nicht belegt",https://api.smartrecruiters.com/v1/companies/ArtemedSE/postings/744000117491677
Benedictus Krankenhaus Tutzing,Tutzing,,Stellv. Pflegedienstleitung / in Kombination mit Projektleitung (m/w/d) in Vollzeit,leitung,,tarifliche Bezahlung angelehnt an den AVR der Caritas,ja,Mitarbeiterwohnung (falls gewünscht und verfügbar),vollzeit,"Abgeschlossene Ausbildung als Gesundheits- und Krankenpfleger / Pflegefachkraft (m/w/d) | Abgeschlossenes bzw. ab dem 4. Semester pflegebezogenes Studium auf Bachelor-Niveau, z.B. Pflegemanagement, Pflegewissenschaft | sowie wünschenswert Berufserfahrung im Krankenhausbereich sowie erste Führungserfahrung als stellv. Pflegedienstleitung oder Stationsleitung",wünschenswert Berufserfahrung im Krankenhausbereich sowie erste Führungserfahrung als stellv. Pflegedienstleitung oder Stationsleitung,3,"Klinik über Stadt, nicht über Portal; Ort der Stelle nicht belegt",https://api.smartrecruiters.com/v1/companies/ArtemedSE/postings/744000147471124
Benedictus Krankenhaus Tutzing,Tutzing,,Werde als Pflegefachkraft (m/w/d) Teil unseres „Young Nurses Team by BKT“ in Vollzeit / Teilzeit,pflegefachkraft,,"Bis zu 2.000,00 EUR brutto „Startprämie“ (sofern keine Kündigung/Beendigung innerhalb der ersten sechs Monate)",ja,Mitarbeiterwohnungen,,Abgeschlossene Ausbildung als Pflegefachfrau / Pflegefachmann (m/w/d),,3,"Klinik über Stadt, nicht über Portal; Ort der Stelle nicht belegt",https://api.smartrecruiters.com/v1/companies/ArtemedSE/postings/744000068787725
Benedictus Krankenhaus Tutzing,Tutzing,,Zentraler Praxisanleiter (m/w/d),leitung,,Leistungsgerechte Vergütung in Anlehnung an den AVR,ja,"Mitarbeiterwohnungen bei Verfügbarkeit, sowie Unterstützung bei der Wohnungssuche durch eigene Wohnraumrecruiter",,Abgeschlossene Ausbildung als (Kinder-) Gesundheits-/ Krankenpflege oder als Pflegefachfrau / Pflegefachmann (m/w/d) mit Berufserfahrung | Eine abgeschlossene Weiterbildung als Praxisanleitender oder Sie sind aktuell in der Weiterbildung,,3,"Klinik über Stadt, nicht über Portal; Ort der Stelle nicht belegt",https://api.smartrecruiters.com/v1/companies/ArtemedSE/postings/744000134973919
Benedictus Krankenhaus Tutzing,Tutzing,,Zentraler Praxisanleiter (m/w/d),unklar,,Leistungsgerechte Vergütung in Anlehnung an den AVR,ja,"Mitarbeiterwohnungen bei Verfügbarkeit, sowie Unterstützung bei der Wohnungssuche durch eigene Wohnraumrecruiter",,Abgeschlossene Ausbildung als (Kinder-) Gesundheits-/ Krankenpflege oder als Pflegefachfrau / Pflegefachmann (m/w/d) mit Berufserfahrung | Eine abgeschlossene Weiterbildung als Praxisanleitender oder Sie sind aktuell in der Weiterbildung,Berufserfahrung,3,"Klinik über Stadt, nicht über Portal; Ort der Stelle nicht belegt",https://api.smartrecruiters.com/v1/companies/ArtemedSE/postings/744000008047275
Benedictus Krankenhaus Tutzing,Tutzing,Berufsfachschule für Pflege,Zentraler Praxisanleiter (m/w/d) Voll- oder Teilzeit,leitung,,Leistungsgerechte Vergütung,ja,"Mitarbeiterwohnungen, sowie zusätzlich Ihr persönlicher Wohnraum-Recruiter, der die passende Wohnung nach Ihren Bedürfnissen sucht",vollzeit_teilzeit,Abgeschlossene Ausbildung als (Kinder-) Gesundheits-/ Krankenpflege oder als Pflegefachfrau / Pflegefachmann mit Berufserfahrung | Eine abgeschlossene Weiterbildung als Praxisanleiter oder Sie sind aktuell in der Weiterbildung,,3,"Klinik über Stadt, nicht über Portal; Ort der Stelle nicht belegt",https://api.smartrecruiters.com/v1/companies/ArtemedSE/postings/743999960069821
Berufsgenossenschaftliche Unfallklinik Murnau,Murnau,OP / Flexteam-OP,OP-Fachkraft (m/w/d) für unser Flexteam-OP,ota_ata,,"Attraktive Vergütung gemäß TV-BG Kliniken zzgl. Jahressonderzahlung sowie diverse Zulagen (z. B. Pflege-, Funktions- oder Schichtzulage)",ja,Kindertagesstätte und klinikeigener Wohnraum,"Vollzeit, Teilzeit, unbefristet",Abgeschlossene Ausbildung als Operationstechnische Assistenz oder Pflegefachmann/Pflegefachfrau,,4,Zuordnung aus dem vorherigen Lauf übernommen,https://jobs.bg-kliniken.de/jobposting/628cfefbe6174dddf8b0a4430e018c1f935eda270
Berufsgenossenschaftliche Unfallklinik Murnau,Murnau,Innere Medizin,Pflegefachkraft (m/w/d) Innere Medizin in Murnau,pflegefachkraft,,"Tarifgebundene, sichere Arbeitsverhältnisse (TVöD-K)",ja,Mitarbeiterwohnungen,,,,5,,https://jobs.klinikum-gap.de/jobposting/0fcb56e3b78e25bd1305af84c53cd21e86174064
Berufsgenossenschaftliche Unfallklinik Murnau,Murnau,Zentrum für Rückenmarkverletzte / (beatmete) Querschnittverletzte,Pflegefachkraft (m/w/d) für (beatmete) Querschnittverletzte,pflegefachkraft,,"Attraktive Vergütung gemäß TV-BG Kliniken zzgl. Jahressonderzahlung sowie diverse Zulagen (z. B. Pflege-, Funktions- oder Schichtzulage)",ja,Kindertagesstätte und klinikeigener Wohnraum,"Vollzeit, Teilzeit, unbefristet","Abgeschlossene dreijährige pflegerische Ausbildung, z. B. Gesundheits- und Krankenpfleger oder Altenpflegefachkraft",,4,Zuordnung aus dem vorherigen Lauf übernommen,https://jobs.bg-kliniken.de/jobposting/58323cf64b5788cad36e046fd8c420ef580f3eee0
Berufsgenossenschaftliche Unfallklinik Murnau,Murnau,Akutpflege,Pflegefachkraft (m/w/d) für die Akutpflege,pflegefachkraft,,"Attraktive Vergütung gemäß TV-BG Kliniken zzgl. Jahressonderzahlung sowie diverse Zulagen (z. B. Pflege-, Funktions- oder Schichtzulage)",ja,Kindertagesstätte und klinikeigener Wohnraum,"Vollzeit, Teilzeit, unbefristet","Abgeschlossene dreijährige pflegerische Ausbildung, z. B. Gesundheits- und Krankenpfleger oder Altenpflegefachkraft",,4,Zuordnung aus dem vorherigen Lauf übernommen,https://jobs.bg-kliniken.de/jobposting/030ba926dbf0255bd9dc82f789655791172e82950
Berufsgenossenschaftliche Unfallklinik Murnau,Murnau,Intensivstation,Pflegefachkraft (m/w/d) für die Intensivstation,fachweiterbildung,,"Attraktive Vergütung gemäß TV-BG Kliniken zzgl. Jahressonderzahlung sowie diverse Zulagen (z. B. Pflege-, Funktions- oder Schichtzulage)",ja,Kindertagesstätte und klinikeigener Wohnraum,"Vollzeit, Teilzeit, unbefristet",Abgeschlossene Ausbildung zum Gesundheits- und Krankenpfleger oder abgeschlossene Fachweiterbildung Anästhesie- und Intensivpflege,Fachweiterbildung Anästhesie- und Intensivpflege (mit oder ohne Berufserfahrung),4,Zuordnung aus dem vorherigen Lauf übernommen,https://jobs.bg-kliniken.de/jobposting/ad624ac9a47cd828cbe959eba40b43ad1a1d39be0
Berufsgenossenschaftliche Unfallklinik Murnau,Murnau,Neurorehabilitation,Pflegefachkraft (m/w/d) für die Neurorehabilitation,pflegefachkraft,,"Attraktive Vergütung gemäß TV-BG Kliniken zzgl. Jahressonderzahlung sowie diverse Zulagen (z. B. Pflege-, Funktions- oder Schichtzulage)",ja,Kindertagesstätte und klinikeigener Wohnraum,"Vollzeit, Teilzeit, unbefristet","Abgeschlossene dreijährige pflegerische Ausbildung, z. B. Gesundheits- und Krankenpfleger oder Altenpflegefachkraft",,4,Zuordnung aus dem vorherigen Lauf übernommen,https://jobs.bg-kliniken.de/jobposting/435e5724a77b828af1ad1f05b08130295d04f2f70
Bezirksklinik Rehau,Rehau,Akutpsychiatrie,Mitarbeiter im Pflegedienst - Pflegefachkraft (m/w/d),pflegefachkraft,P 8,faire Vergütung bis zur P 8 TVöD VKA bei Vorliegen der persönlichen und fachlichen Voraussetzungen,ja,kostengünstige Wohnmöglichkeiten,vollzeit_teilzeit,"eine abgeschlossene Ausbildung als Pflegefachkraft (m/w/d), Gesundheits- und Krankenpfleger (m/w/d), Altenpfleger (m/w/d) | professionelles Pflegeverständnis | hohe soziale Kompetenz | Bereitschaft zur offenen und konstruktiven Zusammenarbeit in einem multiprofessionellen Team | Fähigkeit zum selbstständigen und eigenverantwortlichen Arbeiten und Engagement | Bereitschaft zur Arbeit im Dreischichtsystem | Kenntnisse in der klinischen EDV, Word und Excel",Mit Berufserfahrung,5,,https://gebo-med.softgarden.io/job/66267703/Mitarbeiter-im-Pflegedienst-Pflegefachkraft-m-w-d-?jobDbPVId=282729330&l=de
Bezirksklinik Rehau,Rehau,Klinik für Psychiatrie und Psychotherapie - Akutpsychiatrie,Mitarbeiter im Pflegedienst - Pflegefachkraft (m/w/d),pflegefachkraft,,faire Vergütung bis zur P 8 TVöD VKA bei Vorliegen der persönlichen und fachlichen Voraussetzungen,ja,Mitarbeiterrabatte und kostenlose Parkplätze sowie kostengünstige Wohnmöglichkeiten,"Voll- oder Teilzeit, befristet","abgeschlossene Ausbildung als Pflegefachkraft, Gesundheits- und Krankenpfleger, Altenpfleger (m/w/d)",,4,"Zuordnung aus dem vorherigen Lauf übernommen · pay_grade auf der Seite nicht gefunden, geleert",https://gebo-med.softgarden.io/job/66267703
Bezirksklinik Rehau,Rehau,Station A2,Stationsleitung der Station A2,leitung,P 12,faire Vergütung bis zur P 12 TVöD-K bei Vorliegen der persönlichen und fachlichen Voraussetzungen,ja,kostengünstige Wohnmöglichkeiten,befristet,"eine abgeschlossene Ausbildung als examinierter Gesundheits- und Krankenpfleger (m/w/d), Pflegefachkraft (m/w/d) oder gleichwertig | abgeschlossene Weiterbildung zur Leitung einer Station bzw. die Bereitschaft an einer Weiterbildung teilzunehmen | mehrjährige Leitungserfahrung wünschenswert | professionelles Pflegeverständnis | hohe soziale und kommunikative Kompetenz | Bereitschaft zur offenen und konstruktiven Zusammenarbeit in einem multiprofessionellen Team | freundliches und sicheres Auftreten der Führungskraft (m/w/d) | Bereitschaft zur Arbeit im Dreischichtsystem und der Übernahme von Hintergrunddiensten",mehrjährige Leitungserfahrung wünschenswert,5,,https://gebo-med.softgarden.io/job/66766360/Stationsleitung-der-Station-A2-?jobDbPVId=283536150&l=de
Bezirksklinik Rehau,Rehau,Station A2 (psychiatrischer Bereich),Stationsleitung der Station A2,leitung,,faire Vergütung bis zur P 12 TVöD-K bei Vorliegen der persönlichen und fachlichen Voraussetzungen,ja,Mitarbeiterrabatte und kostenlose Parkplätze sowie kostengünstige Wohnmöglichkeiten,Voll- oder Teilzeit; zunächst als Krankheitsvertretung befristet,examinierter Gesundheits- und Krankenpfleger / Pflegefachkraft | Weiterbildung zur Leitung einer Station bzw. Bereitschaft dazu,mehrjährige Leitungserfahrung wünschenswert,4,"Zuordnung aus dem vorherigen Lauf übernommen · pay_grade auf der Seite nicht gefunden, geleert",https://gebo-med.softgarden.io/job/66766360
Bezirksklinikum Ansbach,Ansbach,Kinder- und Jugendpsychiatrie,Pflegefachfrau / Pflegefachmann (m/w/d) bzw. Gesundheits- und Kinderkrankenpfleger (m/w/d) - Kinder- und Jugendpsychiatrie,pflegefachkraft,,,unklar,,voll- oder teilzeitbeschäftigt,abgeschlossene Berufsausbildung als Pflegefachfrau / Pflegefachmann bzw. Gesundheits- und Kinderkrankenpfleger | Bereitschaft 3-Schichtsystem,,4,"Zuordnung aus dem vorherigen Lauf übernommen · pay_text auf der Seite nicht gefunden, geleert · pay_grade auf der Seite nicht gefunden, geleert",https://jobs.bezirkskliniken-mfr.de/index.php?ac=jobad&id=613
Bezirksklinikum Ansbach,Ansbach,Klinik für Forensische Psychiatrie,Pflegefachkraft (m/w/d) - Klinik für Forensische Psychiatrie,pflegefachkraft,P8,,unklar,,voll- oder teilzeitbeschäftigt,abgeschlossene Berufsausbildung als Pflegefachkraft | Bereitschaft 3-Schichtsystem | Führerschein,,4,"Zuordnung aus dem vorherigen Lauf übernommen · pay_text auf der Seite nicht gefunden, geleert",https://jobs.bezirkskliniken-mfr.de/index.php?ac=jobad&id=935
Bezirksklinikum Ansbach,Ansbach,Akutpsychiatrie und Gerontopsychiatrie,Pflegefachkraft (m/w/d) bzw. Altenpfleger (m/w/d) für die Fachbereiche Akutpsychiatrie und Gerontopsychiatrie,pflegefachkraft,P8,,unklar,,voll- oder teilzeitbeschäftigt,abgeschlossene Ausbildung als Pflegefachfrau / Pflegefachmann | Bereitschaft 3-Schichtsystem,,4,"Zuordnung aus dem vorherigen Lauf übernommen · pay_text auf der Seite nicht gefunden, geleert",https://jobs.bezirkskliniken-mfr.de/index.php?ac=jobad&id=932
Bezirksklinikum Mainkofen,Deggendorf,bettenführende Stationen,Pflegefachhelfer (w/m/d) am Standort Dingolfing,hilfskraft,,Das Grundgehalt wird nach Entgeltgruppe P 6 der Anlage 1 zu TVöD – Allgemeiner Teil gewährt,unklar,,Voll- oder Teilzeit,"Abgeschlossene Ausbildung als Pflegefachhelfer, Krankenpflegehelfer oder Altenpflegehelfer (w/m/d)",,4,"Klinik nach Anzeigenort korrigiert · pay_grade auf der Seite nicht gefunden, geleert",https://stelle.pro/jobposting/96cefa2efeea481b61880d9f645df3219cccb4220
Bezirksklinikum Mainkofen,Deggendorf,"Station 21 (Kardiologie, allgemeine innere Medizin, Gastroenterologie, integrierte Palliativeinheit)",Pflegefachkräfte (w/m/d) für die Station 21 am Standort Dingolfing,pflegefachkraft,P7,Das Grundgehalt wird nach Entgeltgruppe P7 der Anlage 1 zu TVöD - Allgemeiner Teil gewährt,unklar,,Voll- oder Teilzeit,"Abgeschlossenes Examen nach dreijähriger Ausbildung als Krankenpfleger, Altenpfleger, Gesundheits- und Krankenpfleger oder zum/zur Pflegefachmann/-frau (w/m/d)",Erfahrung in der pflegerischen Versorgung von internistischen Krankheitsbildern wünschenswert,4,Klinik nach Anzeigenort korrigiert,https://stelle.pro/jobposting/e4fb826ba1f261335d968e82234be07579b3bce50
Bezirksklinikum Mainkofen,Deggendorf,Intermediate Care (IMC Station 21),Pflegefachmann/-frau für die IMC am Klinikstandort Dingolfing,pflegefachkraft,P8,Das Grundgehalt wird nach Entgeltgruppe P8 der Anlage 1 zu TVöD - Allgemeiner Teil gewährt,unklar,,Voll- oder Teilzeit,"Abgeschlossenes Examen nach dreijähriger Ausbildung als Krankenpfleger, Gesundheits- und Krankenpfleger, Altenpfleger, Pflegefachmann/-frau (w/m/d)",Erfahrung in der pflegerischen Versorgung von internistischen Patienten wünschenswert,4,Klinik nach Anzeigenort korrigiert,https://stelle.pro/jobposting/4840fc8cb5472c20d8e25b80d360fbadf160cdf00
Bezirksklinikum Obermain,Ebensfeld,Wohn- und Pflegeheim Kutzenberg,Pflegefachhelfer (m/w/d),hilfskraft,,faire Vergütung nach P 6 TVöD VKA bei Vorliegen der persönlichen und fachlichen Voraussetzungen,nein,,Voll- oder Teilzeit,abgeschlossene einjährige Ausbildung im Pflegebereich,,4,"Zuordnung aus dem vorherigen Lauf übernommen · pay_grade auf der Seite nicht gefunden, geleert",https://gebo-med.softgarden.io/job/66707893?l=de
Bezirksklinikum Obermain,Ebensfeld,Psychiatrische Institutsambulanz,Qualifizierte Mitarbeiter (m/w/d) für den Pflegedienst der aufsuchenden Pflege,fachweiterbildung,,attraktive Vergütung gemäß TVöD,ja,kostengünstige Wohnmöglichkeiten,vollzeit_teilzeit,"eine abgeschlossene Ausbildung zur examinierten Pflegefachkraft (m/w/d), gerne mit Weiterbildung zum Fachkrankenpfleger (m/w/d) in der Psychiatrie | Erfahrung in der psychiatrischen Pflege wird vorausgesetzt | selbständiges Arbeiten | übernehmen von Verantwortung | kommunikative Fähigkeiten, Flexibilität und Belastbarkeit | Zuverlässigkeit, Verantwortungsbewusstsein und Engagement | gute EDV-Kenntnisse",Mit Berufserfahrung,5,,https://gebo-med.softgarden.io/job/65704226/Qualifizierte-Mitarbeiter-m-w-d-f%C3%BCr-den-Pflegedienst-der-aufsuchenden-Pflege?jobDbPVId=282843790&l=de
Bezirksklinikum Obermain,Ebensfeld,Psychiatrische Institutsambulanz / aufsuchende Pflege,Qualifizierte Mitarbeiter (m/w/d) für den Pflegedienst der aufsuchenden Pflege,pflegefachkraft,,attraktive Vergütung gemäß TVöD,ja,kostengünstige Wohnmöglichkeiten,unbefristet / Voll- oder Teilzeit,abgeschlossene Ausbildung zur examinierten Pflegefachkraft,Erfahrung in der psychiatrischen Pflege wird vorausgesetzt; Weiterbildung Fachkrankenpfleger Psychiatrie gerne,4,Zuordnung aus dem vorherigen Lauf übernommen,https://gebo-med.softgarden.io/job/65704226?l=de
Bezirksklinikum Regensburg,Regensburg,Neurologische Rehabilitation,Mitarbeiter (w/m/d) im Pflegedienst,pflegefachkraft,,Tarifgerechte Bezahlung nach TVöD,unklar,,"Vollzeit, Teilzeit",Abgeschlossene Ausbildung als Gesundheits- und Krankenpfleger (w/m/d) oder Altenpfleger (w/m/d),,4,Zuordnung aus dem vorherigen Lauf übernommen,https://www.medbo.de/karriere/jobsmedbo/detail/mitarbeiter-w-m-d-im-pflegedienst-neurologische-rehabilitation-regensburg
Bezirkskrankenhaus Augsburg,"Augsburg, Bayern",Adoleszenzstation A1,Pflegefachkraft (m/w/d) für die Station Adoleszenzstation  A1,pflegefachkraft,,,nein,,"in Teilzeit (60%), unbefristet","Staatliche Anerkennung als Pflegefachmann/-frau, Gesundheits- und Krankenpfleger oder Altenpfleger (m/w/d) | Nachweis eines ausreichenden Immunschutzes gegen Masern",,3,"Zuordnung aus dem vorherigen Lauf übernommen; keine Belegzitate · pay_text auf der Seite nicht gefunden, geleert",https://jobs.bezirkskliniken-schwaben.de/Job/270016
Bezirkskrankenhaus Augsburg,Augsburg,Station B1 (teilgeschlossen),Pflegefachkraft (m/w/d) für die Station B1,pflegefachkraft,,Faire Vergütung gemäß TVöD-P EG 8,nein,,"Voll- oder Teilzeit, unbefristet","Staatliche Anerkennung als Pflegefachmann/-frau, Gesundheits- und Krankenpfleger oder Altenpfleger (m/w/d) | Nachweis eines ausreichenden Immunschutzes gegen Masern",,4,"Zuordnung aus dem vorherigen Lauf übernommen · pay_grade auf der Seite nicht gefunden, geleert",https://jobs.bezirkskliniken-schwaben.de/Job/270617
Bezirkskrankenhaus Augsburg,"Augsburg, Bayern",geschützte Station D2 der Suchtpsychiatrie & Notaufnahme,Pflegefachkräften (m/w/d) für die geschützte Station D2 der Suchtpsychiatrie & Notaufnahme,pflegefachkraft,,,nein,,"in Voll- oder Teilzeit, unbefristet","Staatliche Anerkennung als Pflegefachmann/-frau, Gesundheits- und Krankenpfleger oder Altenpfleger (m/w/d) | Nachweis eines ausreichenden Immunschutzes gegen Masern",,3,"Zuordnung aus dem vorherigen Lauf übernommen; keine Belegzitate · pay_text auf der Seite nicht gefunden, geleert",https://jobs.bezirkskliniken-schwaben.de/Job/270014
Bezirkskrankenhaus Augsburg,"Augsburg, Bayern",geschützte Stationen C1 & C2 der Akutpsychiatrie,Pflegefachkräften (m/w/d) für die geschützten Stationen C1 & C2 der Akutpsychiatrie,pflegefachkraft,,,nein,,"in Voll- oder Teilzeit, unbefristet","Staatliche Anerkennung als Pflegefachmann/-frau, Gesundheits- und Krankenpfleger oder Altenpfleger (m/w/d) | Nachweis eines ausreichenden Immunschutzes gegen Masern",,3,"Zuordnung aus dem vorherigen Lauf übernommen; keine Belegzitate · pay_text auf der Seite nicht gefunden, geleert",https://jobs.bezirkskliniken-schwaben.de/Job/270013
Bezirkskrankenhaus Augsburg,"Augsburg, Bayern",geschützte Stationen F1 & F2 der Gerontopsychiatrie,Pflegefachkräften (m/w/d) für die geschützten Stationen F1 & F2 der Gerontopsychiatrie,pflegefachkraft,,,nein,,"in Voll- oder Teilzeit, unbefristet","Staatliche Anerkennung als Pflegefachmann/-frau, Gesundheits- und Krankenpfleger oder Altenpfleger (m/w/d) | Nachweis eines ausreichenden Immunschutzes gegen Masern",,3,"Zuordnung aus dem vorherigen Lauf übernommen; keine Belegzitate · pay_text auf der Seite nicht gefunden, geleert",https://jobs.bezirkskliniken-schwaben.de/Job/270015
Bezirkskrankenhaus Bayreuth,Bayreuth,"Klinik für Psychiatrie, Psychotherapie und Psychosomatik des Kindes- und Jugendalters",Mitarbeiter (m/w/d) im Pflege- und Erziehungsdienst,pflegefachkraft,P8,faire Vergütung bis zur EG P8 bzw. S8b TVöD VKA bei Vorliegen der persönlichen und fachlichen Voraussetzungen,ja,Mitarbeiterrabatte und kostenlose Parkplätze sowie kostengünstige Wohnmöglichkeiten,Voll- oder Teilzeit,"abgeschlossene Ausbildung examinierter Gesundheits- und (Kinder-)Krankenpfleger, staatlich anerkannter Erzieher, Heilerziehungspfleger oder gleichwertig",,4,Zuordnung aus dem vorherigen Lauf übernommen,https://gebo-med.softgarden.io/job/66872540?l=de
Bezirkskrankenhaus Bayreuth,Bayreuth,"Klinik für Psychiatrie, Psychotherapie und Psychosomatik","Mitarbeiter m w d im Pflege und Erziehungsdienst f%C3%BCr die Klinik f%C3%BCr Psychiatrie, Psychotherapie und Psychosomatik des Kindes und Jugendalters",unklar,P8,faire Vergütung bis zur EG P8 bzw. S8b TVöD VKA bei Vorliegen der persönlichen und fachlichen Voraussetzungen,ja,kostengünstige Wohnmöglichkeiten,vollzeit_teilzeit,"eine abgeschlossene Ausbildung als examinierter Gesundheits- und (Kinder-) Krankenpfleger (m/w/d) | professionelles Pflegeverständnis | hohe soziale Kompetenz | Bereitschaft zur offenen und konstruktiven Zusammenarbeit in einem multiprofessionellen Team | Fähigkeit zum selbstständigen und eigenverantwortlichen Arbeiten und Engagement | Bereitschaft zur Arbeit im Dreischichtsystem inkl. Sonderdienste (z.B. Rufbereitschaft) | Kenntnisse in der klinischen EDV, Word und Excel wünschenswert",Ohne Berufserfahrung,5,,"https://gebo-med.softgarden.io/job/66872540/Mitarbeiter-m-w-d-im-Pflege-und-Erziehungsdienst-f%C3%BCr-die-Klinik-f%C3%BCr-Psychiatrie,-Psychotherapie-und-Psychosomatik-des-Kindes-und-Jugendalters?jobDbPVId=282405335&l=de"
Bezirkskrankenhaus Bayreuth,Bayreuth,"Akutstationärer Bereich der Klinik für Psychiatrie, Psychotherapie und Psychosomatik",Pflegefachkraft (m/w/d) für den Akutstationären Bereich,pflegefachkraft,P8,attraktive Vergütung nach EG P8 TVöD VKA bei Vorliegen der persönlichen und fachlichen Voraussetzungen,ja,Mitarbeiterrabatte und kostenlose Parkplätze sowie kostengünstige Wohnmöglichkeiten,Voll- oder Teilzeit,"abgeschlossene Ausbildung examinierter Pflegefachmann, Gesundheits- und Krankenpfleger oder vergleichbar | Dreischichtsystem inkl. Rufbereitschaft",,4,Zuordnung aus dem vorherigen Lauf übernommen,https://gebo-med.softgarden.io/job/66602013?l=de
Bezirkskrankenhaus Bayreuth,Bayreuth,Akutstationärer Bereich,"Pflegefachkraft (m/w/d) für den Akutstationären Bereich der Klinik für Psychiatrie, Psychotherapie und Psychosomatik",pflegefachkraft,P8,attraktive Vergütung nach EG P8 TVöD VKA bei Vorliegen der persönlichen und fachlichen Voraussetzungen,ja,kostengünstige Wohnmöglichkeiten,vollzeit_teilzeit,"eine abgeschlossene Ausbildung als examinierter Pflegefachmann (m/w/d), Gesundheits- und Krankenpfleger (m/w/d) oder vergleichbar | professionelles Pflegeverständnis | hohe soziale Kompetenz | Bereitschaft zur offenen und konstruktiven Zusammenarbeit in einem multiprofessionellen Team | Fähigkeit zum selbstständigen und eigenverantwortlichen Arbeiten | Bereitschaft zur Arbeit im Dreischichtsystem inkl. Sonderdienste (z.B. Rufbereitschaft) | Kenntnisse in der klinischen EDV, Word und Excel wünschenswert",Mit Berufserfahrung,5,,"https://gebo-med.softgarden.io/job/66602013/Pflegefachkraft-m-w-d-f%C3%BCr-den-Akutstation%C3%A4ren-Bereich-der-Klinik-f%C3%BCr-Psychiatrie,-Psychotherapie-und-Psychosomatik?jobDbPVId=282414285&l=de"
Bezirkskrankenhaus Bayreuth,Bayreuth,"Heilpädagogische Station der Klinik für Psychiatrie, Psychotherapie und Psychosomatik",Pflegefachkraft (m/w/d) für die Heilpädagogische Station,pflegefachkraft,P8,faire Vergütung bis zur EG P8 bzw. S8b TVöD VKA bei Vorliegen der persönlichen und fachlichen Voraussetzungen,ja,Mitarbeiterrabatte und kostenlose Parkplätze sowie kostengünstige Wohnmöglichkeiten,Voll- oder Teilzeit,"abgeschlossene Ausbildung examinierter Pflegefachmann, Gesundheits- und Krankenpfleger oder staatlich anerkannter Heilerziehungspfleger | Dreischichtsystem",,4,Zuordnung aus dem vorherigen Lauf übernommen,https://gebo-med.softgarden.io/job/64785311?l=de
Bezirkskrankenhaus Bayreuth,Bayreuth,Heilpädagogische Station,"Pflegefachkraft (m/w/d) für die Heilpädagogische Station der Klinik für Psychiatrie, Psychotherapie und Psychosomatik",pflegefachkraft,P8,faire Vergütung bis zur EG P8 bzw. S8b TVöD VKA bei Vorliegen der persönlichen und fachlichen Voraussetzungen,ja,kostengünstige Wohnmöglichkeiten,vollzeit_teilzeit,"eine abgeschlossene Ausbildung als examinierter Pflegefachmann (m/w/d), Gesundheits- und Krankenpfleger (m/w/d) oder staatlich anerkannter | professionelles Pflegeverständnis | hohe soziale Kompetenz | Bereitschaft zur offenen und konstruktiven Zusammenarbeit in einem multiprofessionellen Team | Fähigkeit zum selbstständigen und eigenverantwortlichen Arbeiten | Bereitschaft zur Arbeit im Dreischichtsystem inkl. Sonderdienste (z.B. Rufbereitschaft) | Kenntnisse in der klinischen EDV, Word und Excel wünschenswert",Mit Berufserfahrung,5,,"https://gebo-med.softgarden.io/job/64785311/Pflegefachkraft-m-w-d-f%C3%BCr-die-Heilp%C3%A4dagogische-Station-der-Klinik-f%C3%BCr-Psychiatrie,-Psychotherapie-und-Psychosomatik?jobDbPVId=282414455&l=de"
Bezirkskrankenhaus Bayreuth,Bayreuth,Forensische Psychiatrie,Pflegefachkraft für die Forensische Psychiatrie (m/w/d),pflegefachkraft,P8,faire Vergütung bis zur EG P8 TVöD VKA bei Vorliegen der persönlichen und fachlichen Voraussetzungen,ja,kostengünstige Wohnmöglichkeiten,vollzeit_teilzeit,"eine abgeschlossene Ausbildung als examinierter Pflegefachmann (m/w/d), Gesundheits- und Krankenpfleger (m/w/d) oder vergleichbar | professionelles Pflegeverständnis | hohe soziale Kompetenz | Bereitschaft zur offenen und konstruktiven Zusammenarbeit in einem multiprofessionellen Team | Fähigkeit zum selbstständigen und eigenverantwortlichen Arbeiten | Bereitschaft zur Arbeit im Dreischichtsystem inkl. Sonderdienste (z.B. Rufbereitschaft) | Kenntnisse in der klinischen EDV, Word und Excel wünschenswert",Ohne Berufserfahrung,5,,https://gebo-med.softgarden.io/job/64801061/Pflegefachkraft-f%C3%BCr-die-Forensische-Psychiatrie-m-w-d-?jobDbPVId=282421845&l=de
Bezirkskrankenhaus Bayreuth,Bayreuth,Klinik für Forensische Psychiatrie,Pflegefachkraft für die Forensische Psychiatrie (m/w/d),pflegefachkraft,P8,faire Vergütung bis zur EG P8 TVöD VKA bei Vorliegen der persönlichen und fachlichen Voraussetzungen,ja,Mitarbeiterrabatte und kostenlose Parkplätze sowie kostengünstige Wohnmöglichkeiten,Voll- oder Teilzeit,"abgeschlossene Ausbildung examinierter Pflegefachmann, Gesundheits- und Krankenpfleger oder vergleichbar | Bereitschaft Dreischichtsystem inkl. Rufbereitschaft",,4,Zuordnung aus dem vorherigen Lauf übernommen,https://gebo-med.softgarden.io/job/64801061?l=de
Bezirkskrankenhaus Kaufbeuren,Kaufbeuren,"Psychiatrische Institutsambulanz / Ambulanzzentrum, Klinik für Psychiatrie, Psychotherapie und Psychosomatik",Pflegefachkraft (m/w/d) für unser Ambulanzzentrum,pflegefachkraft,P8,,nein,,"in Teilzeit (50%), unbefristet",Abgeschlossene Ausbildung als Pflegefachfrau bzw. Pflegefachmann oder vergleichbare pflegerische Qualifikation,Mehrjährige Berufserfahrung in der psychiatrischen Pflege; Erfahrung mit akuten Aufnahmesituationen,4,"Zuordnung aus dem vorherigen Lauf übernommen · pay_text auf der Seite nicht gefunden, geleert",https://jobs.bezirkskliniken-schwaben.de/Job/271191
Bezirkskrankenhaus Kaufbeuren,Kaufbeuren,"Station ZP02, Klinik für Psychiatrie Psychotherapie und Psychosomatik",Pflegefachkräfte (m/w/d) für die neue Station ZP02,pflegefachkraft,,Faire Vergütung gemäß TVöD,nein,,"in Voll- oder Teilzeit, unbefristet",Abgeschlossene Ausbildung zur Pflegefachfrau / zum Pflegefachmann / Heilerziehungspfleger:in / Altenpfleger:in,Erfahrung im Umgang mit psychisch erkrankten Patient:innen wünschenswert,3,Zuordnung aus dem vorherigen Lauf übernommen; keine Belegzitate,https://jobs.bezirkskliniken-schwaben.de/Job/262246
Bezirkskrankenhaus Kaufbeuren,Kaufbeuren,,Pflegefachkräfte / Gesundheits- und Krankenpfleger / Heilerziehungspfleger / Altenpfleger (jew. m/w/d),pflegefachkraft,,,nein,,in Vollzeit oder Teilzeit,"Abgeschlossene Berufsausbildung als Gesundheits- und Krankenpfleger:in, Heilerziehungspfleger:in oder Altenpfleger:in",,2,"Zuordnung aus dem vorherigen Lauf übernommen; Ort der Stelle nicht belegt; keine Belegzitate · pay_text auf der Seite nicht gefunden, geleert",https://jobs.bezirkskliniken-schwaben.de/Job/244465
Bezirkskrankenhaus Landshut,Landshut,Pflegedirektion,Akademisch qualifizierte Pflegefachkräfte (Bachelor) (m/w/d) für die direkte Patientenversorgung,pflegefachkraft,,"Vergütung nach Erfüllung der Voraussetzungen und entsprechender Qualifikation in E 9b gem. TVöD-K/VKA mit allen zusätzlichen Leistungen des öffentlichen Dienstes (z. B. Zusatzversorgung (Betriebsrente), Leistungsentgelt, Jahressonderzahlung)",unklar,,vollzeit_teilzeit,"Abgeschlossene Hochschulbildung im Bereich Pflege (B.Sc., B.A) | Berufserlaubnis als Pflegefachfrau / Pflegefachmann (m/w/d) oder Examen in der Gesundheits-und Krankenpflege / Kinderkrankenpflege / Altenpflege | Sehr hohe Kompetenzen in der fallorientierten Anwendung von evidenzbasierten Kenntnissen | Engagement, Kreativität, Teamgeist und Durchsetzungsvermögen",,4,Ort der Stelle nicht belegt,https://www.mein-check-in.de/bkh-landshut/position-388749
Bezirkskrankenhaus Landshut,Landshut,Gerontopsychiatrie,Altenpfleger / Altenpflegerin (m/w/d) - Bereich Gerontopsychiatrie,pflegefachkraft,P 8,"Vergütung nach Erfüllung der Voraussetzungen in P 8 gem. TVöD-K/VKA mit allen zusätzlichen Leistungen des öffentlichen Dienstes (z.B. Zusatzversorgung (Betriebsrente), Leistungsentgelt, Jahressonderzahlung, 30 Tage Urlaub bei 5-Tage-Woche, Zusatzurlaub u. v. m)",unklar,,vollzeit_teilzeit,"Sie sind examinierte/-r Altenpfleger / Altenpflegerin (m/w/d) | Sie haben Freude an der Begegnung mit Menschen, die der Unterstützung bedürfen | Sie sind ein teamfähiger Mensch | Sie sind erfahren in der Pflege in der Psychiatrie bzw. haben hohes Interesse an diesem Fachgebiet",,4,Ort der Stelle nicht belegt,https://www.mein-check-in.de/bkh-landshut/position-121374
Bezirkskrankenhaus Landshut,Landshut,,EXPRESS-BEWERBUNG (PFLEGE),unklar,,,unklar,,,,,4,Ort der Stelle nicht belegt,https://www.mein-check-in.de/bkh-landshut/position-275972
Bezirkskrankenhaus Landshut,Landshut,,PFLEGE- UND ERZIEHUNGSDIENST (10),unklar,,,unklar,,,,,4,Ort der Stelle nicht belegt,https://www.mein-check-in.de/bkh-landshut/x/stellenangebote/14293
Bezirkskrankenhaus Landshut,Landshut,Pflege- und Erziehungsdienst,Pflegefachpersonen (m/w/d) bzw. Gesundheits- und Kinderkrankenpfleger/-in (m/w/d) im DAUERNACHTDIENST,pflegefachkraft,P 8,"Vergütung & Erholung : P 8 TVöD-K/VKA oder S8b TVöD-V/VKA nach Erfüllung der Voraussetzungen und entsprechender Qualifikation, leistungsbezogene Zulagen, Jahressonderzahlung, 30 Tage Urlaub bei 5-Tage-Woche, Zusatzurlaube, betriebliche Altersvorsorge, Mitarbeiterrabatte, u.v.m",unklar,,teilzeit,"Sie verfügen über Ausbildung in einem Gesundheitsberuf oder pädagogische Qualifikation | Sie haben Freude an Begegnung mit Menschen, die der Unterstützung bedürfen | Sie sind ein teamfähiger Mensch | Sie sind erfahren in der Pflege in der Psychiatrie bzw. haben ein hohes Interesse an dem Fachgebiet",,4,Ort der Stelle nicht belegt,https://www.mein-check-in.de/bkh-landshut/position-167349
Bezirkskrankenhaus Landshut,Landshut,Pflege- und Erziehungsdienst,Pflegefachpersonen (m/w/d) oder Erzieher/-in (m/w/d) oder Heilerziehungspfleger/-in (m/w/d),pflegefachkraft,P 8,"Vergütung & Erholung : P 8 TVöD-K/VKA oder S8b TVöD-V/VKA nach Erfüllung der Voraussetzungen und entsprechender Qualifikation, leistungsbezogene Zulagen, Jahressonderzahlung, 30 Tage Urlaub bei 5-Tage-Woche, Zusatzurlaube, betriebliche Altersvorsorge, Mitarbeiterrabatte, u.v.m.",unklar,,vollzeit_teilzeit,"Sie verfügen über eine erfolgreich abgeschlossene Ausbildung in den genannten Berufen | Sie haben Freude an der Begegnung mit Menschen, die der Unterstützung bedürfen | Sie sind ein teamfähiger Mensch | Sie sind erfahren in der Pflege in der Psychiatrie bzw. haben hohes Interesse an diesem Fachgebiet",,4,Ort der Stelle nicht belegt,https://www.mein-check-in.de/bkh-landshut/position-88017
Bezirkskrankenhaus Landshut,Landshut,Jugendstationen,Pflegefachpersonen (m/w/d) oder Erzieher/-in (m/w/d) oder Heilerziehungspfleger/-in (m/w/d) für unsere Jugendstationen,pflegefachkraft,P 8,"Vergütung & Erholung: P 8 TVöD-K/VKA bzw. S8b TVöD-V/VKA je nach Erfüllung der Voraussetzungen und Qualifikation, Zulagen, Zeitzuschläge, Jahressonderzahlung, 30 Tage Urlaub bei 5-Tage-Woche, Zusatzurlaube, betriebliche Altersvorsorge, Mitarbeiterrabatte, u.v.m.",unklar,,vollzeit_teilzeit,"Sie verfügen über eine in den genannten Berufen erfolgreich abgeschlossene Ausbildung | Sie haben Freude an der Begegnung mit Menschen, die der Unterstützung bedürfen | Sie sind ein teamfähiger Mensch | Sie sind erfahren in der Pflege in der Psychiatrie bzw. haben hohes Interesse an diesem Fachgebiet",,4,Ort der Stelle nicht belegt,https://www.mein-check-in.de/bkh-landshut/position-448447
Bezirkskrankenhaus Landshut,Landshut,Memory-Station 4.3,Stellvertretende Stationsleitung (m/w/d) für die Memory-Station 4.3,leitung,P 12,"Vergütung & Erholung: P 12 TVöD-K/VKA nach Erfüllung der Voraussetzungen und entsprechender Qualifikation, Leistungsentgelt und Zulagen, Zeitzuschläge, Jahressonderzahlung, betriebliche Altersvorsorge, Mitarbeiterrabatte, 30 Tage Urlaub bei 5-Tage-Woche, Zusatzurlaub u.v.m.",unklar,,vollzeit_teilzeit,"Dreijährige Ausbildung in einem Gesundheitsberuf oder Altenpflege (m/w/d) | Weiterbildung nach DKG für Psychiatrie, Psychosomatik und Psychotherapie oder Fachkraft (m/w/d) für Gerontopsychiatrie wünschenswert oder vergleichbare | Abgeschlossene Weiterbildung zur Stationsleitung oder Studium der Pflege/Pflegeleitung bzw. Pflegewissenschaft/Pflegemanagement oder vergleichbare | Berufserfahrung in der psychiatrischen Pflege oder insbesondere mit Demenzerkrankungen | Führungskompetenz und Organisationsgeschick | Freude an Teamarbeit und Kommunikation auf Augenhöhe",Berufserfahrung in der psychiatrischen Pflege oder insbesondere mit Demenzerkrankungen,4,Ort der Stelle nicht belegt,https://www.mein-check-in.de/bkh-landshut/position-533128
Bezirkskrankenhaus Passau,Passau,Pflegedienst,Pflegedienst (5),unklar,,,unklar,,,,,3,"einzige Klinik am Portal, Ort der Anzeige unbekannt; Ort der Stelle nicht belegt",https://www.mein-check-in.de/mainkofen/x/stellenangebote/15269
Bezirkskrankenhaus Passau,Passau,,Pflegefachpersonen (m/w/d) am BKH Passau,pflegefachkraft,,"attraktive Bezahlung gem. TVöD-K bzw. BayBesG und allen Leistungen des öffentlichen Dienstes (bsp. Leistungsentgelt, Jahressonderzahlung, arbeitgeberfinanzierte Altersvorsorge, usw.)",unklar,,vollzeit_teilzeit,"Sie sind teamfähig, leistungsbereit, selbständig und haben eine staatliche Erlaubnis als: | Pflegefachfrau / Pflegefachmann | Gesundheits- & Krankenpflegerin / Gesundheits- & Krankenpfleger | Kinderkrankenpflegerin / Kinderkrankenpfleger | Altenpflegerin / Altenpfleger | im Rahmen der Personaleinsatzplanung wird die Bereitschaft vorausgesetzt, die Tätigkeit in allen Klinikbereichen auszuüben",,3,"Klinik über Stadt, nicht über Portal; Ort der Stelle nicht belegt",https://www.mein-check-in.de/mainkofen/position-505464
Bezirkskrankenhaus Passau,Passau,Neurologisches Zentrum,Pflegefachpersonen (m/w/d) für das Neurologische Zentrum,pflegefachkraft,,"attraktive Bezahlung gem. TVöD-K bzw. BayBesG allen Leistungen des öffentlichen Dienstes (bsp. Leistungsentgelt, Jahressonderzahlung, arbeitgeberfinanzierte Altersvorsorge, usw.)",unklar,,vollzeit_teilzeit,"Sie sind teamfähig, leistungsbereit, selbständig und haben eine staatliche Erlaubnis als: | Pflegefachfrau / Pflegefachmann | Gesundheits- & Krankenpflegerin / Gesundheits- & Krankenpfleger | Kinderkrankenpflegerin / Kinderkrankenpfleger | Altenpflegerin / Altenpfleger | im Rahmen der Personaleinsatzplanung wird die Bereitschaft vorausgesetzt, die Tätigkeit in allen Klinikbereichen auszuüben",,3,"Klinik über Stadt, nicht über Portal; Ort der Stelle nicht belegt",https://www.mein-check-in.de/mainkofen/position-430614
Bezirkskrankenhaus Passau,Passau,Forensische Klinik,Pflegefachpersonen (m/w/d) für die Forensische Klinik,pflegefachkraft,,"attraktive Bezahlung gem. TVöD-K bzw. BayBesG und allen Leistungen des öffentlichen Dienstes (bsp. Leistungsentgelt, Jahressonderzahlung, arbeitgeberfinanzierte Altersvorsorge, usw.)",unklar,,vollzeit_teilzeit,"Sie sind teamfähig, leistungsbereit, selbständig und haben eine staatliche Erlaubnis als: | Pflegefachfrau / Pflegefachmann | Gesundheits- & Krankenpflegerin / Gesundheits- & Krankenpfleger | Heilerziehungspflegerin / Heilerziehungspfleger | Kinderkrankenpflegerin / Kinderkrankenpfleger | Altenpflegerin / Altenpfleger | im Rahmen der Personaleinsatzplanung wird die Bereitschaft vorausgesetzt, die Tätigkeit in allen Klinikbereichen auszuüben",,3,"Klinik über Stadt, nicht über Portal; Ort der Stelle nicht belegt",https://www.mein-check-in.de/mainkofen/position-504279
Bezirkskrankenhaus Passau,Passau,"Klinik für Psychiatrie, Psychotherapie und Psychosomatik","Pflegefachpersonen (m/w/d) für die Klinik für Psychiatrie, Psychotherapie und Psychosomatik",pflegefachkraft,,"attraktive Bezahlung gem. TVöD-K bzw. BayBesG und allen Leistungen des öffentlichen Dienstes (bsp. Leistungsentgelt, Jahressonderzahlung, arbeitgeberfinanzierte Altersvorsorge, usw.)",unklar,,vollzeit_teilzeit,"Sie sind teamfähig, leistungsbereit, selbständig und haben eine staatliche Erlaubnis als: | Pflegefachfrau / Pflegefachmann | Gesundheits- & Krankenpflegerin / Gesundheits- & Krankenpfleger | Kinderkrankenpflegerin / Kinderkrankenpfleger | Altenpflegerin / Altenpfleger | im Rahmen der Personaleinsatzplanung wird die Bereitschaft vorausgesetzt, die Tätigkeit in allen Klinikbereichen auszuüben",,3,"Klinik über Stadt, nicht über Portal; Ort der Stelle nicht belegt",https://www.mein-check-in.de/mainkofen/position-490271
Bezirkskrankenhaus Wöllershof,Störnstein,Psychiatrie,Mitarbeiter (w/m/d) im Pflegedienst für Psychiatrie am Standort Wöllershof,pflegefachkraft,,nach TVöD,unklar,,"Vollzeit, Teilzeit","Abgeschlossene Ausbildung als Gesundheits- und Krankenpfleger (w/m/d), Altenpfleger (w/m/d), Pflegefachmann (w/m/d) oder Heilerziehungspfleger (w/m/d)",Fundierte Kenntnisse im Fachbereich Psychiatrie wünschenswert,4,Zuordnung aus dem vorherigen Lauf übernommen,https://www.medbo.de/karriere/jobsmedbo/detail/mitarbeiter-w-m-d-im-pflegedienst-psychiatrie-woellershof
Caritas-Krankenhaus St. Josef,Regensburg,interdisziplinäre Notaufnahme,Pflegefachkraft (m/w/d) für die interdisziplinäre Notaufnahme,pflegefachkraft,,eine attraktive Vergütung nach AVR mit einer betrieblichen und privaten Altersversorgung,unklar,,in Voll- und Teilzeit,abgeschlossenes Examen als Gesundheits- und Krankenpflegerin (m/w/d) | EDV-Kenntnisse | kirchlich-karitative Zielsetzung mittragen,,3,Zuordnung aus dem vorherigen Lauf übernommen; Ort der Stelle nicht belegt,https://csj.de/beruf-und-karriere/berufsfelder/alle-stellenangebote/pflegedienst/gesundheits-und-krankenpfleger-m/w/d-fuer-die-interdisziplinaere-notaufnahme
Caritas-Krankenhaus St. Josef,Regensburg,Allgemeinstation,Pflegefachkraft (m/w/d) für unsere Allgemeinstation,pflegefachkraft,,eine attraktive Vergütung nach AVR mit einer betrieblichen und privaten Altersversorgung,unklar,,in Voll- und Teilzeit,"Ausbildung zur Gesundheits- und Krankenpflegerin bzw. -pfleger | Fach-, Sozial- und Methodenkompetenz",,3,Zuordnung aus dem vorherigen Lauf übernommen; Ort der Stelle nicht belegt,https://csj.de/beruf-und-karriere/berufsfelder/alle-stellenangebote/pflegedienst/pflegefachkraft-m/w/d-fuer-unsere-allgemeinstation
Caritas-Krankenhaus St. Josef,Regensburg,interdisziplinäre Intermediate Care Station,Pflegefachkraft (m/w/d) mit abgeschlossener Fachweiterbildung für unsere interdisziplinäre Intermediate Care Station,fachweiterbildung,,eine attraktive Vergütung nach AVR mit einer betrieblichen und privaten Altersversorgung,unklar,,in Voll- und Teilzeit,abgeschlossene Fachweiterbildung für Intensivpflege und Anästhesie oder Intermediate Care Pflege | EDV-Kenntnisse,Fachweiterbildung Intensivpflege und Anästhesie oder Intermediate Care Pflege,3,Zuordnung aus dem vorherigen Lauf übernommen; Ort der Stelle nicht belegt,https://csj.de/beruf-und-karriere/berufsfelder/alle-stellenangebote/pflegedienst/pflegefachkraft-m/w/d-mit-abgeschlossener-fachweiterbildung-fuer-unsere-interdisziplinaere-intermediate-care-station
Caritas-Krankenhaus St. Josef,Regensburg,Intensivstation,Pflegefachkraft für die Intensivstation (m/w/d),fachweiterbildung,,eine attraktive Vergütung nach AVR mit einer betrieblichen und privaten Altersversorgung,unklar,,,abgeschlossene Fachweiterbildung für Intensivpflege und Anästhesie oder die Bereitschaft zur Weiterbildung | EDV-Kenntnisse | kirchlich-karitative Zielsetzung mittragen,Fachweiterbildung für Intensivpflege und Anästhesie,3,Zuordnung aus dem vorherigen Lauf übernommen; Ort der Stelle nicht belegt,https://csj.de/beruf-und-karriere/berufsfelder/alle-stellenangebote/pflegedienst/pflegefachkraft-fuer-die-intensivstation-m/w/d
Caritas-Krankenhaus St. Josef,Regensburg,"Station 5 (CURA & Unfallchirurgie), Geriatrie",Pflegefachkraft mit Geriatrischer Zusatzqualifikation (m/w/d),fachweiterbildung,,eine attraktive Vergütung nach AVR mit einer betrieblichen und privaten Altersversorgung,ja,Befristetes Wohnraumangebot,in Voll- und Teilzeit (CURA & Unfallchirurgie),Abgeschlossenes Examen als Pflegefachkraft / Altenpflegefachkraft | Geriatrische Zusatzqualifikation / Weiterbildung,Geriatrische Zusatzqualifikation / Weiterbildung,3,Zuordnung aus dem vorherigen Lauf übernommen; Ort der Stelle nicht belegt,https://csj.de/beruf-und-karriere/berufsfelder/alle-stellenangebote/verwaltung/abteilungsleiter-medizincontrolling-m/w/d/abteilungsleiter-medizincontrolling-m/w/d-1-1-1-1-1
Caritas-Krankenhaus St. Lukas,Kelheim,Funktionsdienst Anästhesie,Anästhesietechnische Assistenz (m/w/d) in Teilzeit,ota_ata,,Attraktive Vergütung nach AVR Caritas sowie umfangreiche Sozialleistungen (z. B. Jahressonderzahlung und zusätzliche Altersversorgung),unklar,,teilzeit,"Abgeschlossene Ausbildung als Anästhesietechnische Assistenz (ATA) oder vergleichbare Qualifikation | Verantwortungsbewusste, strukturierte und teamorientierte Arbeitsweise | Freundliche, professionelle Kommunikation und hohes Qualitätsbewusstsein | Bereitschaft zur Teilnahme am Rufdienst | Nachweis über vollständige Masernschutzimpfung",,3,"einzige Klinik am Portal, Ort der Anzeige unbekannt; Ort der Stelle nicht belegt",https://www.mein-check-in.de/csl-kelheim/position-531586
Caritas-Krankenhaus St. Lukas,Kelheim,OP-Bereich,Leitung OP-Pflege (m/w/d),leitung,,Attraktive Vergütung nach AVR Caritas sowie umfangreiche Sozialleistungen (z. B. Jahressonderzahlung und zusätzliche Altersversorgung),unklar,,vollzeit_teilzeit,"Sie sind examinierter Gesundheits- und Krankenpfleger (m/w/d) mit Fachweiterbildung OP-Pflege oder besitzen eine abgeschlossene Berufsausbildung als OTA | Sie verfügen idealerweise über mehrjährige Führungserfahrung in einer Leitungsposition mit Personalverantwortung | Sie besitzen Erfahrungen in der Aufbereitung von Medizinprodukten (AEMP) und der dazu notwendigen Prozesse und rechtlichen Grundlagen | Sie haben Kenntnisse der für den Krankenhausbetrieb maßgeblichen gesetzlichen Bestimmungen und dazugehöriges betriebswirtschaftliches Basiswissen | Teamfähigkeit, Belastbarkeit, eine ausgeprägte Selbstständigkeit sowie ein hohes Qualitätsbewusstsein und offene Fehlerkultur zeichnen Sie aus | Sie sind kommunikativ und kooperativ sowie durchsetzungsfähig und begegnen neuen Situationen sowie Anforderungen flexibel und mit großer Offenheit",Sie verfügen idealerweise über mehrjährige Führungserfahrung in einer Leitungsposition mit Personalverantwortung,3,"einzige Klinik am Portal, Ort der Anzeige unbekannt; Ort der Stelle nicht belegt",https://www.mein-check-in.de/csl-kelheim/position-435412
Caritas-Krankenhaus St. Lukas,Kelheim,OP,OTA / examinierte Pflegefachkraft (m/w/d) für unseren OP,ota_ata,,Attraktive Vergütung nach AVR ‑ Caritas inkl. betrieblicher Altersversorgung,unklar,,vollzeit_teilzeit,"Abgeschlossene Berufsausbildung zur Operationstechnischen Assistenz oder in der Gesundheits- und Krankenpflege (idealerweise Fachweiterbildung OP-Pflege) | Berufserfahrung in den verschiedenen Fachrichtungen der Allgemeinchirurgie, Viszeralchirurgie, Unfallchirurgie, Orthopädie, Neurochirurgie und Gynäkologie | Freude am interdisziplinären Entwickeln neuer Organisationsabläufe | Wertschätzende Kommunikation und professionelles Pflegeverständnis | Nachweis über vollständige Schutzimpfung gegen Masern",,3,"einzige Klinik am Portal, Ort der Anzeige unbekannt; Ort der Stelle nicht belegt",https://www.mein-check-in.de/csl-kelheim/position-309276
Caritas-Krankenhaus St. Lukas,Kelheim,,Pflegedienst & pflegerische Funktionsbereiche 9,unklar,,,unklar,,,,,3,"einzige Klinik am Portal, Ort der Anzeige unbekannt; Ort der Stelle nicht belegt",https://www.mein-check-in.de/csl-kelheim/pflege
Caritas-Krankenhaus St. Lukas,Kelheim,Pflegedienst und pflegerische Funktionsbereiche,Pflegedienst und pflegerische Funktionsbereiche (9),unklar,,,unklar,,,,,3,"einzige Klinik am Portal, Ort der Anzeige unbekannt; Ort der Stelle nicht belegt",https://www.mein-check-in.de/csl-kelheim/x/pflege/4773
Caritas-Krankenhaus St. Lukas,Kelheim,Funktionsdienst Anästhesie,Pflegefachkraft (m/w/d) Anästhesie,pflegefachkraft,,Attraktive Vergütung nach AVR Caritas sowie umfangreiche Sozialleistungen (z. B. Jahressonderzahlung und zusätzliche Altersversorgung),unklar,,vollzeit_teilzeit,"Abgeschlossene Ausbildung als Pflegefachkraft (Gesundheits‑ und Krankenpflege oder Pflegefachfrau/Pflegefachmann) mit oder ohne Fachweiterbildung | Alternativ: Ausbildung zur ATA (m/w/d) | Idealerweise Erfahrung im Bereich Anästhesie oder Intensivmedizin | Verantwortungsbewusste, strukturierte und teamorientierte Arbeitsweise | Freundliche, offene Kommunikation und professionelles Pflegeverständnis | Nachweis über vollständige Masernschutzimpfung",,3,"einzige Klinik am Portal, Ort der Anzeige unbekannt; Ort der Stelle nicht belegt",https://www.mein-check-in.de/csl-kelheim/position-527646
Caritas-Krankenhaus St. Lukas,Kelheim,Endoskopie,Pflegefachkraft (m/w/d) Endoskopie in Vollzeit/Teilzeit,pflegefachkraft,,Attraktive Vergütung nach AVR‑Caritas inkl. betrieblicher Altersversorgung,unklar,,vollzeit_teilzeit,"Abgeschlossene Ausbildung als Pflegefachkraft (m/w/d) | Idealerweise Erfahrung in der Endoskopie oder Funktionsdiagnostik – wir heißen aber auch motivierte Quereinsteiger*innen aus anderen Pflegebereichen willkommen | Freude an technisch ‑ medizinischen Abl ä ufen und strukturiertem Arbeiten | Verantwortungsbewusstsein, Teamgeist und ein freundlicher, professioneller Umgang mit Patientinnen und Patienten | Bereitschaft zur Teilnahme am Rufbereitschaftsdienst",,3,"einzige Klinik am Portal, Ort der Anzeige unbekannt; Ort der Stelle nicht belegt",https://www.mein-check-in.de/csl-kelheim/position-516628
Caritas-Krankenhaus St. Lukas,Kelheim,Notaufnahme,Pflegefachkraft (m/w/d) Notaufnahme,pflegefachkraft,,Attraktive Vergütung nach AVR‑Caritas inkl. betrieblicher Altersversorgung,unklar,,vollzeit_teilzeit,"Abschluss als Gesundheits- und Krankenpfleger (m/w/d) bzw. einen Abschluss als Notfallsanitäter (m/w/d) vorteilhaft mit der Zusatzweiterbildung Notfallpflege | Berufserfahrung in der Notaufnahme | Fachliche Kenntnisse im Manchester-Triage-System | Patientenorientiertes, strukturiertes Arbeiten und einen hohen Qualitätsanspruch | Bereitschaft zur Schicht- und Wochenendarbeit | Gesetzlich notwendiger Nachweis über Immunisierung gegen Masern",Berufserfahrung in der Notaufnahme,3,"einzige Klinik am Portal, Ort der Anzeige unbekannt; Ort der Stelle nicht belegt",https://www.mein-check-in.de/csl-kelheim/position-388074
Caritas-Krankenhaus St. Lukas,Kelheim,"Station B 7 – Chirurgie, Gynäkologie und Geburtshilfe","Pflegefachkraft (m/w/d) für die Station B 7 – Chirurgie, Gynäkologie und Geburtshilfe",pflegefachkraft,,Attraktive Vergütung nach AVR‑Caritas inkl. betrieblicher Altersversorgung,unklar,,vollzeit_teilzeit,"Abgeschlossene Berufsausbildung in der Gesundheits- und Krankenpflege | Wünschenswert: Berufserfahrung im Bereich Chirurgie und/oder Gynäkologie und Geburtshilfe | Freude am interdisziplinären Entwickeln neuer Organisationsabläufe | Professionelles Pflegeverständnis, Verantwortungsbewusstsein und Empathie | Bereitschaft zur Schicht- und Wochenendarbeit | Gesetzlich notwendiger Nachweis über die Immunisierung gegen Masern",,3,"einzige Klinik am Portal, Ort der Anzeige unbekannt; Ort der Stelle nicht belegt",https://www.mein-check-in.de/csl-kelheim/position-431949
Clinic Dr. Decker,München,Anästhesie,Anästhesie- Fachkrankenschwester/ Pfleger (M/W/D) in Vollzeit/ Teilzeit,fachweiterbildung,,,unklar,,vollzeit_teilzeit,"Ausbildung zur/zum Krankenschwester/-pfleger | Abgeschlossener Weiterbildung zur Anästhesie-Fachkraft wünschenswert, aber nicht zwingend erforderlich | Berufserfahrung OP notwendig | Patientenorientiertes Arbeiten",Berufserfahrung OP notwendig,3,"einzige Klinik am Portal, Ort der Anzeige unbekannt; Ort der Stelle nicht belegt",https://www.clinic-dr-decker.de/karriere/anaesthesie-fachkrankenschwester/-pfleger-m/w/d/
Clinic Dr. Decker,München,,Gesundheits- und Krankenpfleger (M/W/D) für den Nachtdienst in Vollzeit/ Teilzeit,pflegefachkraft,,,unklar,,vollzeit_teilzeit,"eine Ausbildung zur/zum Gesundheits- und Krankenpfleger/in und gerne bereits erste Erfahrungen in diesem Bereich | die Bereitschaft, den Pflegeprozess aktiv mitzugestalten",,3,"einzige Klinik am Portal, Ort der Anzeige unbekannt; Ort der Stelle nicht belegt",https://www.clinic-dr-decker.de/karriere/gesundheits-und-krankenpfleger-fuer-den-nachtdienst-m/w/d/
Clinic Dr. Decker,München,,Gesundheits- und Krankenpfleger (M/W/D) in Vollzeit/ Teilzeit,pflegefachkraft,,,unklar,,vollzeit_teilzeit,"eine Ausbildung zur/zum Gesundheits- und Krankenpfleger/in und gerne bereits erste Erfahrungen | die Bereitschaft, den Pflegeprozess aktiv mitzugestalten",,3,"einzige Klinik am Portal, Ort der Anzeige unbekannt; Ort der Stelle nicht belegt",https://www.clinic-dr-decker.de/karriere/gesundheits-und-krankenpfleger-m/w/d/
Clinic Dr. Decker,München,OP- Bereich,OP-Schwester/ OTA/ Krankenpfleger (M/W/D) für den OP- Bereich in Vollzeit/ Teilzeit,ota_ata,,,unklar,,vollzeit_teilzeit,idealerweise erste Berufserfahrung | Erfahrung im Bereich orthopädische Chirurgie | Patienten- und Teamorientierung | Planungs- und Organisationsfähigkeit,,3,"einzige Klinik am Portal, Ort der Anzeige unbekannt; Ort der Stelle nicht belegt",https://www.clinic-dr-decker.de/karriere/op-schwester/-ota-/-krankenpfleger-m/w/d-fuer-den-op-bereich/
Clinicum St. Georg,Bad Aibling,Anästhesie,Zum Jobangebot: Anästhesieschwester/-pfleger (ggf. Berufseinsteiger),pflegefachkraft,,Vergütung nach Vereinbarung,unklar,,vollzeit,"abgeschlossene Ausbildung | gute Deutschkenntnisse, Grundkenntnisse in Englisch | freundliches und hilfsbereites Auftreten | Teamfähigkeit & Zuverlässigkeit | Belastbarkeit, Flexibilität, Engagement",,3,"einzige Klinik am Portal, Ort der Anzeige unbekannt; Ort der Stelle nicht belegt",https://clinicum-stgeorg.de/karriere/anaesthesieschwester-pfleger-m-w-d-vollzeit-ggf-berufseinsteiger-110484
Clinicum St. Georg,Bad Aibling,Endoskopie,Zum Jobangebot: Endoskopieschwester/-pfleger,fachweiterbildung,,attraktive Vergütung,unklar,,vollzeit_teilzeit,"erfolgreich abgeschlossene Fachweiterbildung zur Fachkrankenschwester/-pfleger im Endoskopiedienst | Erfahrungen im Bereich der interventionellen Endoskopie (Gastrokopie, Koloskopie, PEG, Polypektomie) | hohes Maß an Verantwortungsbewusstsein und sozialer Kompetenz | patientenorientiertes Auftreten | Einführungsvermögen | Zuverlässigkeit und Teamfähigkeit | Interesse an persönlicher und Abteilungsweiterentwicklung","Erfahrungen im Bereich der interventionellen Endoskopie (Gastrokopie, Koloskopie, PEG, Polypektomie)",3,"einzige Klinik am Portal, Ort der Anzeige unbekannt; Ort der Stelle nicht belegt",https://clinicum-stgeorg.de/karriere/endoskopieschwester-pfleger-20609
Clinicum St. Georg,Bad Aibling,Funktionsabteilung,Zum Jobangebot: Examinierte Krankenschwester/-pfleger für unsere Funktionsabteilung,pflegefachkraft,,Vergütung nach Vereinbarung,unklar,,vollzeit_teilzeit,"abgeschlossene Berufsausbildung | gute Deutschkenntnisse, Grundkenntnisse in Englisch | freundliches und hilfsbereites Auftreten | Teamfähigkeit und Zuverlässigkeit | Freude im Umgang mit Menschen",,3,"einzige Klinik am Portal, Ort der Anzeige unbekannt; Ort der Stelle nicht belegt",https://clinicum-stgeorg.de/karriere/examinierte-krankenschwester-pfleger-fuer-unsere-funktionsabteilung-m-w-d-vollzeit-teilzeit-110482
Clinicum St. Georg,Bad Aibling,Onkologie,Zum Jobangebot: Gesundheits- und Krankenpfleger,pflegefachkraft,,attraktive Vergütung,unklar,,vollzeit,"abgeschlossene Ausbildung als Gesundheits- und Krankenpfleger (m/w/d) oder Altenpfleger (m/w/d) | Berufserfahrungen im Fachbereich Onkologie wünschenswert, aber nicht Bedingung | gute Deutschkenntnisse, Grundkenntnisse in Englisch | freundliches und hilfsbereites Auftreten | Teamfähigkeit und Zuverlässigkeit | Freude im Umgang mit Menschen",,3,"einzige Klinik am Portal, Ort der Anzeige unbekannt; Ort der Stelle nicht belegt",https://clinicum-stgeorg.de/karriere/gesundheits-und-krankenpfleger-m-w-d-vollzeit-110488
Clinicum St. Georg,Bad Aibling,Funktionsabteilung,Zum Jobangebot: Pflegefachkraft für die Funktionsabteilung,fachweiterbildung,,Vergütung nach Vereinbarung,unklar,,vollzeit_teilzeit,"abgeschlossene Berufsausbildung / wünschenswert mit Intensiv- und Anästhesieweiterbildung aber nicht erforderlich | gute Deutschkenntnisse, Grundkenntnisse in Englisch | freundliches und hilfsbereites Auftreten | Teamfähigkeit und Zuverlässigkeit | Freude im Umgang mit Menschen",,3,"einzige Klinik am Portal, Ort der Anzeige unbekannt; Ort der Stelle nicht belegt",https://clinicum-stgeorg.de/karriere/pflegefachkraft-fuer-die-funktionsabteilung-m-w-d-vollzeit-teilzeit-110486
Das Stillachhaus,Oberstdorf,,Pflegefachkraft (m/w/d),pflegefachkraft,,,unklar,,vollzeit_teilzeit,,,3,"einzige Klinik am Portal, Ort der Anzeige unbekannt; Ort der Stelle nicht belegt",https://karriere.curamed-kliniken.de/karriere/pflegefachkraft-m-w-d-nuernberg/
Das Stillachhaus,Oberstdorf,,Pflegefachkraft (m/w/d) / Gesundheits- und Krankenpfleger (m/w/d),pflegefachkraft,,,unklar,,vollzeit_teilzeit,"Sie verfügen über eine abgeschlossene Ausbildung in der Gesundheits- und Krankenpflege (m/w/d) | Eine strukturierte, verantwortungsbewusste Arbeitsweise verbindet sich bei Ihnen mit ausgeprägtem Einfühlungsvermögen. | Sie begegnen Menschen in Lebenskrisen mit Sensibilität, Interesse und echter Zuwendung. | Kreativität, Freude am Beruf und die Bereitschaft, sich aktiv einzubringen, zeichnen Sie aus. | Sie schätzen eine teamorientierte Arbeitsweise und gestalten die bereichsübergreifende Zusammenarbeit konstruktiv und kollegial mit. | Offenheit, Flexibilität und eine hohe Motivation prägen Ihr berufliches Selbstverständnis. | Sie verfügen über sehr gute Deutschkenntnisse in Wort und Schrift.",,3,"einzige Klinik am Portal, Ort der Anzeige unbekannt; Ort der Stelle nicht belegt",https://karriere.curamed-kliniken.de/karriere/pflegefachkraft-gesundheits-und-krankenpfleger-isny/
Das Stillachhaus,Oberstdorf,,Pflegefachkraft (m/w/d) / Gesundheits- und Krankenpfleger (m/w/d),pflegefachkraft,,,unklar,,vollzeit_teilzeit,"Sie verfügen über eine abgeschlossene Ausbildung in der Gesundheits- und Krankenpflege (m/w/d) | Eine strukturierte, verantwortungsbewusste Arbeitsweise verbindet sich bei Ihnen mit ausgeprägtem Einfühlungsvermögen. | Sie begegnen Menschen in Lebenskrisen mit Sensibilität, Interesse und echter Zuwendung. | Kreativität, Freude am Beruf und die Bereitschaft, sich aktiv einzubringen, zeichnen Sie aus. | Sie schätzen eine teamorientierte Arbeitsweise und gestalten die bereichsübergreifende Zusammenarbeit konstruktiv und kollegial mit. | Offenheit, Flexibilität und eine hohe Motivation prägen Ihr berufliches Selbstverständnis. | Sie verfügen über sehr gute Deutschkenntnisse in Wort und Schrift.",,3,"einzige Klinik am Portal, Ort der Anzeige unbekannt; Ort der Stelle nicht belegt",https://karriere.curamed-kliniken.de/karriere/pflegefachkraft-gesundheits-und-krankenpfleger-stillachhaus/
Das Stillachhaus,Oberstdorf,,Pflegefachkraft (m/w/d) für den Nachtdienst,pflegefachkraft,,,unklar,,vollzeit_teilzeit,"Sie verfügen über eine abgeschlossene Ausbildung in der Gesundheits- und Krankenpflege (m/w/d) | Sie verfügen über sehr gute Deutschkenntnisse in Wort und Schrift. | Offenheit, Flexibilität und eine hohe Motivation prägen Ihr berufliches Selbstverständnis. | Sie schätzen eine teamorientierte Arbeitsweise und gestalten die bereichsübergreifende Zusammenarbeit konstruktiv und kollegial mit. | Kreativität, Freude am Beruf und die Bereitschaft, sich aktiv einzubringen, zeichnen Sie aus. | Sie begegnen Menschen in Lebenskrisen mit Sensibilität, Interesse und echter Zuwendung. | Eine strukturierte, verantwortungsbewusste Arbeitsweise verbindet sich bei Ihnen mit ausgeprägtem Einfühlungsvermögen.",,3,"einzige Klinik am Portal, Ort der Anzeige unbekannt; Ort der Stelle nicht belegt",https://karriere.curamed-kliniken.de/karriere/pflegefachkraft-nachtdienst/
Deutsches Herzzentrum München,München,Herzchirurgische Allgemeinstation,Gesundheits- und Krankenpfleger (m/w/d) Herzchirurgische Allgemeinstation,pflegefachkraft,,Vergütung nach Tarifvertrag der Länder (inkl. Jahressonderzahlung); Tlw. übertarifliche Zulagen im Pflegedienst,ja,Vergünstigte und bezahlbare attraktive Wohnmöglichkeiten,"Vollzeit, Teilzeit / unbefristet",Qualifikation als Gesundheits- und Krankenpfleger (m/w/d) oder ein entsprechender Abschluss in Kürze,,4,Zuordnung aus dem vorherigen Lauf übernommen,https://www.der-stellenmarkt.de/stellenangebot/gesundheits-und-krankenpfleger-m-w-d-herzchirurgische-allgemeinstation--job-muenchen-97054.html?tc=3-65
Deutsches Herzzentrum München,München,Herzchirurgische Intensivabteilung,Gesundheits- und Krankenpfleger (m/w/d) Herzchirurgische Intensivabteilung,pflegefachkraft,,Vergütung nach Tarifvertrag der Länder (inkl. Jahressonderzahlung); Tlw. übertarifliche Zulagen im Pflegedienst,ja,Vergünstigte und bezahlbare attraktive Wohnmöglichkeiten,"Vollzeit, Teilzeit / unbefristet","Qualifikation als Gesundheits- und Krankenpfleger (m/w/d), Fachgesundheits- und Krankenpfleger (m/w/d) bzw. Pflegefachmann/-frau",Idealerweise Erfahrung in der Intensivmedizin,4,Zuordnung aus dem vorherigen Lauf übernommen,https://www.der-stellenmarkt.de/stellenangebot/gesundheits-und-krankenpfleger-m-w-d-herzchirurgische-intensivabteilung--job-muenchen-97053.html?tc=3-65
Deutsches Herzzentrum München,München,Cardiac Care Unit / Privat- und Allgemeinstation,Gesundheits- und Krankenpfleger (m/w/d) Privat- und Allgemeinstation,pflegefachkraft,,Vergütung nach Tarifvertrag der Länder (inkl. Jahressonderzahlung); Tlw. übertarifliche Zulagen im Pflegedienst,ja,Vergünstigte und bezahlbare attraktive Wohnmöglichkeiten,"Vollzeit, Teilzeit / unbefristet",Qualifikation als Gesundheits- und Krankenpfleger (m/w/d) bzw. Pflegefachfrau/-mann,,4,Zuordnung aus dem vorherigen Lauf übernommen,https://www.der-stellenmarkt.de/stellenangebot/gesundheits-und-krankenpfleger-m-w-d-privat-und-allgemeinstation--job-muenchen-97057.html?tc=3-65
Deutsches Herzzentrum München,München,Operationsdienst,Operationstechnische Assistentin bzw. Gesundheits- und Krankenpflegerin für den Operationsdienst (m/w/d),ota_ata,,Vergütung nach Tarifvertrag der Länder (inkl. Jahressonderzahlung); Tlw. übertarifliche Zulagen im Pflegedienst,ja,Vergünstigte und bezahlbare attraktive Wohnmöglichkeiten,"Vollzeit, Teilzeit / unbefristet","Qualifikation als Operationstechnischer Assistent (m/w/d), Gesundheits- und Krankenpfleger (m/w/d) bzw. Pflegefachfrau/-mann",Berufserfahrung im Operationsdienst,4,Zuordnung aus dem vorherigen Lauf übernommen,https://www.der-stellenmarkt.de/stellenangebot/operationstechnische-assistentin-bzw.-gesundheits-und-krankenpflegerin-fuer-den-operationsdienst-m-w-d---job-muenchen-92184.html?tc=3-65
Deutsches Herzzentrum München,München,Kinderkardiologische Säuglings- und Kinderstation (Station 3.1),Pflegefachkraft (m/w/d) Kinderallgemeinstation,pflegefachkraft,,Vergütung nach Tarifvertrag der Länder (inkl. Jahressonderzahlung); Tlw. übertarifliche Zulagen im Pflegedienst,ja,Vergünstigte und bezahlbare attraktive Wohnmöglichkeiten,"Vollzeit, Teilzeit / unbefristet","Qualifikation als Gesundheits- und Kinderkrankenpfleger (m/w/d), Gesundheits- und Krankenpfleger (m/w/d) bzw. Pflegefachmann/-frau",,4,Zuordnung aus dem vorherigen Lauf übernommen,https://www.der-stellenmarkt.de/stellenangebot/pflegefachkraft-m-w-d-kinderallgemeinstation--job-muenchen-97046.html?tc=3-65
Deutsches Zentrum für Kinder- und Jugendrheumatologie,Garmisch-Partenkirchen,,Pflegefachkraft (m/w/d),pflegefachkraft,,,,,vollzeit_teilzeit,,,3,"einzige Klinik am Portal, Ort der Anzeige unbekannt; Ort der Stelle nicht belegt",https://www.rheuma-kinderklinik.de/karriere-ausbildung/stellenangebote/detail-stellen?tx_news_pi1%5Baction%5D=detail&tx_news_pi1%5Bcontroller%5D=News&tx_news_pi1%5Bnews%5D=437&cHash=c57222cfd7ee5d61a169a4b4a7656f7eda95e1ee855dfd69fcb318327aa4c175
Deutsches Zentrum für Kinder- und Jugendrheumatologie,Garmisch-Partenkirchen,Zentrale Praxisanleitung,Pflegefachkraft mit akademischem Abschluss in der Pflege zur Verstärkung unseres Teams der Zentralen Praxisanleitung (m/w/d),pflegefachkraft,,,,,,,,3,"einzige Klinik am Portal, Ort der Anzeige unbekannt; Ort der Stelle nicht belegt",https://www.rheuma-kinderklinik.de/karriere-ausbildung/stellenangebote/detail-stellen?tx_news_pi1%5Baction%5D=detail&tx_news_pi1%5Bcontroller%5D=News&tx_news_pi1%5Bnews%5D=497&cHash=876a6394bfb2870e4063a8c8f046722a10968536b0f930fa426a8387369ca61d
Deutsches Zentrum für Kinder- und Jugendrheumatologie,Garmisch-Partenkirchen,Zentrum für Schmerztherapie,Stationsleitung für das Zentrum für Schmerztherapie (m/w/d),leitung,,,,,,,,3,"einzige Klinik am Portal, Ort der Anzeige unbekannt; Ort der Stelle nicht belegt",https://www.rheuma-kinderklinik.de/karriere-ausbildung/stellenangebote/detail-stellen?tx_news_pi1%5Baction%5D=detail&tx_news_pi1%5Bcontroller%5D=News&tx_news_pi1%5Bnews%5D=554&cHash=95337ae08ff095b738d5c1cbb29b2acbbeb36c8949faf344fcd5eee779c19f4d
Die Stadtklinik im Diako,Augsburg,OP,(Fach-)Gesundheits- und Krankenpfleger*innen oder Operationstechnische Assistenten (OTA) m/w/d,ota_ata,,,nein,,in Voll- oder Teilzeit,Abgeschlossene Ausbildung als Gesundheits- und Krankenpfleger*in oder OTA,,2,"Zuordnung aus dem vorherigen Lauf übernommen; Ort der Stelle nicht belegt; keine Belegzitate · pay_text auf der Seite nicht gefunden, geleert",https://stadtklinik-diako.de/wp-content/uploads/2026/05/Pflege-oder-OTA_fuer-OP-27_05_2026.pdf
Die Stadtklinik im Diako,Augsburg,,Pflegefachpersonen (m/w/d),pflegefachkraft,,,nein,,,abgeschlossene 3-jährige Ausbildung als Pflegefachkraft oder Gesundheits- und Krankenpfleger*in,,2,"Zuordnung aus dem vorherigen Lauf übernommen; Ort der Stelle nicht belegt; keine Belegzitate · pay_text auf der Seite nicht gefunden, geleert",https://stadtklinik-diako.de/wp-content/uploads/2026/07/Stellenausschreibung_Pflegefachpersonen.pdf
Donauisar Klinikum Landau,Landau,Akutgeriatrie / Zentrum für Altersmedizin,Pflegefachhelfer (w/m/d) für die Akutgeriatrie am Standort Landau,hilfskraft,P6,Das Grundgehalt wird nach Entgeltgruppe P6 der Anlage 1 zu TVöD – Allgemeiner Teil gewährt; Geriatrie-Pflegezulage,nein,,Voll- und Teilzeit,Abgeschlossenes Examen zum/zur Pflegefachhelfer/-helferin (w/m/d),,4,Zuordnung aus dem vorherigen Lauf übernommen,https://stelle.pro/jobposting/5c1868fee5b50beb85cf9b1f20f040eee8c1bc9f0
Dr. Lubos Kliniken Pasing,München,,Neue Wege in der Pflegeführung: Stellvertretende Stationsleitung / Stationsleitung (w/m/d) in Vollzeit / Teilzeit,leitung,,"Profitiere von einer übertariflichen Vergütung, 6.000 € Startprämie (bei Vollzeit) und unseren drei Bonuszahlungen: Dr. Lubos Bonus , Urlaubsgeld und Weihnachtsgeld .",unklar,,vollzeit_teilzeit,"Abgeschlossene Ausbildung als Pflegefachkraft (m/w/d) | Wünschenswert: abgeschlossener Stationsleitungskurs | Motivation, Führungsverantwortung zu übernehmen und sich in einer leitenden Rolle weiterzuentwickeln | Freude an Teamführung, Organisationstalent und Verantwortungsbewusstsein",,3,"einzige Klinik am Portal, Ort der Anzeige unbekannt; Ort der Stelle nicht belegt",https://www.lubos-kliniken.de/karriere/stellenangebote/neue-wege-in-der-pflegefuehrung-stellvertretende-stationsleitung-stationsleitung-w-m-d-in-vollzeit-teilzeit/
Dr. Lubos Kliniken Pasing,München,OP,"Operationstechnische Assistent:innen (w/m/d), OP Fachgesundheits- und Krankenpfleger:in (w/m/d)",ota_ata,,"Spitzengehalt: Wir zahlen nicht nur übertariflich, sondern legen noch einen saftigen Startbonus in Höhe von 12.000 Euro oben drauf.",unklar,,,"Ihr seid die König:innen des OP-Saals, egal ob als OP-Pflegekraft oder OTA. | Euer Engagement für Qualität und Patientenwohl kennt keine Grenzen. | Ihr seid Teamplayer und bereit für die nächste Stufe Eurer Karriere.",,3,"einzige Klinik am Portal, Ort der Anzeige unbekannt; Ort der Stelle nicht belegt",https://www.lubos-kliniken.de/karriere/stellenangebote/operationstechnische-assistentinnen-w-m-d-op-fachgesundheits-und-krankenpflegerin-w-m-d/
Dr. Lubos Kliniken Pasing,München,Anästhesie,Pflegefachkraft (w/m/d) / Anästhesietechnischer Assistentin (ATA) (w/m/d) in Vollzeit (38 Std./Woche) / Teilzeit möglich,ota_ata,,,unklar,,vollzeit_teilzeit,"Sie haben eine abgeschlossene Ausbildung in einem Pflegeberuf oder eine gleichwertige Qualifikation bei ausländischem Examen die deutsche Anerkennung. | Sie haben bestenfalls eine erfolgreich abgeschlossene Weiterbildung für Anästhesie und Intensivmedizin (DKG) oder sind haben langjährige Berufserfahrung in | Sie übernehmen Verantwortung und denken Qualitätsbewusst mit. | Sie sind patientenorientiert und sozial kompetent. | Sie arbeiten wie wir multiprofessionell vernetzt im Team, auch mit den anderen Berufsgruppen.",,3,"einzige Klinik am Portal, Ort der Anzeige unbekannt; Ort der Stelle nicht belegt",https://www.lubos-kliniken.de/karriere/stellenangebote/pflegefachkraft-w-m-d-anaesthesietechnischer-assistentin-ata-w-m-d-in-vollzeit-38-std-woche-teilzeit-moeglich/
Dr. Lubos Kliniken Pasing,München,,Pflegefachkraft (w/m/d) in Vollzeit / Teilzeit möglich,pflegefachkraft,,Ein attraktives Gehalt: unser Haustarif liegt immer garantiert über dem Tarif der TVöD-K und Ihre Entwicklungsstufen werden wir natürlich berücksichtigen,unklar,,vollzeit_teilzeit,"Sie haben eine abgeschlossene Ausbildung als Pflegefachkraft (w/m/d, Gesundheits- und Krankenpfleger:in, Gesundheits- und Kinderkrankenpfleger:in | Sie übernehmen Verantwortung und denken qualitätsbewusst mit | Sie sind patientenorientiert und sozial kompetent | Sie arbeiten wie wir multiprofessionell vernetzt im Team, auch mit den anderen Berufsgruppen",,3,"einzige Klinik am Portal, Ort der Anzeige unbekannt; Ort der Stelle nicht belegt",https://www.lubos-kliniken.de/karriere/stellenangebote/pflegefachkraft-w-m-d-in-vollzeit-teilzeit-moeglich/
Dr. Lubos Kliniken Pasing,München,Intensivpflege,Pflegefachkraft Intensiv in Vollzeit / Teilzeit,fachweiterbildung,,"Zusatzangebote mit Mehrwert: Startprämie von 4.000,00€ (bei Vollzeit), vermögenswirksame Leistungen, Weihnachtsgeld, eine betriebliche Altersvorsorge, einen steuerfreien Zuschuss zur Kinderbetreuung (bis zu 250 Euro im Monat) und Urlaubsgeld und weitere diverse Zulagen",unklar,,vollzeit_teilzeit,Abgeschlossene Ausbildung in einem Pflegeberuf oder eine gleichwertige Qualifikation mit deutscher Anerkennung. | Idealerweise eine abgeschlossene Weiterbildung für Anästhesie und Intensivmedizin (DKG) oder langjährige Berufserfahrung in diesem Bereich. | Verantwortungsbewusstsein und Qualitätsbewusstsein. | Patientenorientierung und soziale Kompetenz. | Teamfähigkeit und interdisziplinäre Zusammenarbeit.,Idealerweise eine abgeschlossene Weiterbildung für Anästhesie und Intensivmedizin (DKG) oder langjährige Berufserfahrung in diesem Bereich.,3,"einzige Klinik am Portal, Ort der Anzeige unbekannt; Ort der Stelle nicht belegt",https://www.lubos-kliniken.de/karriere/stellenangebote/pflegefachkraft-intensiv-in-vollzeit-teilzeit/
Dr. Lubos Kliniken Pasing,München,Springerdienst,Pflegefachkraft im Springerdienst in Bogenhausen (w/m/d) in Vollzeit / Teilzeit möglich,pflegefachkraft,,,unklar,,vollzeit_teilzeit,"Sie haben eine abgeschlossene Ausbildung als Pflegefachkraft (w/m/d, Gesundheits- und Krankenpfleger:in, | Sie übernehmen Verantwortung und denken qualitätsbewusst mit | Sie sind patientenorientiert und sozial kompetent | Sie arbeiten wie wir multiprofessionell vernetzt im Team, auch mit den anderen Berufsgruppen | Als neugieriger Mensch stehen Sie Weiterentwicklungen und neuen Behandlungsmethoden aufgeschlossen gegenüber und freuen sich über Fort- und Weiterbildungen",,3,"einzige Klinik am Portal, Ort der Anzeige unbekannt; Ort der Stelle nicht belegt",https://www.lubos-kliniken.de/karriere/stellenangebote/pflegefachkraft-im-springerdienst-in-bogenhausen-w-m-d-in-vollzeit-teilzeit-moeglich/
Dr. Lubos Kliniken Pasing,München,Anästhesiepflege,Stellvertretende Leitung Anästhesiepflege (w/m/d) in Vollzeit (38 Std./Woche) / Teilzeit möglich,leitung,,,unklar,,vollzeit_teilzeit,"Abgeschlossene Ausbildung in einem Pflegeberuf mit erfolgreich abgeschlossene Weiterbildung für Anästhesie- und Intensivpflege (DKG) oder als | Erfolgreich abgeschlossene Weiterbildung zur Stationsleitung | erste Erfahrung in einer Leitungsfunktion oder die Motivation, diesen Schritt zu gehen | Organisations- und Kommunikationsstärke sowie ein hohes Maß an Verantwortungsbewusstsein | Freude an multiprofessioneller Teamarbeit und ein patientenorientiertes Handeln | Bereitschaft, Prozesse aktiv mitzugestalten und Innovationen einzubringen",,3,"einzige Klinik am Portal, Ort der Anzeige unbekannt; Ort der Stelle nicht belegt",https://www.lubos-kliniken.de/karriere/stellenangebote/stellvertretende-leitung-anaesthesiepflege-w-m-d-in-vollzeit-38-std-woche-teilzeit-moeglich/
Fachklinik Ichenhausen,Ichenhausen,,Pflegefachkraft (m/w/d) im Springerpool,pflegefachkraft,,,nein,,Voll- oder Teilzeit,"Abgeschlossene Ausbildung zum Gesundheits- und (Kinder-) Krankenpfleger (m(w/d), Altenpfleger, Pflegefachmann/frau",,3,Zuordnung aus dem vorherigen Lauf übernommen; keine Belegzitate,https://www.fachklinik-ichenhausen.de/job/pflegefachkraft-m-w-d-im-springerpool
Fachklinik Ichenhausen,Ichenhausen,Weaning / Neurologische Frührehabilitation / Phase B,Pflegekraft für den Akutbereich (m/w/d) Weaning / Neurologische Frührehabilitation / Phase B,pflegefachkraft,,,nein,,Voll- oder Teilzeit,"Abgeschlossene Berufsausbildung als Pflegefachmann/frau, Gesundheits- und Krankenpfleger/in oder Altenpfleger/in",,3,Zuordnung aus dem vorherigen Lauf übernommen; keine Belegzitate,https://www.fachklinik-ichenhausen.de/job/pflegekraft-fuer-den-akutbereich-m-w-d-weaning-neurologische-fruehrehabilitation-phase-b
Fachklinik Osterhofen,"Osterhofen, Niederbayern",Stationsdienst,Pflegefachkraft (m/w/d) Teil-/Vollzeit für den Stationsdienst (auch Dauernachtwache möglich),pflegefachkraft,,leistungsgerechte Vergütung nach unserem attraktiven Haustarifvertrag in Höhe des TVöD,nein,,Teil-/Vollzeit,"abgeschlossene, 3-jährige Berufsausbildung als Pflegefachkraft (Gesundheits-und Kranken- bzw. Altenpfleger)",,3,Zuordnung aus dem vorherigen Lauf übernommen; Ort der Stelle nicht belegt,https://www.fachklinik-osterhofen.de/ueber-uns/stellenangebote/
Fachklinikum Mainschleife,Volkach,Anästhesiepflege,Gesundheits- und Krankenpfleger (m/w/d),fachweiterbildung,,leistungsgerechte Vergütung,unklar,,vollzeit_teilzeit,"abgeschlossene Ausbildung zum Gesundheits- und Krankenpfleger (m/w/d), wenn möglich mit der Fachweiterbildung Anästhesie-Pflege oder abgeschlossener Ausbildung zum Anästhesietechnischen Assistenten (ATA) (m/w/d) | Berufserfahrung in der Anästhesiepflege wäre wünschenswert | Team- und Kooperationsfähigkeit, Belastbarkeit und Flexibilität",Berufserfahrung in der Anästhesiepflege wäre wünschenswert,3,"einzige Klinik am Portal, Ort der Anzeige unbekannt; Ort der Stelle nicht belegt",https://www.fachklinikum-mainschleife.de/ueber-uns/karriere/gesundheits-und-krankenpfleger-in-der-anaesthesiepflege-oder-ata-m/w/d/
Frankenalb-Klinik Engelthal,Engelthal,"Klinik für Psychiatrie, Psychotherapie und Psychosomatik","Pflegefachkraft (m/w/d) - Klinik für Psychiatrie, Psychotherapie und Psychosomatik",pflegefachkraft,P8,,nein,,voll- oder teilzeitbeschäftigt,erfolgreich abgeschlossene Ausbildung als Pflegefachfrau / Pflegefachmann (m/w/d),Erste Berufserfahrungen in einem psychiatrischen Fachbereich wünschenswert,4,"Zuordnung aus dem vorherigen Lauf übernommen · pay_text auf der Seite nicht gefunden, geleert",https://jobs.bezirkskliniken-mfr.de/index.php?ac=jobad&id=849
Frankenalb-Klinik Engelthal,Engelthal,"Gerontopsychiatrie der Klinik für Psychiatrie, Psychotherapie und Psychosomatik","Pflegefachkraft (m/w/d) Gerontopsychiatrie der Klinik für Psychiatrie, Psychotherapie und Psychosomatik",pflegefachkraft,P8,,nein,,voll- oder teilzeitbeschäftigt,"erfolgreich abgeschlossene Ausbildung als Pflegefachmann (m/w/d), Gesundheits- und Krankenpfleger (m/w/d) bzw. Altenpfleger (m/w/d) | Bereitschaft im 3-Schichtsystem","Erfahrung in der Somatik, evtl. auch mit typischen Alterserkrankungen",4,"Zuordnung aus dem vorherigen Lauf übernommen · pay_text auf der Seite nicht gefunden, geleert",https://jobs.bezirkskliniken-mfr.de/index.php?ac=jobad&id=850
Frauenklinik Dr. Geisenhofer,München,Anästhesiepflege,ATA oder Pflegefachperson mit Erfahrung in der Anästhesiepflege (m/w/d),ota_ata,,,unklar,,vollzeit_teilzeit,"Sie haben eine Ausbildung als ATA oder Pflegefachperson, vielleicht sogar mit Fachweiterbildung, abgeschlossen. | Erfahrung in der Anästhesiepflege ist wünschenswert, aber kein Muss. | Sie sind ein Teamplayer mit Engagement und Verantwortungsbewusstsein. | Gute Kommunikationsfähigkeiten und Einfühlungsvermögen im Umgang mit Patient:innen sind für Sie selbstverständlich.","Erfahrung in der Anästhesiepflege ist wünschenswert, aber kein Muss.",3,"einzige Klinik am Portal, Ort der Anzeige unbekannt; Ort der Stelle nicht belegt",https://geisenhoferklinik.de/stellenangebot/ata-pflegefachperson-op-observationseinheit/
Frauenklinik Dr. Geisenhofer,München,neonatologische Intensivstation,Gesundheits- und Kinderkrankenpfleger (m/w/d) für die neonatologische Intensivstation,pflegefachkraft,,Jährliche Sonderzahlung(en),unklar,,vollzeit_teilzeit,Eine abgeschlossene Ausbildung zur Gesundheits- und Kinderkrankenpflegerin oder Gesundheits- und Kinderkrankenpfleger oder Pflegefachfrau oder Pflegefachmann,,3,"einzige Klinik am Portal, Ort der Anzeige unbekannt; Ort der Stelle nicht belegt",https://geisenhoferklinik.de/stellenangebot/gesundheits-kinderkrankenpfleger/
Frauenklinik Dr. Geisenhofer,München,Neonatologie,Pflegerische Leitung Neonatologie Level 3 (w/m/d),leitung,,Jährliche Sonderzahlung(en),unklar,,vollzeit_teilzeit,"Abgeschlossene Ausbildung zur/zum Gesundheits- und Kinderkrankenpfleger/in oder Pflegefachfrau/Pflegefachmann mit pädiatrischem Schwerpunkt | Mehrjährige Berufserfahrung auf einer neonatologischen Intensivstation und idealerweise Fachweiterbildung Pädiatrische Intensivpflege. | Weiterbildung zur Leitung einer Station bzw. Bereitschaft, diese zu absolvieren oder vergleichbare akademische Qualifikation. | Ausgeprägtes Interesse an evidenzbasierter entwicklungsfördernder Pflegepraxis, insbesondere Muttermilchernährung und familienzentrierter Neonatologie | Eine kommunikative, reflektierte und engagierte Führungspersönlichkeit mit kollaborativem, transformationalem Führungsverständnis",Mehrjährige Berufserfahrung auf einer neonatologischen Intensivstation und idealerweise Fachweiterbildung Pädiatrische Intensivpflege.,3,"einzige Klinik am Portal, Ort der Anzeige unbekannt; Ort der Stelle nicht belegt",https://geisenhoferklinik.de/stellenangebot/pflegerische-leitung-neonatologie-level-3-w-m-d/
Geomed-Kreisklinik,Gerolzhofen,Intensivstation,Intensivpflegekraft (m/w/d),fachweiterbildung,,Vergütung analog TVöD-K,unklar,,vollzeit_teilzeit,"Eine abgeschlossene Gesundheits- und Krankenpflegeausbildung | Fachliche Weiterbildung Intensivpflege oder langjährige berufliche Erfahrung wären von Vorteil | Freude an der professionellen Patientenversorgung | Pflegerische Qualitätssicherung | Sachgerechte Dokumentation entsprechend der aktuellen Gesetzgebung | Erfahrung im Umgang mit Medizingeräten, insbesondere mit Beatmungsgeräten und CiCa-Dialyse | Sensibler Umgang mit Patientendaten | Teilnahme am Wochenend- und Nachtdienst",Fachliche Weiterbildung Intensivpflege oder langjährige berufliche Erfahrung wären von Vorteil,3,"einzige Klinik am Portal, Ort der Anzeige unbekannt; Ort der Stelle nicht belegt",https://www.mein-check-in.de/geomed-klinik/position-45796
Geomed-Kreisklinik,Gerolzhofen,Innere Medizin,Pflegefachkraft Innere Medizin (m/w/d),pflegefachkraft,,Vergütung analog TVöD-K,unklar,,vollzeit_teilzeit,"Eine abgeschlossene 3-jährige Ausbildung in der Pflege | Freude an der professionellen Versorgung von Patienten | Pflegerische Qualitätssicherung | Sachgerechte Dokumentation entsprechend der aktuellen Gesetzgebung | Sensibler Umgang mit Patientendaten | Bereitschaft zur Teilnahme am Wochenend-, Wechsel- bzw. Schichtdienst | Belastbarkeit auch in außergewöhnlichen Situationen | Teamgeist, Zuverlässigkeit, Kooperationsbereitschaft",,3,"einzige Klinik am Portal, Ort der Anzeige unbekannt; Ort der Stelle nicht belegt",https://www.mein-check-in.de/geomed-klinik/position-210020
Georg von Liebig Krankenhaus,Bad Reichenhall,,Gesundheits- und Krankenpfleger / Pflegefachkraft (m/w/d),pflegefachkraft,,Willkommensprämie bis zu 3.500 €,nein,,vollzeit_teilzeit,"Abgeschlossene Ausbildung als examinierter Gesundheits- und Krankenpfleger oder examinierter Altenpfleger (m/w/d) | Mehrjährige Berufserfahrung wünschenswert, aber auch Berufsanfänger sind bei uns herzlich willkommen | Teamfähigkeit und Flexibilität | selbstständige und genaue Arbeitsweise",,5,,https://salus-klinik.dvinci-hr.com/de/jobs/10045/gesundheits-und-krankenpfleger-pflegefachkraft-mwd-inkl-willkommenspramie-bis-zu-3500
Georg von Liebig Krankenhaus,Bad Reichenhall,,exam. Altenpfleger / Pflegefachkraft (m/w/d),pflegefachkraft,,Willkommensprämie bis zu 3.500 €,nein,,vollzeit_teilzeit,"Abschluss als exam. Altenpfleger oder exam. Gesundheits- und Krankenpfleger | Mehrjährige Berufserfahrung wünschenswert, aber auch Berufsanfänger sind bei uns herzlich willkommen | Teamfähigkeit und Flexibilität | selbstständige und genaue Arbeitsweise",,5,,https://salus-klinik.dvinci-hr.com/de/jobs/10047/exam-altenpfleger-pflegefachkraft-mwd-inkl-willkommenspramie-bis-zu-3500
HNO-Klinik Bogenhausen Dr. Gaertner,München,OP-Bereich,Fachgesundheits- und Krankenpfleger/in für den OP-Bereich (m/w/d),fachweiterbildung,,Attraktive Vergütung,unklar,,vollzeit_teilzeit,"Abgeschlossene Ausbildung zur/m Gesundheits- und Krankenpfleger:in mit Fachweiterbildung für den OP-Bereich (oder vergleichbare Qualifikation, bspw. OTA) | Einfühlungsvermögen, hohe Kommunikationsfähigkeiten und Teamgeist | Zuverlässigkeit und eine strukturierte Arbeitsweise",,3,"einzige Klinik am Portal, Ort der Anzeige unbekannt; Ort der Stelle nicht belegt",https://gaertnerklinik.de/fachgesundheits-und-krankenpfleger-in-fuer-den-op-bereich-m-w-d/
HNO-Klinik Bogenhausen Dr. Gaertner,München,HNO-Chirurgie,Pflegekraft Gesundheits- und Krankenpflege (m/w/d) – HNO-Chirurgie (elektiver Bereich),pflegefachkraft,,Attraktive Vergütung,unklar,,vollzeit_teilzeit,"Dreijährige Ausbildung als Pflegefachkraft, Gesundheits- und Krankenpfleger oder Altenpfleger (m/w/d) oder Pflegehilfskraft | Empathische, patientenorientierte Arbeitsweise | Teamgeist, Zuverlässigkeit und Verantwortungsbewusstsein | Sorgfältiges und selbstständiges Arbeiten",,3,"einzige Klinik am Portal, Ort der Anzeige unbekannt; Ort der Stelle nicht belegt",https://gaertnerklinik.de/pflegekraft-gesundheits-und-krankenpflege-m-w-d-hno-chirurgie-elektiver-bereich/
Hassberg-Kliniken Haus Haßfurt,Haßfurt,"Allgemeinstationen, Intensivstation und Funktionsbereiche",Pflegefachkraft (m/w/d),pflegefachkraft,,Wir bieten eine Vergütung und soziale Leistungen nach TVöD-K und eine betriebliche Altersversorgung über die Zusatzversorgungskasse.,nein,,,"examinierte Pflegefachkraft aus den Berufsgruppen Kranken-, Kinderkrankenpflege | Bereitschaft zur Wechselschichtarbeit in allen drei Schichten",,3,Zuordnung aus dem vorherigen Lauf übernommen; Ort der Stelle nicht belegt,https://www.mein-check-in.de/hassberg-kliniken/position-202054
Helios Amper-Klinik Indersdorf,Markt Indersdorf,Akutgeriatrie & Frührehabilitation,Pflegefachperson (m/w/d) für die Akutgeriatrie & Frührehabilitation,pflegefachkraft,,,unklar,,vollzeit_teilzeit,"Abgeschlossene dreijährige Ausbildung als Pflegefachperson (m/w/d) und Berufserfahrung im Krankenhaus wünschenswert, jedoch keine zwingende Voraussetzung | Fundierte pflegefachliche Kenntnisse und Interesse an einer professionellen, evidenzbasierten Pflege | Verantwortungsbewusstsein, Zuverlässigkeit und eine selbstständige, strukturierte Arbeitsweise | Empathische und respektvolle Kommunikation mit Patientinnen und Patienten, Angehörigen sowie allen beteiligten Berufsgruppen | Bereitschaft zur kontinuierlichen fachlichen Weiterentwicklung und zur aktiven Mitgestaltung von Veränderungsprozessen | Gesetzlich erforderlicher Nachweis über bestehende Immunisierung gegen Masern","Berufserfahrung im Krankenhaus wünschenswert, jedoch keine zwingende Voraussetzung",3,"Klinik über Stadt, nicht über Portal; Ort der Stelle nicht belegt · Live-Pruefung fehlgeschlagen",https://www.helios-gesundheit.de/job-detail/7902c514-7eb9-5b9c-8551-4eb88d1b5cdd/pflegefachperson-m-w-d-fuer-die-akutgeriatrie-fruehrehabilitation
Helios Amper-Klinikum Dachau,Dachau,Notfallpflege,Fachkrankenpflege Notfallpflege (m/w/d),fachweiterbildung,,,unklar,,vollzeit_teilzeit,"Abgeschlossene dreijährige Ausbildung als Pflegefachperson (m/w/d) sowie erfolgreich abgeschlossene oder anerkannte Fachweiterbildung Notfallpflege | Mehrjährige Berufserfahrung in der Versorgung akut erkrankter oder verletzter Patientinnen und Patienten | Fundierte Kenntnisse in der Ersteinschätzung, Überwachung und Versorgung medizinischer Notfälle | Hohe Belastbarkeit, Entscheidungsfähigkeit und Handlungssicherheit in dynamischen und unvorhersehbaren Situationen | Ausgeprägte Team-, Kommunikations- und Deeskalationskompetenz sowie Bereitschaft zur fachlichen Weiterentwicklung | Gesetzlich notwendiger Nachweis der Masernschutzimmunisierung",Mehrjährige Berufserfahrung in der Versorgung akut erkrankter oder verletzter Patientinnen und Patienten,3,"Klinik über Stadt, nicht über Portal; Ort der Stelle nicht belegt · Live-Pruefung fehlgeschlagen",https://www.helios-gesundheit.de/job-detail/bb88559b-0ce5-5322-bc05-2ffcf3c663a3/fachkrankenpflege-notfallpflege-m-w-d
Helios Amper-Klinikum Dachau,Dachau,Onkologie,Fachpflege Onkologie (m/w/d),fachweiterbildung,,,unklar,,vollzeit_teilzeit,"Abgeschlossene dreijährige Ausbildung als Pflegefachperson (m/w/d) | eine erfolgreich abgeschlossene oder anerkannte Fachweiterbildung für die Pflege in der Onkologie | Mehrjährige Berufserfahrung in der professionellen Pflege, idealerweise in der Versorgung onkologisch erkrankter Menschen | Fundierte Kenntnisse in der pflegerischen Begleitung komplexer onkologischer Behandlungsverläufe | Hohe psychosoziale Kompetenz, Empathie und Sicherheit im Umgang mit belastenden Gesprächssituationen | Bereitschaft zur fachlichen Weiterentwicklung sowie zur Beratung und Unterstützung der Mitarbeitenden im Pflegeteam | Gesetzlich notwendiger Nachweis der Masernschutzimmunisierung","Mehrjährige Berufserfahrung in der professionellen Pflege, idealerweise in der Versorgung onkologisch erkrankter Menschen",3,"Klinik über Stadt, nicht über Portal; Ort der Stelle nicht belegt · Live-Pruefung fehlgeschlagen",https://www.helios-gesundheit.de/job-detail/e421fd9f-71c4-5aa7-93aa-0520a7b933a0/fachpflege-onkologie-m-w-d
Helios Amper-Klinikum Dachau,Dachau,,Operationstechnische Assistenz - OTA (m/w/d),ota_ata,,,unklar,,vollzeit_teilzeit,"Erfolgreich abgeschlossene Ausbildung als Operationstechnische Assistenz (OTA) beziehungsweise eine vergleichbare anerkannte Qualifikation | Fachliche Kompetenz und idealerweise erste Berufserfahrung im operativen beziehungsweise chirurgischen Bereich | Verantwortungsbewusstsein, Zuverlässigkeit und eine strukturierte sowie sorgfältige Arbeitsweise | Ausgeprägte Team- und Kommunikationsfähigkeit sowie Freude an der interprofessionellen Zusammenarbeit | Einfühlungsvermögen und ein professioneller Umgang mit Patientinnen und Patienten sowie deren Angehörigen | Bereitschaft zur Teilnahme am Schicht-, Ruf- und Bereitschaftsdienst entsprechend den betrieblichen Erfordernissen | ein gesetzlich erforderlicher Nachweis über bestehende Immunisierung gegen Masern",idealerweise erste Berufserfahrung im operativen beziehungsweise chirurgischen Bereich,3,"Klinik über Stadt, nicht über Portal; Ort der Stelle nicht belegt · Live-Pruefung fehlgeschlagen",https://www.helios-gesundheit.de/job-detail/9bfeb766-1510-54ca-a640-4f06facf1ed4/operationstechnische-assistenz-ota-m-w-d
Helios Amper-Klinikum Dachau,Dachau,OP,Pflegefachperson (m/w/d) für den OP,pflegefachkraft,,,unklar,,vollzeit_teilzeit,"Abgeschlossene dreijährige Ausbildung als Pflegefachperson (m/w/d), Berufserfahrung im Krankenhaus wünschenswert, jedoch keine zwingende Voraussetzung | Fundierte pflegefachliche Kenntnisse und Interesse an einer professionellen, evidenzbasierten Pflege | Verantwortungsbewusstsein, Zuverlässigkeit und eine selbstständige, strukturierte Arbeitsweise | Empathische und respektvolle Kommunikation mit Patientinnen und Patienten, Angehörigen sowie allen beteiligten Berufsgruppen | Bereitschaft zur kontinuierlichen fachlichen Weiterentwicklung und zur aktiven Mitgestaltung von Veränderungsprozessen | Gesetzlich erforderlicher Nachweis über bestehende Immunisierung gegen Masern","Berufserfahrung im Krankenhaus wünschenswert, jedoch keine zwingende Voraussetzung",3,"Klinik über Stadt, nicht über Portal; Ort der Stelle nicht belegt · Live-Pruefung fehlgeschlagen",https://www.helios-gesundheit.de/job-detail/db35e0ab-d87a-5faf-ad4a-23cd18299b10/pflegefachperson-m-w-d-fuer-den-op
Helios Amper-Klinikum Dachau,Dachau,Akutgeriatrie & Frührehabilitation,Pflegefachperson (m/w/d) für die Akutgeriatrie & Frührehabilitation,pflegefachkraft,,,unklar,,vollzeit_teilzeit,"Abgeschlossene dreijährige Ausbildung als Pflegefachperson (m/w/d) und Berufserfahrung im Krankenhaus wünschenswert, jedoch keine zwingende Voraussetzung | Fundierte pflegefachliche Kenntnisse und Interesse an einer professionellen, evidenzbasierten Pflege | Verantwortungsbewusstsein, Zuverlässigkeit und eine selbstständige, strukturierte Arbeitsweise | Empathische und respektvolle Kommunikation mit Patientinnen und Patienten, Angehörigen sowie allen beteiligten Berufsgruppen | Bereitschaft zur kontinuierlichen fachlichen Weiterentwicklung und zur aktiven Mitgestaltung von Veränderungsprozessen | Gesetzlich erforderlicher Nachweis über bestehende Immunisierung gegen Masern","Berufserfahrung im Krankenhaus wünschenswert, jedoch keine zwingende Voraussetzung",3,"Klinik über Stadt, nicht über Portal; Ort der Stelle nicht belegt · Live-Pruefung fehlgeschlagen",https://www.helios-gesundheit.de/job-detail/0a826b8c-8df1-5396-b32b-335685b90aba/pflegefachperson-m-w-d-fuer-die-akutgeriatrie-fruehrehabilitation
Helios Amper-Klinikum Dachau,Dachau,Anästhesie inkl. Aufwachraum,Pflegefachperson (m/w/d) für die Anästhesie inkl. Aufwachraum,fachweiterbildung,,,unklar,,vollzeit_teilzeit,"Abgeschlossene dreijährige Ausbildung als Pflegefachperson (m/w/d) | Idealerweise abgeschlossene oder anerkannte Fachweiterbildung für Intensiv- und Anästhesiepflege bzw. Bereitschaft, diese zu absolvieren | Berufserfahrung im Bereich Anästhesie, Aufwachraum, Intensivpflege oder einem vergleichbaren akutmedizinischen Bereich wünschenswert | Fundierte Kenntnisse in der perioperativen Überwachung und Versorgung von Patientinnen und Patienten | Hohe Entscheidungsfähigkeit, Verantwortungsbewusstsein und Handlungssicherheit in akuten und lebensbedrohlichen Situationen | Ausgeprägte Team- und Kommunikationsfähigkeit sowie Bereitschaft zur kontinuierlichen fachlichen Weiterentwicklung | Gesetzlich erforderlicher Nachweis über bestehende Immunisierung gegen Masern","Berufserfahrung im Bereich Anästhesie, Aufwachraum, Intensivpflege oder einem vergleichbaren akutmedizinischen Bereich wünschenswert",3,"Klinik über Stadt, nicht über Portal; Ort der Stelle nicht belegt · Live-Pruefung fehlgeschlagen",https://www.helios-gesundheit.de/job-detail/5b6c7382-b429-5e58-86c4-129f4d1d8a53/pflegefachperson-m-w-d-fuer-die-anaesthesie-inkl-aufwachraum
Helios Amper-Klinikum Dachau,Dachau,Endoskopie,Pflegefachperson (m/w/d) für die Endoskopie,pflegefachkraft,,Wir bieten Ihnen eine Vergütung nach Tarifvertrag (TVöD-K) sowie eine betriebliche Altersvorsorge,unklar,,vollzeit_teilzeit,"Abgeschlossene Ausbildung als Pflegefachperson (m/w/d) | Berufserfahrung in der Endoskopie | Fachliche, persönliche und soziale Kompetenz | Freude am Umgang mit Menschen sowie Kommunikations- und Teamfähigkeit | Bereitschaft zur Teilnahme am Rufdienst | Gesetzlich notwendiger Nachweis über die Masern-Immunisierung",Berufserfahrung in der Endoskopie,3,"Klinik über Stadt, nicht über Portal; Ort der Stelle nicht belegt · Live-Pruefung fehlgeschlagen",https://www.helios-gesundheit.de/job-detail/44405e7c-f9d5-5133-b284-e2d04d63edfb/pflegefachperson-m-w-d-fuer-die-endoskopie
Helios Amper-Klinikum Dachau,Dachau,Gastroenterolgie/Onkologie,Pflegefachperson (m/w/d) für die Gastroenterologie/Onkologie,pflegefachkraft,,,unklar,,vollzeit_teilzeit,"Abgeschlossene dreijährige Ausbildung als Pflegefachperson (m/w/d) und Berufserfahrung im Krankenhaus wünschenswert, jedoch keine zwingende Voraussetzung | Fundierte pflegefachliche Kenntnisse und Interesse an einer professionellen, evidenzbasierten Pflege | Verantwortungsbewusstsein, Zuverlässigkeit und eine selbstständige, strukturierte Arbeitsweise | Empathische und respektvolle Kommunikation mit Patientinnen und Patienten, Angehörigen sowie allen beteiligten Berufsgruppen | Bereitschaft zur kontinuierlichen fachlichen Weiterentwicklung und zur aktiven Mitgestaltung von Veränderungsprozessen | Gesetzlich erforderlicher Nachweis über bestehende Immunisierung gegen Masern","Berufserfahrung im Krankenhaus wünschenswert, jedoch keine zwingende Voraussetzung",3,"Klinik über Stadt, nicht über Portal; Ort der Stelle nicht belegt · Live-Pruefung fehlgeschlagen",https://www.helios-gesundheit.de/job-detail/96b5e770-feaa-51bd-92e7-73e0d9e01944/pflegefachperson-m-w-d-fuer-die-gastroenterologie-onkologie
Helios Amper-Klinikum Dachau,Dachau,Gefäßchirurgie,Pflegefachperson (m/w/d) für die Gefäßchirurgie,pflegefachkraft,,,unklar,,vollzeit_teilzeit,"Abgeschlossene dreijährige Ausbildung als Pflegefachperson (m/w/d) und Berufserfahrung im Krankenhaus wünschenswert, jedoch keine zwingende Voraussetzung | Fundierte pflegefachliche Kenntnisse und Interesse an einer professionellen, evidenzbasierten Pflege | Verantwortungsbewusstsein, Zuverlässigkeit und eine selbstständige, strukturierte Arbeitsweise | Empathische und respektvolle Kommunikation mit Patientinnen und Patienten, Angehörigen sowie allen beteiligten Berufsgruppen | Bereitschaft zur kontinuierlichen fachlichen Weiterentwicklung und zur aktiven Mitgestaltung von Veränderungsprozessen | Gesetzlich erforderlicher Nachweis über bestehende Immunisierung gegen Masern","Berufserfahrung im Krankenhaus wünschenswert, jedoch keine zwingende Voraussetzung",3,"Klinik über Stadt, nicht über Portal; Ort der Stelle nicht belegt · Live-Pruefung fehlgeschlagen",https://www.helios-gesundheit.de/job-detail/2233df14-44b1-57f4-8912-120c070ed105/pflegefachperson-m-w-d-fuer-die-gefaesschirurgie
Helios Amper-Klinikum Dachau,Dachau,Gynäkologie & Pädiatrie,Pflegefachperson (m/w/d) für die Gynäkologie & Pädiatrie,pflegefachkraft,,,unklar,,vollzeit_teilzeit,"Abgeschlossene dreijährige Ausbildung als Pflegefachperson (m/w/d) und Berufserfahrung im Krankenhaus wünschenswert, jedoch keine zwingende Voraussetzung | Fundierte pflegefachliche Kenntnisse und Interesse an einer professionellen, evidenzbasierten Pflege | Verantwortungsbewusstsein, Zuverlässigkeit und eine selbstständige, strukturierte Arbeitsweise | Empathische und respektvolle Kommunikation mit Patientinnen und Patienten, Angehörigen sowie allen beteiligten Berufsgruppen | Bereitschaft zur kontinuierlichen fachlichen Weiterentwicklung und zur aktiven Mitgestaltung von Veränderungsprozessen | Gesetzlich erforderlicher Nachweis über bestehende Immunisierung gegen Masern","Berufserfahrung im Krankenhaus wünschenswert, jedoch keine zwingende Voraussetzung",3,"Klinik über Stadt, nicht über Portal; Ort der Stelle nicht belegt · Live-Pruefung fehlgeschlagen",https://www.helios-gesundheit.de/job-detail/b424eaf9-9dd8-501f-b4b3-4e6b33959f9b/pflegefachperson-m-w-d-fuer-die-gynaekologie-paediatrie
Helios Amper-Klinikum Dachau,Dachau,Kardiologie,Pflegefachperson (m/w/d) für die Kardiologie,pflegefachkraft,,,unklar,,vollzeit_teilzeit,"Abgeschlossene dreijährige Ausbildung als Pflegefachperson (m/w/d) und Berufserfahrung im Krankenhaus wünschenswert, jedoch keine zwingende Voraussetzung | Fundierte pflegefachliche Kenntnisse und Interesse an einer professionellen, evidenzbasierten Pflege | Verantwortungsbewusstsein, Zuverlässigkeit und eine selbstständige, strukturierte Arbeitsweise | Empathische und respektvolle Kommunikation mit Patientinnen und Patienten, Angehörigen sowie allen beteiligten Berufsgruppen | Bereitschaft zur kontinuierlichen fachlichen Weiterentwicklung und zur aktiven Mitgestaltung von Veränderungsprozessen | Gesetzlich erforderlicher Nachweis über bestehende Immunisierung gegen Masern","Berufserfahrung im Krankenhaus wünschenswert, jedoch keine zwingende Voraussetzung",3,"Klinik über Stadt, nicht über Portal; Ort der Stelle nicht belegt · Live-Pruefung fehlgeschlagen",https://www.helios-gesundheit.de/job-detail/3e88163e-88fd-50c2-aebf-4d579697c1f0/pflegefachperson-m-w-d-fuer-die-kardiologie
Helios Amper-Klinikum Dachau,Dachau,Neurologie/Neurochirurgie,Pflegefachperson (m/w/d) für die Neurologie/Neurochirurgie,pflegefachkraft,,,unklar,,vollzeit_teilzeit,"Abgeschlossene dreijährige Ausbildung als Pflegefachperson (m/w/d) und Berufserfahrung im Krankenhaus wünschenswert, jedoch keine zwingende Voraussetzung | Fundierte pflegefachliche Kenntnisse und Interesse an einer professionellen, evidenzbasierten Pflege | Verantwortungsbewusstsein, Zuverlässigkeit und eine selbstständige, strukturierte Arbeitsweise | Empathische und respektvolle Kommunikation mit Patientinnen und Patienten, Angehörigen sowie allen beteiligten Berufsgruppen | Bereitschaft zur kontinuierlichen fachlichen Weiterentwicklung und zur aktiven Mitgestaltung von Veränderungsprozessen | Gesetzlich erforderlicher Nachweis über bestehende Immunisierung gegen Masern","Berufserfahrung im Krankenhaus wünschenswert, jedoch keine zwingende Voraussetzung",3,"Klinik über Stadt, nicht über Portal; Ort der Stelle nicht belegt · Live-Pruefung fehlgeschlagen",https://www.helios-gesundheit.de/job-detail/c397605c-e72d-5c7b-b4f0-6296591c0256/pflegefachperson-m-w-d-fuer-die-neurologie-neurochirurgie
Helios Amper-Klinikum Dachau,Dachau,Privatstation und Wahlleistung,Pflegefachperson (m/w/d) für die Privatstation und Wahlleistung,pflegefachkraft,,,unklar,,vollzeit_teilzeit,"Abgeschlossene dreijährige Ausbildung als Pflegefachperson (m/w/d) und Berufserfahrung im Krankenhaus wünschenswert, jedoch keine zwingende Voraussetzung | Fundierte pflegefachliche Kenntnisse und Interesse an einer professionellen, evidenzbasierten Pflege | Verantwortungsbewusstsein, Zuverlässigkeit und eine selbstständige, strukturierte Arbeitsweise | Empathische und respektvolle Kommunikation mit Patientinnen und Patienten, Angehörigen sowie allen beteiligten Berufsgruppen | Bereitschaft zur kontinuierlichen fachlichen Weiterentwicklung und zur aktiven Mitgestaltung von Veränderungsprozessen | Gesetzlich erforderlicher Nachweis über bestehende Immunisierung gegen Masern","Berufserfahrung im Krankenhaus wünschenswert, jedoch keine zwingende Voraussetzung",3,"Klinik über Stadt, nicht über Portal; Ort der Stelle nicht belegt · Live-Pruefung fehlgeschlagen",https://www.helios-gesundheit.de/job-detail/a26da146-5a6f-5bf3-bb49-b14e01398f68/pflegefachperson-m-w-d-fuer-die-privatstation-und-wahlleistung
Helios Amper-Klinikum Dachau,Dachau,Viszeralchirurgie/Urologie/Thoraxchirurgie,Pflegefachperson (m/w/d) für die Viszeralchirurgie/Urologie/Thoraxchirurgie,pflegefachkraft,,,unklar,,vollzeit_teilzeit,"Abgeschlossene dreijährige Ausbildung als Pflegefachperson (m/w/d) sowie Berufserfahrung im Krankenhaus wünschenswert, jedoch keine zwingende Voraussetzung | Fundierte pflegefachliche Kenntnisse und Interesse an einer professionellen, evidenzbasierten Pflege | Verantwortungsbewusstsein, Zuverlässigkeit und eine selbstständige, strukturierte Arbeitsweise | Empathische und respektvolle Kommunikation mit Patientinnen und Patienten, Angehörigen sowie allen beteiligten Berufsgruppen | Bereitschaft zur kontinuierlichen fachlichen Weiterentwicklung und zur aktiven Mitgestaltung von Veränderungsprozessen | Gesetzlich notwendiger Nachweis der Masernschutzimmunisierung","Berufserfahrung im Krankenhaus wünschenswert, jedoch keine zwingende Voraussetzung",3,"Klinik über Stadt, nicht über Portal; Ort der Stelle nicht belegt · Live-Pruefung fehlgeschlagen",https://www.helios-gesundheit.de/job-detail/6ff9cc28-c86a-57e6-afcd-6889e053e9df/pflegefachperson-m-w-d-fuer-die-viszeralchirurgie-urologie-thoraxchirurgie
Helios Amper-Klinikum Dachau,Dachau,Anästhesie inkl. Aufwachraum,Stationsleitung (m/w/d) für die Anästhesie inkl. Aufwachraum,leitung,,,unklar,,vollzeit_teilzeit,"Abgeschlossene dreijährige Ausbildung als Pflegefachperson (m/w/d) | mehrjährige Berufserfahrung in der professionellen Pflege, vorzugsweise im akutstationären Bereich | Abgeschlossene Weiterbildung zur Leitung einer Station oder Funktionseinheit beziehungsweise ein abgeschlossenes pflegebezogenes Studium wünschenswert | Bei noch nicht vorhandener Leitungsqualifikation die Bereitschaft, zeitnah eine entsprechende Weiterbildung oder ein Studium aufzunehmen | Ausgeprägte Führungs-, Kommunikations- und Konfliktlösungskompetenz sowie ein wertschätzendes und verbindliches Auftreten | Strukturierte, verantwortungsbewusste und wirtschaftliche Arbeitsweise mit hoher Veränderungsbereitschaft | Gesetzlich notwendiger Nachweis der Masernschutzimmunisierung","mehrjährige Berufserfahrung in der professionellen Pflege, vorzugsweise im akutstationären Bereich",3,"Klinik über Stadt, nicht über Portal; Ort der Stelle nicht belegt · Live-Pruefung fehlgeschlagen",https://www.helios-gesundheit.de/job-detail/9ddc2777-3a3e-58cd-ba49-368fc476ac41/stationsleitung-m-w-d-fuer-die-anaesthesie-inkl-aufwachraum
Helios Amper-Klinikum Dachau,Dachau,Gastroenterologie/Onkologie,Stationsleitung (m/w/d) für die Gastroenterologie/Onkologie,leitung,,,unklar,,vollzeit_teilzeit,"Abgeschlossene dreijährige Ausbildung als Pflegefachperson (m/w/d) | mehrjährige Berufserfahrung in der professionellen Pflege, vorzugsweise im akutstationären Bereich | Abgeschlossene Weiterbildung zur Leitung einer Station oder Funktionseinheit beziehungsweise ein abgeschlossenes pflegebezogenes Studium wünschenswert | Bei noch nicht vorhandener Leitungsqualifikation die Bereitschaft, zeitnah eine entsprechende Weiterbildung oder ein Studium aufzunehmen | Ausgeprägte Führungs-, Kommunikations- und Konfliktlösungskompetenz sowie ein wertschätzendes und verbindliches Auftreten | Strukturierte, verantwortungsbewusste und wirtschaftliche Arbeitsweise mit hoher Veränderungsbereitschaft | Gesetzlich notwendiger Nachweis der Masernschutzimmunisierung","mehrjährige Berufserfahrung in der professionellen Pflege, vorzugsweise im akutstationären Bereich",3,"Klinik über Stadt, nicht über Portal; Ort der Stelle nicht belegt · Live-Pruefung fehlgeschlagen",https://www.helios-gesundheit.de/job-detail/ecacce8f-8e54-5336-9e03-c5d3b140c56f/stationsleitung-m-w-d-fuer-die-gastroenterologie-onkologie
Helios Amper-Klinikum Dachau,Dachau,Notfallzentrum,Stellv. Stationsleitung (m/w/d) für das Notfallzentrum,leitung,,,unklar,,vollzeit_teilzeit,"Abgeschlossene dreijährige Ausbildung als Pflegefachperson (m/w/d) sowie erfolgreich abgeschlossene oder anerkannte Fachweiterbildung Notfallpflege | Mehrjährige Berufserfahrung in der professionellen Pflege, vorzugsweise im akutstationären Bereich | erste Führungserfahrung oder nachweisbares Interesse an der Übernahme von Führungsverantwortung | Abgeschlossene Weiterbildung zur Leitung einer Station oder Funktionseinheit beziehungsweise ein abgeschlossenes pflegebezogenes Studium wünschenswert | Bei noch nicht vorhandener Leitungsqualifikation die Bereitschaft, eine entsprechende Weiterbildung oder ein Studium aufzunehmen | Hohes Organisationsvermögen, Kommunikationsstärke, Entscheidungsfähigkeit und ein kooperatives Führungsverständnis | Gesetzlich notwendiger Nachweis der Masernschutzimmunisierung","Mehrjährige Berufserfahrung in der professionellen Pflege, vorzugsweise im akutstationären Bereich",3,"Klinik über Stadt, nicht über Portal; Ort der Stelle nicht belegt · Live-Pruefung fehlgeschlagen",https://www.helios-gesundheit.de/job-detail/7e0d5c3e-e8e2-5f7c-8ec9-5917b8be5e42/stellv-stationsleitung-m-w-d-fuer-das-notfallzentrum
Helios St. Elisabeth-Krankenhaus Bad Kissingen,Bad Kissingen,,Examinierte Pflegefachkraft in Voll- und Teilzeit (m/w/d),pflegefachkraft,,Eine faire und leistungsgerechte Vergütung,,,vollzeit_teilzeit,"Erfolgreich abgeschlossene Ausbildung als Gesundheits- und Krankenpfleger, Altenpfleger oder Pflegefachkraft (m/w/d) | Fachkompetenz, Verantwortungsbewusstsein und Teamfähigkeit | Patientenorientiertes Denken und Handeln | Bereitschaft zur Kooperation mit anderen Berufsgruppen",,4,Klinik nach Anzeigenort korrigiert,https://karriere.hescuro.de/jobs/66465503/Examinierte-Pflegefachkraft-in-Voll--und-Teilzeit-m-w-d-/
Helios St. Elisabeth-Krankenhaus Bad Kissingen,Bad Kissingen,,Examinierte Pflegefachkraft in Voll- und Teilzeit für den Nachtdienst (m/w/d),pflegefachkraft,,Eine faire und leistungsgerechte Vergütung,,,vollzeit_teilzeit,"Erfolgreich abgeschlossene Ausbildung als Gesundheits- und Krankenpfleger, Altenpfleger oder Pflegefachkraft (m/w/d) | Fachkompetenz, Verantwortungsbewusstsein und Teamfähigkeit | Patientenorientiertes Denken und Handeln | Bereitschaft zur Kooperation mit anderen Berufsgruppen",,4,Klinik nach Anzeigenort korrigiert,https://karriere.hescuro.de/jobs/66873005/Examinierte-Pflegefachkraft-in-Voll--und-Teilzeit-f%C3%BCr-den-Nachtdienst-m-w-d-/
Helios St. Elisabeth-Krankenhaus Bad Kissingen,Bad Kissingen,Unfallchirurgie,Pflegefachkraft (m/w/d) - Unfallchirurgie,pflegefachkraft,,,unklar,,vollzeit_teilzeit,Eine abgeschlossene Ausbildung als Gesundheits- und Krankenpfleger (m/w/d) oder examinierter Altenpfleger (m/w/d) mit dem Wunsch sich weiterzuentwickeln | Empathie und respektvoller Umgang mit unseren Patient:innen | Lernbereitschaft und Kommunikationsstärke | Gesetzlich notwendiger Nachweis über Immunisierung gegen Masern,,3,"Klinik über Stadt, nicht über Portal; Ort der Stelle nicht belegt · Live-Pruefung fehlgeschlagen",https://www.helios-gesundheit.de/job-detail/4266073d-b37a-5729-855e-d8fe49dc6827/pflegefachkraft-m-w-d-unfallchirurgie
Helios St. Elisabeth-Krankenhaus Bad Kissingen,Bad Kissingen,Gastroenterologie / Viszeralchirurgie,Pflegefachkraft Gastroenterologie / Viszeralchirurgie (m/w/d),pflegefachkraft,,Wir bieten Ihnen eine Vergütung nach Tarifvertrag sowie eine betriebliche Altersvorsorge,unklar,,,"Abgeschlossene Ausbildung zum Krankenpfleger (m/w/d), Gesundheits- und Krankenpfleger (m/w/d), Pflegefachmann (m/w/d) | Bereitschaft zur Teilnahme an Feiertags- und Nachtdiensten | Ein hohes Maß an Eigeninitiative und Belastbarkeit sowie Führungskompetenz, Organisationsvermögen und Verantwortungsbewusstsein | Eine ausgeprägte Kooperations- und Kommunikationskompetenz sowie die Fähigkeit zum wirtschaftlichen Handeln | Gesetzlich notwendiger Nachweis über Immunisierung gegen Masern",,3,"Klinik über Stadt, nicht über Portal; Ort der Stelle nicht belegt · Live-Pruefung fehlgeschlagen",https://www.helios-gesundheit.de/job-detail/b43059f5-368e-55eb-a709-92a7af98a740/pflegefachkraft-gastroenterologie-viszeralchirurgie-m-w-d
Helios St. Elisabeth-Krankenhaus Bad Kissingen,Bad Kissingen,Palliativmedizin,Pflegefachkraft Palliativstation (m/w/d),pflegefachkraft,,Wir bieten Ihnen eine Vergütung nach Tarifvertrag sowie eine betriebliche Altersvorsorge,unklar,,,"Abgeschlossene Ausbildung zum Krankenpfleger, Gesundheits- und Krankenpfleger, Pflegefachfrau/Pflegefachmann (m/w/d) | Die Bereitschaft zur interdisziplinären und berufsgruppenübergreifenden Zusammenarbeit | Eine hohe pflegerische und patientenorientierte Fachkompetenz sowie die Fähigkeit zur Konfliktbewältigungwerden vorausgesetzt | Ein hohes Maß an Eigeninitiative und Belastbarkeit sowie Führungskompetenz, Organisationsvermögen und Verantwortungsbewusstsein | Eine ausgeprägte Kooperations- und Kommunikationskompetenz sowie die Fähigkeit zum wirtschaftlichen Handeln | Gesetzlich notwendiger Nachweis über Immunisierung gegen Masern",,3,"Klinik über Stadt, nicht über Portal; Ort der Stelle nicht belegt · Live-Pruefung fehlgeschlagen",https://www.helios-gesundheit.de/job-detail/202d873a-da29-59cd-b275-532e758f9796/pflegefachkraft-palliativstation-m-w-d
Hescuro Klinik Bad Brückenau,Bad Brückenau,,Examinierte Pflegefachkraft (m/w/d),fachweiterbildung,,Eine faire und leistungsgerechte Vergütung,,,,"Erfolgreich abgeschlossene Ausbildung als Gesundheits- und Krankenpfleger, Altenpfleger oder Pflegefachkraft (m/w/d) | Weiterbildung Pflege in der Psychiatrie, Psychosomatik, Psychotherapie wünschenswert | Fachkompetenz, Verantwortungsbewusstsein und Teamfähigkeit | Patientenorientiertes Denken und Handeln | Bereitschaft zur Kooperation mit anderen Berufsgruppen",,5,,https://karriere.hescuro.de/jobs/56337857/Examinierte-Pflegefachkraft-m-w-d-/
Hescuro Klinik Bad Brückenau,Bad Brückenau,,Gesundheits- und Krankenpfleger/ Altenpfleger (m/w/d),pflegefachkraft,,Eine faire und leistungsgerechte Vergütung,,,,"Abgeschlossene Ausbildung als Gesundheits- und Krankenpfleger (w/m/d), möglichst mit Berufserfahrung | Begeisterung für den Pflegeberuf und Freude am Umgang mit Menschen | Selbstständiges Arbeiten, Aufgeschlossenheit, Teamorientiertheit und die Bereitschaft sich kontinuierlich beruflich weiterzuentwickeln",möglichst mit Berufserfahrung,5,,https://karriere.hescuro.de/jobs/64611218/Gesundheits--und-Krankenpfleger-Altenpfleger-m-w-d-/
Hescuro Klinik Bad Brückenau,Bad Brückenau,,Pflegefachhelfer (m/w/d),hilfskraft,,Eine faire und leistungsgerechte Vergütung,,,,Erfolgreich abgeschlossene Ausbildung zum Pflegefachhelfer (m/w/d) | Verantwortungsbewusstsein und Teamfähigkeit | Patientenorientiertes Denken und Handeln | Bereitschaft zur Kooperation mit anderen Berufsgruppen,,5,,https://karriere.hescuro.de/jobs/66028828/Pflegefachhelfer-m-w-d-/
Hescuro Klinik Bad Brückenau,Bad Brückenau,,Pflegefachkraft für den Tagdienst (m/w/d),pflegefachkraft,,Eine faire und leistungsgerechte Vergütung,,,,Abgeschlossene Berufsausbildung in der Gesundheits- und Krankenpflege oder Altenpflege sowie Pflegefachkraft (m/w/d) | Freude und Fürsorge im Umgang mit Menschen | Persönliches Engagement und Zuverlässigkeit,,5,,https://karriere.hescuro.de/jobs/63943688/Pflegefachkraft-f%C3%BCr-den-Tagdienst-m-w-d-/
Hochgrat Klinik,Stiefenhofen,,PFLEGEFACHKRAFT / GESUNDHEITS- und KRANKENPFLEGER (m/w/d) Standort: Stiefenhofen (Hochgrat Klinik),pflegefachkraft,,qualifikationsgerechte Bezahlung,unklar,,,"abgeschlossene Ausbildung in einem der oben genannten Berufe | psychosomatische oder psychiatrische Weiterbildung nicht erforderlich | Bereitschaft zur fachlichen und persönlichen Weiterentwicklung | strukturierte, eigenverantwortliche und selbstständige Arbeitsweise | Sensibilität und Begeisterung bei der Arbeit mit Menschen, die sich in Lebenskrisen befinden",,5,,https://www.reisach-kliniken.de/position?id=7aee700e-a911-4e73-9079-0b09fa372c20
InnKlinikum Altötting,Altötting,Anästhesie,Ausbildung zum Anästhesietechnischen Assistent (m|w|d),ota_ata,,Ausbildungsvergütung gemäß dem Tarifvertrag für Auszubildende des öffentlichen Dienstes (TVAöD) mit zahlreichen Zusatzleistungen,unklar,,vollzeit,"Du hast einen guten mittleren Schulabschluss | Du bringst anatomisches Verständnis und praktisches Geschick mit und arbeitest mit Sorgfalt und Genauigkeit | Du hast eine empathische Macher-Mentalität, arbeitest gern im Team und kommunizierst gekonnt mit allen Berufsgruppen und Patienten | Du hast eine schnelle Auffassungsgabe und kannst dich flexibel an neue Gegebenheiten anpassen | Du kannst dich auf die Arbeit mit Schichtdienst einstellen | Du bist bei Ausbildungsbeginn mindestens 17 Jahre alt | Du wirst in Vilsbiburg die Berufsschule besuchen",,3,"Klinik über Stadt, nicht über Portal; Ort der Stelle nicht belegt",https://www.innklinikum.de/stellenangebote-detailansicht/8ac789a69f857fb9019f8e1da39527be
InnKlinikum Altötting,Altötting,Anästhesie,Ausbildung zum Anästhesietechnischen Assistent (m|w|d),ota_ata,,Ausbildungsvergütung gemäß dem Tarifvertrag für Auszubildende des öffentlichen Dienstes (TVAöD) mit zahlreichen Zusatzleistungen,unklar,,vollzeit,"Du hast einen guten mittleren Schulabschluss | Du bringst anatomisches Verständnis und praktisches Geschick mit und arbeitest mit Sorgfalt und Genauigkeit | Du hast eine empathische Macher-Mentalität, arbeitest gern im Team und kommunizierst gekonnt mit allen Berufsgruppen und Patienten | Du hast eine schnelle Auffassungsgabe und kannst dich flexibel an neue Gegebenheiten anpassen | Du kannst dich auf die Arbeit mit Schichtdienst einstellen | Du bist bei Ausbildungsbeginn mindestens 17 Jahre alt",,3,"Klinik über Stadt, nicht über Portal; Ort der Stelle nicht belegt",https://www.innklinikum.de/stellenangebote-detailansicht/8ac789a69f857fb9019f8e22931b29a6
InnKlinikum Altötting,Altötting,OP,Ausbildung zum Operationstechnischen Assistent (m|w|d),ota_ata,,Ausbildungsvergütung gemäß dem Tarifvertrag für Auszubildende des öffentlichen Dienstes (TVAöD) mit zahlreichen Zusatzleistungen,unklar,,vollzeit,"Du hast die Mittlere Reife oder einen höheren Schulabschluss erfolgreich gemeistert | Du bringst anatomisches Verständnis und praktisches Geschick mit und arbeitest mit Sorgfalt und Genauigkeit | Du bist technikaffin, empathischer Teamplayer und kommunizierst gekonnt mit allen Berufsgruppen und den Patienten | Du hast gutes Durchhaltevermögen und hohe Konzentrationsfähigkeit und kannst dich flexibel und schnell an sich ändernde Gegebenheiten anpassen | Du kannst dich auf die Arbeit mit Schichtdienst einstellen | Du bist bei Ausbildungsbeginn mindestens 17 Jahre alt | Du wirst die Berufsschule in Vilsbiburg besuchen",,3,"Klinik über Stadt, nicht über Portal; Ort der Stelle nicht belegt",https://www.innklinikum.de/stellenangebote-detailansicht/8ac789a69f857fb9019f8e2098f62931
InnKlinikum Altötting,Altötting,OP,Ausbildung zum Operationstechnischen Assistent (m|w|d),ota_ata,,Ausbildungsvergütung gemäß dem Tarifvertrag für Auszubildende des öffentlichen Dienstes (TVAöD) mit zahlreichen Zusatzleistungen,unklar,,vollzeit,"Du hast die Mittlere Reife oder einen höheren Schulabschluss erfolgreich gemeistert | Du bringst anatomisches Verständnis und praktisches Geschick mit und arbeitest mit Sorgfalt und Genauigkeit | Du bist technikaffin, empathischer Teamplayer und kommunizierst gekonnt mit allen Berufsgruppen und den Patienten | Du hast gutes Durchhaltevermögen und hohe Konzentrationsfähigkeit und kannst dich flexibel und schnell an sich ändernde Gegebenheiten anpassen | Du kannst dich auf die Arbeit mit Schichtdienst einstellen | Du bist bei Ausbildungsbeginn mindestens 17 Jahre alt",,3,"Klinik über Stadt, nicht über Portal; Ort der Stelle nicht belegt",https://www.innklinikum.de/stellenangebote-detailansicht/8ac789a69f857fb9019f8e23dc5329e3
InnKlinikum Altötting,Altötting,Anästhesie,Auszubildender Anästhesietechnischer Assistent (m|w|d),ota_ata,,Ausbildungsvergütung gemäß dem Tarifvertrag für Auszubildende des öffentlichen Dienstes (TVAöD) mit zahlreichen Zusatzleistungen,unklar,,vollzeit,"Du hast einen guten mittleren Schulabschluss | Du bringst eine hohe physische und psychische Belastbarkeit, sowie praktisches Geschick mit | Du kannst dich auf die Arbeit Schichtdienst einstellen | Du hast Einfühlungsvermögen und die Fähigkeit zu kommunizieren | Du bist teamfähig und flexibel | Du bist bei Ausbildungsbeginn mindestens 17 Jahre alt",,3,"Klinik über Stadt, nicht über Portal; Ort der Stelle nicht belegt",https://www.innklinikum.de/stellenangebote-detailansicht/8ac789a69f5cd338019f609caa1759e8
InnKlinikum Altötting,Altötting,Anästhesie,Auszubildender Anästhesietechnischer Assistent (m|w|d),ota_ata,,Ausbildungsvergütung gemäß dem Tarifvertrag für Auszubildende des öffentlichen Dienstes (TVAöD) mit zahlreichen Zusatzleistungen,unklar,,vollzeit,"Du hast einen guten mittleren Schulabschluss | Du bringst eine hohe physische und psychische Belastbarkeit, sowie praktisches Geschick mit | Du kannst dich auf die Arbeit Schichtdienst einstellen | Du hast Einfühlungsvermögen und die Fähigkeit zu kommunizieren | Du bist teamfähig und flexibel | Du bist bei Ausbildungsbeginn mindestens 17 Jahre alt",,3,"Klinik über Stadt, nicht über Portal; Ort der Stelle nicht belegt",https://www.innklinikum.de/stellenangebote-detailansicht/8ac789a69f5cd338019f60a3cb355b35
InnKlinikum Altötting,Altötting,OP,Auszubildender Operationstechnischer Assistent (m|w|d),ota_ata,,Ausbildungsvergütung gemäß dem Tarifvertrag für Auszubildende des öffentlichen Dienstes (TVAöD - BT Pflege) mit zahlreichen Zusatzleistungen,unklar,,vollzeit,"Du hast einen guten mittleren Schulabschluss | Du bringst eine hohe physische und psychische Belastbarkeit, sowie praktisches Geschick mit | Du kannst dich auf die Arbeit Schichtdienst einstellen | Du hast Einfühlungsvermögen und die Fähigkeit zu kommunizieren | Du bist teamfähig und flexibel | Du bist bei Ausbildungsbeginn mindestens 17 Jahre alt",,3,"Klinik über Stadt, nicht über Portal; Ort der Stelle nicht belegt",https://www.innklinikum.de/stellenangebote-detailansicht/8ac789a69f5cd338019f60ba403a5cf6
InnKlinikum Altötting,Altötting,OP,Auszubildender Operationstechnischer Assistent (m|w|d),ota_ata,,Ausbildungsvergütung gemäß dem Tarifvertrag für Auszubildende des öffentlichen Dienstes (TVAöD - BT Pflege) mit zahlreichen Zusatzleistungen,unklar,,vollzeit,"Du hast einen guten mittleren Schulabschluss | Du bringst eine hohe physische und psychische Belastbarkeit, sowie praktisches Geschick mit | Du kannst dich auf die Arbeit Schichtdienst einstellen | Du hast Einfühlungsvermögen und die Fähigkeit zu kommunizieren | Du bist teamfähig und flexibel | Du bist bei Ausbildungsbeginn mindestens 17 Jahre alt",,3,"Klinik über Stadt, nicht über Portal; Ort der Stelle nicht belegt",https://www.innklinikum.de/stellenangebote-detailansicht/8ac789a69f5cd338019f60bd82f45d62
InnKlinikum Altötting,Altötting,"C3, A3, B3 Stroke",Bereichsleitung (m|w|d),leitung,P 15,Vergütung: P 15 TVöD-K,unklar,,vollzeit,Sie haben eine abgeschlossene Ausbildung zum examinierten Gesundheits- und Krankenpfleger (m/w/d) oder Altenpfleger (m/w/d) | Sie haben die Weiterbildung zur Stationsleitung bzw. ein Studium des Pflegemanagements bzw. eines vergleichbaren Studiengangs erfolgreich absolviert | Sie haben mehrjährige Leitungserfahrung auf einer interdisziplinären Station | Sie identifizieren sich mit den Zielen unserer Klinik und wirken aktiv bei der Umsetzung mit | Sie arbeiten verantwortungsbewusst und selbstständig | Sie sind teamfähig und bringen ein hohes Maß an Schlüsselkompetenzen mit,mehrjährige Leitungserfahrung auf einer interdisziplinären Station,3,"Klinik über Stadt, nicht über Portal; Ort der Stelle nicht belegt",https://www.innklinikum.de/stellenangebote-detailansicht/8ac789a69fecc868019ffa9ce18d3075
InnKlinikum Altötting,Altötting,,Gesundheits- und Krankenpflegehelfer (m|w|d) / Pflegefachhelfer (m|w|d),hilfskraft,P 6,Leistungsgerechte Vergütung nach TVöD-K mit zahlreichen Zusatzleistungen,unklar,,vollzeit_teilzeit,Sie haben eine mindestens einjährige abgeschlossene Ausbildung zum Gesundheits- und Krankenpflegerhelfer (m|w|d) oder Altenpflegehelfer (m|w|d) | Sie handeln pflegerisch und patientenorientiert | Sie bringen gute pflegerische Fachkenntnisse mit | Sie agieren stets empathisch und den Menschen zugewandt | Sie arbeiten verantwortungsbewusst und selbstständig | Sie überzeugen als Teamplayer durch Engagement und Kollegialität,,3,"Klinik über Stadt, nicht über Portal; Ort der Stelle nicht belegt",https://www.innklinikum.de/stellenangebote-detailansicht/8a6230a3783e7258017a0a4fb78254fa
InnKlinikum Altötting,Altötting,Unfallchirurgie,Gesundheits- und Krankenpfleger (m|w|d) / Pflegefachmann (m|w|d),pflegefachkraft,P 7,Leistungsgerechte Vergütung nach TVöD-K mit zahlreichen Zusatzleistungen,unklar,,vollzeit_teilzeit,Sie haben eine abgeschlossene Ausbildung zum examinierten Gesundheits- und Krankenpfleger (m|w|d) | Sie handeln pflegerisch und patientenorientiert | Sie bringen gute pflegerische Fachkenntnisse mit | Sie agieren stets empathisch und den Menschen zugewandt | Sie arbeiten verantwortungsbewusst und selbstständig | Sie überzeugen als Teamplayer durch Engagement und Kollegialität,,3,"Klinik über Stadt, nicht über Portal; Ort der Stelle nicht belegt",https://www.innklinikum.de/stellenangebote-detailansicht/8ac789a68d9eada2018dacb12b1c1ee4
InnKlinikum Altötting,Altötting,Kardiologie,Gesundheits- und Krankenpfleger (m|w|d) / Pflegefachmann (m|w|d),pflegefachkraft,P 7,Leistungsgerechte Vergütung nach TVöD-K mit zahlreichen Zusatzleistungen,unklar,,vollzeit_teilzeit,Sie haben eine abgeschlossene Ausbildung zum examinierten Gesundheits- und Krankenpfleger (m|w|d) | Sie handeln pflegerisch und patientenorientiert | Sie bringen gute pflegerische Fachkenntnisse mit | Sie agieren stets empathisch und den Menschen zugewandt | Sie arbeiten verantwortungsbewusst und selbstständig | Sie überzeugen als Teamplayer durch Engagement und Kollegialität,,3,"Klinik über Stadt, nicht über Portal; Ort der Stelle nicht belegt",https://www.innklinikum.de/stellenangebote-detailansicht/8ac789a69027bc1c0190fd6f53350f11
InnKlinikum Altötting,Altötting,Pneumologie,Gesundheits- und Krankenpfleger (m|w|d) / Pflegefachmann (m|w|d),pflegefachkraft,P 7,Leistungsgerechte Vergütung nach TVöD-K mit zahlreichen Zusatzleistungen,unklar,,vollzeit_teilzeit,"Sie haben eine abgeschlossene Ausbildung zum examinierten Gesundheits- und Krankenpfleger (m|w|d), Gesundheits- und Kinderkrankenpfleger (m|w|d) oder | Sie handeln pflegerisch und patientenorientiert | Sie bringen gute pflegerische Fachkenntnisse mit | Sie agieren stets empathisch und den Menschen zugewandt | Sie arbeiten verantwortungsbewusst und selbstständig | Sie überzeugen als Teamplayer durch Engagement und Kollegialität in unseren wachsenden Bereichen",,3,"Klinik über Stadt, nicht über Portal; Ort der Stelle nicht belegt",https://www.innklinikum.de/stellenangebote-detailansicht/8ac789a694d232e5019528e49cdb1c6b
InnKlinikum Altötting,Altötting,Springer-/ Flexipool,Gesundheits- und Krankenpfleger (m|w|d) / Pflegefachmann (m|w|d),pflegefachkraft,P 7,Leistungsgerechte Vergütung nach TVöD-K mit zahlreichen Zusatzleistungen,unklar,,vollzeit_teilzeit,Sie haben eine abgeschlossene Ausbildung zum examinierten Gesundheits- und Krankenpfleger (m|w|d) | Sie bringen eine mehrjährige Berufserfahrung mit | Sie handeln pflegerisch und patientenorientiert | Sie bringen gute pflegerische Fachkenntnisse mit | Sie agieren stets empathisch und den Menschen zugewandt | Sie arbeiten verantwortungsbewusst und selbstständig | Sie überzeugen als Teamplayer durch Engagement und Kollegialität,Sie bringen eine mehrjährige Berufserfahrung mit,3,"Klinik über Stadt, nicht über Portal; Ort der Stelle nicht belegt",https://www.innklinikum.de/stellenangebote-detailansicht/8ac789a694d232e5019528e6c8ea1ca8
InnKlinikum Altötting,Altötting,Akutgeriatrie,Gesundheits- und Krankenpfleger (m|w|d) / Pflegefachmann (m|w|d),pflegefachkraft,P 7,Leistungsgerechte Vergütung nach TVöD-K mit zahlreichen Zusatzleistungen,unklar,,vollzeit_teilzeit,"Sie haben eine abgeschlossene Ausbildung zum examinierten Gesundheits- und Krankenpfleger (m|w|d), Gesundheits- und Kinderkrankenpfleger (m|w|d) oder | Sie handeln pflegerisch und patientenorientiert | Sie bringen gute pflegerische Fachkenntnisse mit | Sie agieren stets empathisch und den Menschen zugewandt | Sie arbeiten verantwortungsbewusst und selbstständig | Sie überzeugen als Teamplayer durch Engagement und Kollegialität in unseren wachsenden Bereichen",,3,"Klinik über Stadt, nicht über Portal; Ort der Stelle nicht belegt",https://www.innklinikum.de/stellenangebote-detailansicht/8ac789a694d232e5019528ebfc671d12
InnKlinikum Altötting,Altötting,Chirurgie,Gesundheits- und Krankenpfleger (m|w|d) / Pflegefachmann (m|w|d),pflegefachkraft,P 7,Leistungsgerechte Vergütung nach TVöD-K mit zahlreichen Zusatzleistungen,unklar,,vollzeit_teilzeit,"Sie haben eine abgeschlossene Ausbildung zum examinierten Gesundheits- und Krankenpfleger (m|w|d), Gesundheits- und Kinderkrankenpfleger (m|w|d) oder | Sie handeln pflegerisch und patientenorientiert | Sie bringen gute pflegerische Fachkenntnisse mit | Sie agieren stets empathisch und den Menschen zugewandt | Sie arbeiten verantwortungsbewusst und selbstständig | Sie überzeugen als Teamplayer durch Engagement und Kollegialität",,3,"Klinik über Stadt, nicht über Portal; Ort der Stelle nicht belegt",https://www.innklinikum.de/stellenangebote-detailansicht/8ac789a694d232e5019528f0919c1d52
InnKlinikum Altötting,Altötting,,Gesundheits- und Krankenpfleger (m|w|d) / Pflegefachmann (m|w|d),pflegefachkraft,P 7,Leistungsgerechte Vergütung nach TVöD-K mit zahlreichen Zusatzleistungen,unklar,,vollzeit_teilzeit,Sie haben eine abgeschlossene Ausbildung zum examinierten Gesundheits- und Krankenpfleger (m|w|d) | Gesundheits- und Kinderkrankenpfleger (m|w|d) oder Altenpfleger (m|w|d) | Sie handeln pflegerisch und patientenorientiert | Sie bringen gute pflegerische Fachkenntnisse mit | Sie agieren stets empathisch und den Menschen zugewandt | Sie arbeiten verantwortungsbewusst und selbstständig | Sie überzeugen als Teamplayer durch Engagement und Kollegialität,,3,"Klinik über Stadt, nicht über Portal; Ort der Stelle nicht belegt",https://www.innklinikum.de/stellenangebote-detailansicht/8a6230a3783e725801787a99eb402dae
InnKlinikum Altötting,Altötting,,Gesundheits- und Krankenpfleger (m|w|d) / Pflegefachmann (m|w|d),pflegefachkraft,P 7,Leistungsgerechte Vergütung nach TVöD-K mit zahlreichen Zusatzleistungen,unklar,,vollzeit_teilzeit,Sie haben eine abgeschlossene Ausbildung zum examinierten Gesundheits- und Krankenpfleger (m|w|d) | Gesundheits- und Kinderkrankenpfleger (m|w|d) oder Altenpfleger (m|w|d) | Sie handeln pflegerisch und patientenorientiert | Sie bringen gute pflegerische Fachkenntnisse mit | Sie agieren stets empathisch und den Menschen zugewandt | Sie arbeiten verantwortungsbewusst und selbstständig | Sie überzeugen als Teamplayer durch Engagement und Kollegialität,,3,"Klinik über Stadt, nicht über Portal; Ort der Stelle nicht belegt",https://www.innklinikum.de/stellenangebote-detailansicht/8a6230a3783e725801787a9e35e52e49
InnKlinikum Altötting,Altötting,Intensiv,Gesundheits- und Krankenpfleger (m|w|d) / Pflegefachmann (m|w|d),fachweiterbildung,P 8,Leistungsgerechte Vergütung nach TVöD-K mit zahlreichen Zusatzleistungen,unklar,,vollzeit_teilzeit,Sie haben eine abgeschlossene Ausbildung zum examinierten Gesundheits- und Krankenpfleger (m|w|d) oder Altenpfleger (m|w|d) | Sie haben eine abgeschlossene Fachweiterbildung Intensiv/Anästhesie | Sie handeln pflegerisch und patientenorientiert | Sie bringen gute pflegerische Fachkenntnisse mit | Sie agieren stets empathisch und den Menschen zugewandt | Sie arbeiten verantwortungsbewusst und selbstständig | Sie überzeugen als Teamplayer durch Engagement und Kollegialität in unseren wachsenden Bereichen,,3,"Klinik über Stadt, nicht über Portal; Ort der Stelle nicht belegt",https://www.innklinikum.de/stellenangebote-detailansicht/8a6230a3783e72580178f48d19e80256
InnKlinikum Altötting,Altötting,Intensivstation,Gesundheits- und Krankenpfleger (m|w|d) / Pflegefachmann (m|w|d),pflegefachkraft,,Leistungsgerechte Vergütung nach TVöD-K mit zahlreichen Zusatzleistungen,unklar,,vollzeit_teilzeit,Sie haben eine abgeschlossene Ausbildung zum examinierten Gesundheits- und Krankenpfleger (m|w|d) | Sie verfügen idealerweise über die Fachweiterbildung Anästhesie- und Intensivpflege oder sind bereit eine Fachweiterbildung anzustreben | Sie handeln pflegerisch und patientenorientiert | Sie bringen gute pflegerische Fachkenntnisse mit | Sie agieren stets empathisch und den Menschen zugewandt | Sie arbeiten verantwortungsbewusst und selbstständig | Sie überzeugen als Teamplayer durch Engagement und Kollegialität,,3,"Klinik über Stadt, nicht über Portal; Ort der Stelle nicht belegt",https://www.innklinikum.de/stellenangebote-detailansicht/8a6230a384b0d91e0185067e9ec451a3
InnKlinikum Altötting,Altötting,Neurologie,Gesundheits- und Krankenpfleger (m|w|d) / Pflegefachmann (m|w|d),pflegefachkraft,P 7,Leistungsgerechte Vergütung nach TVöD-K mit zahlreichen Zusatzleistungen,unklar,,vollzeit_teilzeit,Sie haben eine abgeschlossene Ausbildung zum examinierten Gesundheits- und Krankenpfleger (m|w|d) oder Altenpfleger (m|w|d) | Sie handeln pflegerisch und patientenorientiert | Sie bringen gute pflegerische Fachkenntnisse mit | Sie agieren stets empathisch und den Menschen zugewandt | Sie arbeiten verantwortungsbewusst und selbstständig | Sie überzeugen als Teamplayer durch Engagement und Kollegialität,,3,"Klinik über Stadt, nicht über Portal; Ort der Stelle nicht belegt",https://www.innklinikum.de/stellenangebote-detailansicht/8a6230a386d4cc7c01882353072e6940
InnKlinikum Altötting,Altötting,Onkologische Tagesklinik,Gesundheits- und Krankenpfleger (m|w|d) / Pflegefachmann (m|w|d) mit FWB Onkologie,fachweiterbildung,P 9,Leistungsgerechte Vergütung nach TVöD-K mit zahlreichen Zusatzleistungen,unklar,,vollzeit_teilzeit,"Sie haben eine abgeschlossene Ausbildung zur Pflegefachkraft (m/w/d) oder zum examinierten Gesundheits- und Krankenpfleger (m/w/d) mit Fachweiterbildung | Sie haben fundiertes Fachwissen in der onkologischen Pflege, sowie Erfahrung mit ambulanten Therapieverfahren | Sie haben die Bereitschaft sich kontinuierlich weiterzuentwickeln | Sie agieren stets empathisch und den Menschen zugewandt | Sie arbeiten verantwortungsbewusst und selbstständig | Sie überzeugen als Teamplayer durch Engagement und Kollegialität",Erfahrung mit ambulanten Therapieverfahren,3,"Klinik über Stadt, nicht über Portal; Ort der Stelle nicht belegt",https://www.innklinikum.de/stellenangebote-detailansicht/8ac789a69ef5d25a019f45e505a10bd3
InnKlinikum Altötting,Altötting,Anästhesie,Gesundheits- und Krankenpfleger Anästhesie / ATA (m|w|d),ota_ata,P 8,Leistungsgerechte Vergütung nach TVöD-K mit zahlreichen Zusatzleistungen,unklar,,vollzeit_teilzeit,"Sie sind ausgebildeter Gesundheits- und Krankenpfleger (m|w|d), Pflegefachmann (m|w|d) oder Anästhesietechnischer Assistent (m|w|d) | Sie verfügen idealerweise über eine erfolgreich abgeschlossene Fachweiterbildung für Anästhesie- und Intensivpflege oder streben diese an | Sie nehmen die patientenorientierte Versorgung als Ihre persönliche Herzensangelegenheit wahr | Sie haben Freude daran, Ihre persönliche Fachkompetenz mit einzubringen, übernehmen gerne Verantwortung und handeln stets zielorientiert und qualitätsbewusst | Sie bereichern uns durch Ihre offene Teamplayer-Persönlichkeit und tragen dadurch zu einer multiprofessionellen sowie harmonischen Zusammenarbeit bei",,3,"Klinik über Stadt, nicht über Portal; Ort der Stelle nicht belegt",https://www.innklinikum.de/stellenangebote-detailansicht/8ac789a69bb8d50e019c2d1cd3352bb2
InnKlinikum Altötting,Altötting,Funktionsdienst,Gesundheits- und Krankenpfleger Anästhesie / ATA (m|w|d),fachweiterbildung,EG 8,Vergütung: EG 8 TVöD-K,unklar,,vollzeit,"Sie sind ausgebildeter Gesundheits- und Krankenpfleger (m|w|d), Pflegefachmann (m|w|d) oder Anästhesietechnischer Assistent (m|w|d) | Sie verfügen idealerweise über eine erfolgreich abgeschlossene Fachweiterbildung für Anästhesie- und Intensivpflege oder streben diese an | Sie nehmen die patientenorientierte Versorgung als Ihre persönliche Herzensangelegenheit wahr | Sie haben Freude daran, Ihre persönliche Fachkompetenz mit einzubringen, übernehmen gerne Verantwortung und handeln stets zielorientiert und qualitätsbewusst | Sie bereichern uns durch Ihre offene Teamplayer-Persönlichkeit und tragen dadurch zu einer multiprofessionellen sowie harmonischen Zusammenarbeit bei",,3,"Klinik über Stadt, nicht über Portal; Ort der Stelle nicht belegt",https://www.innklinikum.de/stellenangebote-detailansicht/8ac789a69f857fb9019fb23cf2e44b95
InnKlinikum Altötting,Altötting,Springer-/ Flexipool,Pflegefachhelfer (m|w|d) im Springer-/ Flexipool,hilfskraft,P 6,Leistungsgerechte Vergütung nach TVöD-K mit zahlreichen Zusatzleistungen,unklar,,vollzeit_teilzeit,"Sie haben eine mindestens einjährige abgeschlossene Ausbildung zum Gesundheits- und Krankenpflegehelfer (m|w|d), Altenpflegehelfer (m|w|d) oder | Sie handeln pflegerisch und patientenorientiert | Sie bringen gute pflegerische Fachkenntnisse mit | Sie agieren stets empathisch und den Menschen zugewandt | Sie arbeiten verantwortungsbewusst und selbstständig | Sie überzeugen als Teamplayer durch Engagement und Kollegialität",,3,"Klinik über Stadt, nicht über Portal; Ort der Stelle nicht belegt",https://www.innklinikum.de/stellenangebote-detailansicht/8ac789a6980a5e1f01985f1ed6241e2e
InnKlinikum Altötting,Altötting,Pflegedienst Mühldorf,Zentraler Praxisanleiter (m|w|d),leitung,P 8,Leistungsgerechte Vergütung nach TVöD-K mit zahlreichen Zusatzleistungen,unklar,,teilzeit,Sie haben eine abgeschlossene Ausbildung zum examinierten Gesundheits- und Krankenpfleger (m/w/d) | Sie haben erfolgreich am Praxisanleiter Lehrgang teilgenommen | Sie verfügen über Erfahrung in der Tätigkeit als Praxisanleiter | Sie bringen gute pflegerische Fachkenntnisse mit | Sie arbeiten verantwortungsbewußt und selbstständig | Sie verfügen über eine hohe soziale Kompetenz und überzeugen als Teamplayer durch Engagement und Kollegialität | Sie haben EDV- Kenntnisse,,3,"Klinik über Stadt, nicht über Portal; Ort der Stelle nicht belegt",https://www.innklinikum.de/stellenangebote-detailansicht/8ac789a69d87ed79019e1be9cf3e18e5
Internistisches Klinikum München Süd,München,Normalstation (Nachtdienst),Nachtdienst: Gesundheits- und Krankenpfleger oder Pflegefachkraft (m/w/d),pflegefachkraft,,,nein,,Vollzeit/Teilzeit,Abgeschlossene dreijährige Berufsausbildung zur Gesundheits- und Krankenpfleger oder Pflegefachkraft | Deutschkenntnisse mind. B2-Niveau,Erfahrung im Nachtdienst,2,"Zuordnung aus dem vorherigen Lauf übernommen; Ort der Stelle nicht belegt; keine Belegzitate · pay_text auf der Seite nicht gefunden, geleert",https://ikms.de/jobs/nachtdienst-pflege-m-w-d-in-vollzeit/
Internistisches Klinikum München Süd,München,Normalstation / Intensivstation,Pflegefachkraft (m/w/d),pflegefachkraft,,3.000 Euro Willkommensprämie (nach bestandener Probezeit von 6 Monaten in Vollzeit); Eine attraktive Vergütung inklusive Pflegezulage,nein,,Vollzeit,3-jährige abgeschlossene Ausbildung zur Pflegefachkraft,,3,Zuordnung aus dem vorherigen Lauf übernommen; Ort der Stelle nicht belegt,https://ikms.de/jobs/pflegefachkraft-m-w-d/
Isar Kliniken,München,OP-Pflege Orthopädie,Fachbereichsverantwortlicher (w/m/d) OP-Pflege für die Orthopädie,ota_ata,,"Attraktives Gehalt: Neben einem attraktiven Gehalt erhalten Sie bei Ihrem Dienstjubiläum von 10, 20, 30 und 40 Jahren eine Sonderzahlung.",unklar,,,"Abgeschlossene Ausbildung als OTA, Gesundheits- und Krankenpfleger mit oder ohne Fachweiterbildung oder MFA im OP",Mehrjährige Berufserfahrung im Fachbereich,4,Zuordnung aus dem vorherigen Lauf übernommen,https://personal.isarklinikum.de/Fachbereichsverantwortlicher-wmd-OP-Pflege-fuer-die-Orthop-de-j352.html
Isar Kliniken,München,OP-Pflege Plastische Chirurgie,Fachbereichsverantwortlicher (w/m/d) OP-Pflege für die Plastische Chirurgie,ota_ata,,"Attraktives Gehalt: Neben einem attraktiven Gehalt erhalten Sie bei Ihrem Dienstjubiläum von 10, 20, 30 und 40 Jahren eine Sonderzahlung.",unklar,,,"Abgeschlossene Ausbildung als OTA, Gesundheits- und Krankenpfleger mit oder ohne Fachweiterbildung oder MFA im OP",Mehrjährige Berufserfahrung im Fachbereich,4,Zuordnung aus dem vorherigen Lauf übernommen,https://personal.isarklinikum.de/Fachbereichsverantwortlicher-wmd-OP-Pflege-fuer-die-Plasti-de-j245.html
Isar Kliniken,München,Kardiologie / Gefäßchirurgie mit angeschlossener Chest Pain Unit,Gesundheits- und Krankenpfleger (w/m/d) für die Kardiologie / Gefäßchirurgie mit angeschlossener Chest Pain Unit,pflegefachkraft,,"Attraktives Gehalt: Neben einem attraktiven Gehalt erhalten Sie bei Ihrem Dienstjubiläum von 10, 20, 30 und 40 Jahren eine Sonderzahlung.",unklar,,,Abgeschlossene Ausbildung als Pflegefachkraft (w/m/d) | Bewerbung auch im Anerkennungsverfahren möglich,Erste Erfahrungen auf einer Chest Pain Unit oder einer Notaufnahme wünschenswert,4,Zuordnung aus dem vorherigen Lauf übernommen,https://personal.isarklinikum.de/Gesundheits-und-Krankenpfleger-wmd-fuer-die-Kardiologie-Ge-de-j125.html
Isar Kliniken,München,Anästhesie,Gesundheits- und Krankenpfleger:in oder Fachkrankenpfleger:in (w/m/d) Anästhesie,pflegefachkraft,,"Attraktives Gehalt: Neben einem attraktiven Gehalt erhalten Sie bei Ihrem Dienstjubiläum von 10, 20, 30 und 40 Jahren eine Sonderzahlung.",unklar,,,Abgeschlossene 3-jährige Ausbildung als Gesundheits- und Krankenpfleger:in,Abgeschlossene Weiterbildung Intensiv-/Anästhesiepflege wünschenswert; idealerweise mehrjährige Berufserfahrung,4,Zuordnung aus dem vorherigen Lauf übernommen,https://personal.isarklinikum.de/Gesundheits-und-Krankenpflegerin-oder-Fachkrankenpflegerin-de-j262.html
Isar Kliniken,München,Anästhesiepflege,Leitung Anästhesie Pflege (w/m/d),leitung,,"Attraktives Gehalt: Neben einem attraktiven Gehalt erhalten Sie bei Ihrem Dienstjubiläum von 10, 20, 30 und 40 Jahren eine Sonderzahlung.",unklar,,,Abgeschlossene Ausbildung als Pflegefachkraft oder ATA | Fachweiterbildung Anästhesie- und Intensivpflege oder vergleichbare Qualifikation,Mehrjährige Berufserfahrung im Bereich Anästhesie; erste Führungserfahrung wünschenswert,4,Zuordnung aus dem vorherigen Lauf übernommen,https://personal.isarklinikum.de/Leitung-Anaesthesie-Pflege-wmd-de-j361.html
Juraklinik Scheßlitz,Scheßlitz,Zentrale Notaufnahme,Pflegefachkraft (m/w/d) für die Zentrale Notaufnahme in der Juraklinik Scheßlitz,pflegefachkraft,,,nein,,,"Abgeschlossene Ausbildung zum Gesundheits- und Krankenpfleger (m/w/d), Pflegefachmann (m/w/d) oder gleichwertig | Bereitschaft zur Arbeit im Schichtdienst","Idealerweise mit abgeschlossener Fachweiterbildung Notfallpflege oder der Bereitschaft, diese zu absolvieren",3,"Zuordnung aus dem vorherigen Lauf übernommen; Ort der Stelle nicht belegt · pay_text auf der Seite nicht gefunden, geleert",https://gkg-bamberg.de/offene-stellen/?&stellenid=776&site=stellenbeschreibung
Kinderklinik Passau,Passau,,Krankenpflege,unklar,,,,,,,,3,"einzige Klinik am Portal, Ort der Anzeige unbekannt; Ort der Stelle nicht belegt",https://ichbindannmalhier.bayern/stellen/krankenpflege
Kirinus PsoriSol Klinik,Hersbruck,dermatologische Pflegestation,Pflegefachkraft (m/w/d) - PsoriSol Klinik,pflegefachkraft,,Sicher und fair: Tarifliche Vergütung inkl. Urlaubs- und Weihnachtsgeld,unklar,,vollzeit_teilzeit,"Sie sind examinierte Pflegefachkraft, Gesundheits- und Krankenpfleger, Gesundheits- und Kinderkrankenpfleger oder Altenpfleger (m/w/d) | Sie sind teamorientiert, kommunikativ und zuverlässig – Zusammenarbeit auf Augenhöhe ist für Sie selbstverständlich | Sie bringen Neugier, Engagement und Lust auf Veränderung mit | Schicht und Wochenenddienste? Kein Problem - aber nur zu fairen Bedingungen. Genau die bekommen Sie bei uns.",,5,,https://karriereportal.kirinus.de/Pflegefachkraft-mwd-PsoriSol-Klinik-de-j798.html
Kirinus PsoriSol Klinik,Hersbruck,dermatologische Pflegestation,Pflegefachkraft (m/w/d) - PsoriSol Klinik Hersbruck,pflegefachkraft,,Sicher und fair: Tarifliche Vergütung inkl. Urlaubs- und Weihnachtsgeld,unklar,,vollzeit_teilzeit,"Sie sind examinierte Pflegefachkraft, Gesundheits- und Krankenpfleger, Gesundheits- und Kinderkrankenpfleger oder Altenpfleger (m/w/d) | Sie sind teamorientiert, kommunikativ und zuverlässig – Zusammenarbeit auf Augenhöhe ist für Sie selbstverständlich | Sie bringen Neugier, Engagement und Lust auf Veränderung mit | Schicht und Wochenenddienste? Kein Problem - aber nur zu fairen Bedingungen. Genau die bekommen Sie bei uns.",,4,Klinik nach Anzeigenort korrigiert,https://karriere.kirinus.de/stellenangebote/detail/j798-pflegefachkraft-m/w/d-psorisol-klinik
Kirinus PsoriSol Klinik,Hersbruck,psychosomatische Pflegestation,Pflegefachkraft (m/w/d) für Dauernachtwache für die psychosomatische Pflegestation - PsoriSol Klinik,pflegefachkraft,,"Eine leistungsgerechte, attraktive Vergütung",unklar,,vollzeit_teilzeit,"Abgeschlossene Ausbildung als Pflegefachfrau/-mann, Gesundheits- und Krankenpfleger, Gesundheits- und Kinderkrankenpfleger oder Altenpfleger (m/w/d) | Freude an der Arbeit im Nachtdienst sowie die Bereitschaft, diesen überwiegend zu übernehmen | Idealerweise Erfahrung in der Psychosomatik oder Psychiatrie, dies ist jedoch keine Voraussetzung | Auch motivierte QuereinsteigerInnen aus der Pflege sind bei uns herzlich willkommen | Empathie, Offenheit und Freude am Umgang mit Menschen | Verantwortungsbewusstsein, Zuverlässigkeit und eine selbstständige Arbeitsweise | Teamgeist, Kommunikationsstärke und Freude an multiprofessioneller Zusammenarbeit | Sehr gute Deutschkenntnisse in Wort und Schrif",,5,,https://karriereportal.kirinus.de/Pflegefachkraft-mwd-fuer-Dauernachtwache-fuer-die-psychoso-de-j1107.html
Kirinus PsoriSol Klinik,Hersbruck,psychosomatische Pflegestation,Pflegefachkraft (m/w/d) für Dauernachtwache für die psychosomatische Pflegestation - PsoriSol Klinik Hersbruck,pflegefachkraft,,"Eine leistungsgerechte, attraktive Vergütung",unklar,,vollzeit_teilzeit,"Abgeschlossene Ausbildung als Pflegefachfrau/-mann, Gesundheits- und Krankenpfleger, Gesundheits- und Kinderkrankenpfleger oder Altenpfleger (m/w/d) | Freude an der Arbeit im Nachtdienst sowie die Bereitschaft, diesen überwiegend zu übernehmen | Idealerweise Erfahrung in der Psychosomatik oder Psychiatrie, dies ist jedoch keine Voraussetzung | Auch motivierte QuereinsteigerInnen aus der Pflege sind bei uns herzlich willkommen | Empathie, Offenheit und Freude am Umgang mit Menschen | Verantwortungsbewusstsein, Zuverlässigkeit und eine selbstständige Arbeitsweise | Teamgeist, Kommunikationsstärke und Freude an multiprofessioneller Zusammenarbeit | Sehr gute Deutschkenntnisse in Wort und Schrif",,4,Klinik nach Anzeigenort korrigiert,https://karriere.kirinus.de/stellenangebote/detail/j1107-pflegefachkraft-m/w/d-fuer-dauernachtwache-fuer-die-psychosomatische-pflegestation-psorisol-klinik
Kirinus PsoriSol Klinik,Hersbruck,dermatochirurgische Pflegestation,Pflegefachkraft (m/w/d) für die dermatochirurgische Pflegestation - PsoriSol Klinik,pflegefachkraft,,"Eine leistungsgerechte, attraktive Vergütung",unklar,,vollzeit_teilzeit,"Sie sind examinierte Pflegefachkraft, Gesundheits- und Krankenpfleger, Gesundheits- und Kinderkrankenpfleger oder Altenpfleger (m/w/d) | Weiterbildung Fachtherapeut Wunde ICW von Vorteil | Sie sind teamorientiert, kommunikativ und zuverlässig – Zusammenarbeit auf Augenhöhe ist für Sie selbstverständlich | Sie bringen Neugier, Engagement und Lust auf Veränderung mit | Schicht und Wochenenddienste? Kein Problem - aber nur zu fairen Bedingungen. Genau die bekommen Sie bei uns.",,5,,https://karriereportal.kirinus.de/Pflegefachkraft-mwd-fuer-die-dermatochirurgische-Pflegesta-de-j1094.html
Kirinus PsoriSol Klinik,Hersbruck,dermatochirurgische Pflegestation,Pflegefachkraft (m/w/d) für die dermatochirurgische Pflegestation - PsoriSol Klinik Hersbruck,pflegefachkraft,,"Eine leistungsgerechte, attraktive Vergütung",unklar,,vollzeit_teilzeit,"Sie sind examinierte Pflegefachkraft, Gesundheits- und Krankenpfleger, Gesundheits- und Kinderkrankenpfleger oder Altenpfleger (m/w/d) | Weiterbildung Fachtherapeut Wunde ICW von Vorteil | Sie sind teamorientiert, kommunikativ und zuverlässig – Zusammenarbeit auf Augenhöhe ist für Sie selbstverständlich | Sie bringen Neugier, Engagement und Lust auf Veränderung mit | Schicht und Wochenenddienste? Kein Problem - aber nur zu fairen Bedingungen. Genau die bekommen Sie bei uns.",,4,Klinik nach Anzeigenort korrigiert,https://karriere.kirinus.de/stellenangebote/detail/j1094-pflegefachkraft-m/w/d-fuer-die-dermatochirurgische-pflegestation-psorisol-klinik
Kirinus PsoriSol Klinik,Hersbruck,Psychosomatische Pflegestation,Pflegefachkraft / Co-Therapeut für Psychosomatische Station (m/w/d) - PsoriSol Klinik,pflegefachkraft,,Sicher und fair: Tarifliche Vergütung inkl. Urlaubs- und Weihnachtsgeld,unklar,,vollzeit_teilzeit,"Abgeschlossene Ausbildung als Gesundheits- und Krankenpfleger:in / Pflegefachperson. | Erfahrung in Psychosomatik oder Psychiatrie wünschenswert – aber kein Muss: Ihre Begeisterung für das Fach zählt mehr. | Offenheit für persönliche Weiterentwicklung und Bereitschaft zu Fortbildungen. | Echtes Interesse am Menschen, Empathie und Freude an Begegnung. | Teamgeist, Zuverlässigkeit und klare Kommunikation sind für Sie selbstverständlich. | Sehr gute Deutschkenntnisse (C2) in Wort und Schrift.",,5,,https://karriereportal.kirinus.de/Pflegefachkraft-Co-Therapeut-fuer-Psychosomatische-Station-de-j970.html
Kirinus PsoriSol Klinik,Hersbruck,Psychosomatische Pflegestation,Pflegefachkraft / Co-Therapeut für Psychosomatische Station (m/w/d) - PsoriSol Klinik Hersbruck,pflegefachkraft,,Sicher und fair: Tarifliche Vergütung inkl. Urlaubs- und Weihnachtsgeld,unklar,,vollzeit_teilzeit,"Abgeschlossene Ausbildung als Gesundheits- und Krankenpfleger:in / Pflegefachperson. | Erfahrung in Psychosomatik oder Psychiatrie wünschenswert – aber kein Muss: Ihre Begeisterung für das Fach zählt mehr. | Offenheit für persönliche Weiterentwicklung und Bereitschaft zu Fortbildungen. | Echtes Interesse am Menschen, Empathie und Freude an Begegnung. | Teamgeist, Zuverlässigkeit und klare Kommunikation sind für Sie selbstverständlich. | Sehr gute Deutschkenntnisse (C2) in Wort und Schrift.",,4,Klinik nach Anzeigenort korrigiert,https://karriere.kirinus.de/stellenangebote/detail/j970-pflegefachkraft-/-co-therapeut-fuer-psychosomatische-station-m/w/d-psorisol-klinik
Kirinus Schlemmer Klinik,Bad Tölz,Psychosomatik,Gesundheits- und Krankenpfleger / Co Therapeut (m/w/d) - Schlemmer Klinik,pflegefachkraft,,Übertarifliche Bezahlung,unklar,,vollzeit_teilzeit,"Sie verfügen über eine abgeschlossene Berufsausbildung zur/zum examinierten Gesundheits- und Krankenpfleger/in (bzw. Krankenschwester) | Vorerfahrung in der Psychosomatik und/oder Psychiatrie von Vorteil | Sie sind interessiert an der Psychosomatik und bringen eine hohe Bereitschaft zu Fortbildungen mit | Ihre Offenheit und Freude an der Arbeit mit Menschen zeichnen Sie aus | Als echter Teamplayer sind Sie zuverlässig, kommunikationsstark und schätzen den Zusammenhalt unter Kolleginnen und Kollegen | Sehr gute Deutschkenntnisse (ab C2-Level) in Wort und Schrift runden Ihr Profil ab",,5,,https://karriereportal.kirinus.de/Gesundheits-und-Krankenpfleger-Co-Therapeut-mwd-Schlemmer--de-j105.html
Kirinus Schlemmer Klinik,Bad Tölz,Aufnahme- und Belegungssteuerung im Koordinationsstützpunkt,Pflegefachkraft (m/w/d) für die Aufnahme- und Belegungssteuerung im Koordinationsstützpunkt - Schlemmer Klinik,pflegefachkraft,,Leistungsgerechte Vergütung und 30 Tage Urlaub pro Jahr,unklar,,teilzeit,"Sie verfügen über eine abgeschlossene dreijährige Pflegeausbildung als Pflegefachkraft (m/w/d), Gesundheits- und Krankenpfleger (m/w/d) | Freude an strukturierter, planerischer Arbeit und an der Steuerung komplexer Abläufe | Sicherer Umgang mit Klinikinformationssystemen und MS Office | Organisationsstärke, Verlässlichkeit und ein klarer Blick für Prioritäten | Empathie, Serviceorientierung und ein professionelles Auftreten runden Ihr Profil ab",,5,,https://karriereportal.kirinus.de/Pflegefachkraft-mwd-fuer-die-Aufnahme-und-Belegungssteueru-de-j1098.html
Klinik Bavaria,Bad Kissingen,neurologischen Station,"Pflegefachkraft (m/w/d) - (GKP, AP)",pflegefachkraft,,"Jahresbruttogehalt: 42.500 € - 62.500 € (abhängig von Berufserfahrung, Qualifikation und Fachkenntnisse)",unklar,,vollzeit_teilzeit,"eine abgeschlossene Ausbildung als Pflegefachkraft (GKP, AP) oder eine vergleichbare Qualifikationen | Bereitschaft zur Tätigkeit im 3-Schicht-Dienst | Empathie und Einfühlungsvermögen | Bereitschaft zu Fortbildung und Weiterentwicklung",,5,,https://klinikbavaria-portal.rexx-systems.com/Pflegefachkraft-mwd-GKP-AP-de-j363.html
Klinik Bavaria,Bad Kissingen,SalutoCare,Pflegefachkraft (m/w/d) - SalutoCare,pflegefachkraft,,"Jahresbruttogehalt: 50.500 € - 62.500 € (abhängig von Berufserfahrung, Qualifikation und Fachkenntnisse)",unklar,,vollzeit_teilzeit,"Abgeschlossene Ausbildung als Pflegefachkraft (m/w/d) oder eine vergleichbare Qualifikation, z.B. Gesundheits- und Krankenpfleger, Altenpfleger (m/w/d) | Bereitschaft zur Arbeit im Schicht- und Wochenenddienst | Ausgeprägte Serviceorientierung und verantwortungsbewusstes Handeln | Wertschätzender und respektvoller Umgang mit Rehabilitanden sowie deren Angehörigen | Hohe Empathie und Orientierung am Wohl der Rehabilitanden | Hohes Maß an Flexibilität | Sicheres Auftreten und sprachliche Gewandtheit | Offenheit für berufliche Weiterbildung und persönliche Weiterentwicklung",,5,,https://klinikbavaria-portal.rexx-systems.com/Pflegefachkraft-mwd-SalutoCare-de-j318.html
Klinik Donaustauf,Donaustauf,Intensiv- und Weaningstation,Intensivfachkräfte (m/w/d) für unsere Intensiv- und Weaningstation,pflegefachkraft,,Vergütung und Sozialleistungen nach AVR Caritas mit zusätzlicher Altersversorgung,unklar,,Voll- oder Teilzeit,Examinierte/-r Gesundheits- und Krankenpfleger/-in,"Fachweiterbildung für Anästhesie und Intensivmedizin oder Berufserfahrung im Bereich der Intensivpflege, Weaning- und Beatmungspflege wünschenswert",3,Zuordnung aus dem vorherigen Lauf übernommen; Ort der Stelle nicht belegt,https://csm-donaustauf.de/beruf-und-karriere/stellenangebote/alle-stellenangebote/pflegedienst/instensivfachkraefte-m/w/d-fuer-unsere-intensiv-und-weaningstation
Klinik Donaustauf,Donaustauf,Allgemeinstation,Mama-Papa-Dienst in der Pflege auf Allgemeinstation (m/w/d) Zum nächstmöglichen Zeitpunkt,pflegefachkraft,,Vergüten und Sozialleistungen nach AVR Caritas mit zusätzlicher Altersversorgung,unklar,,,"Abgeschlossenes Ausbildung als Pflegefachkraft (m/w/d) | Kommunikationsstärke und Teamfähigkeit | Eigenverantwortung und Engagement | Hohes Maß an Loyalität und Zuverlässigkeit | Fachliche, soziale und persönliche Kompetenz, Verantwortungsbewusstsein und Engagement | Freude an der Arbeit mit Menschen",,3,"einzige Klinik am Portal, Ort der Anzeige unbekannt; Ort der Stelle nicht belegt",https://csm-donaustauf.de/beruf-und-karriere/stellenangebote/alle-stellenangebote/pflegedienst/mama-papa-dienst-in-der-pflege-auf-allgemeinstation-m/w/d
Klinik Donaustauf,Donaustauf,pneumologische Station,Pflegefachkräfte Pneumologische Station (m/w/d) Zum nächstmöglichen Zeitpunkt,pflegefachkraft,,Vergütung und Sozialleistungen nach AVR Caritas mit zusätzlicher Altersversorgung,unklar,,vollzeit_teilzeit,Examinierte/-r Gesundheits- und Krankenpfleger/-in | Verantwortungsbewusstsein und Engagement | Aufgeschlossenheit gegenüber neuen pflegerischen und medizinischen Entwicklungen | Bereitschaft zu konstruktiver Zusammenarbeit mit allen Berufsgruppen | Ganzheitliches Pflegeverständnis und innovatives Prozessdenken,,3,"einzige Klinik am Portal, Ort der Anzeige unbekannt; Ort der Stelle nicht belegt",https://csm-donaustauf.de/beruf-und-karriere/stellenangebote/alle-stellenangebote/pflegedienst/pflegefachkraefte-pneumologische-station-m/w/d
Klinik Dr. Robert Schindlbeck,Herrsching am Ammersee,Dialyseabteilung,Gesundheits- und Krankenpfleger (m/w/d) für die Dialyseabteilung,pflegefachkraft,,"Attraktive Vergütung inkl. zusätzlicher betrieblicher Altersvorsorge (4,8 %)",unklar,,"Voll- oder Teilzeit, unbefristet",Abgeschlossene Ausbildung als Gesundheits- und Krankenpfleger,,4,Zuordnung aus dem vorherigen Lauf übernommen,https://starnberger-kliniken-karriereportalmein-check-in.career.softgarden.de/jobs/54655978/
Klinik Dr. Robert Schindlbeck,Herrsching am Ammersee,Intensiv- und Überwachungsstation,Gesundheits- und Krankenpfleger (m/w/d) für die Intensiv- und Überwachungsstation,pflegefachkraft,,"Attraktive Vergütung inkl. zusätzlicher betrieblicher Altersvorsorge (4,8 %)",unklar,,"Voll- oder Teilzeit, unbefristet",Abgeschlossene Ausbildung als Gesundheits- und Krankenpfleger,,4,Zuordnung aus dem vorherigen Lauf übernommen,https://starnberger-kliniken-karriereportalmein-check-in.career.softgarden.de/jobs/54656328/
Klinik Dr. Robert Schindlbeck,Herrsching am Ammersee,Internistische Allgemeinstation,Gesundheits- und Krankenpfleger oder MFA (m/w/d) für die Internistische Allgemeinstation,pflegefachkraft,,"Attraktive Vergütung inkl. zusätzlicher betrieblicher Altersvorsorge (4,8 %)",unklar,,unbefristet,Abgeschlossene Ausbildung als Gesundheits- und Krankenpfleger oder MFA (m/w/d),,4,Zuordnung aus dem vorherigen Lauf übernommen,https://starnberger-kliniken-karriereportalmein-check-in.career.softgarden.de/jobs/54656893/
Klinik Dr. Robert Schindlbeck,Herrsching am Ammersee,Notaufnahme,Pflegefachkraft (m/w/d) für die Notaufnahme,pflegefachkraft,,"Attraktive Vergütung inkl. zusätzlicher betrieblicher Altersvorsorge (4,8 %)",unklar,,unbefristet,Abgeschlossene Ausbildung als Pflegefachkraft (m/w/d),,4,Zuordnung aus dem vorherigen Lauf übernommen,https://starnberger-kliniken-karriereportalmein-check-in.career.softgarden.de/jobs/54656448/
Klinik Dr. Robert Schindlbeck,Herrsching am Ammersee,Akutgeriatrie,Pflegefachkraft (m/w/d) für unsere Station der interdisziplinären Altersmedizin,fachweiterbildung,,"Attraktive Vergütung inkl. zusätzlicher betrieblicher Altersvorsorge (4,8 %)",nein,,,"Abgeschlossene Ausbildung als Gesundheits- und Krankenpfleger*in oder Altenpfleger*in | erfolgreich abgeschlossene Weiterbildung zur Fachkraft für Geriatrie, oder Bereitschaft, diese zu erwerben | Engagement, Lernbereitschaft und Bereitschaft zum selbstständigen Arbeiten | Motivation und Freude am Arbeiten im interdisziplinären Team | Empathischer, respektvoller und offener Umgang mit Patient*innen, Angehörigen und Kolleg*innen | Freude und Geduld bei der Arbeit mit älteren Menschen",,4,Klinik nach Anzeigenort korrigiert,https://starnberger-kliniken-karriereportalmein-check-in.career.softgarden.de/jobs/54654788/Pflegefachkraft-m-w-d-f%C3%BCr-unsere-Station-der-interdisziplin%C3%A4ren-Altersmedizin/
Klinik Dr. Robert Schindlbeck,Herrsching am Ammersee,Station der interdisziplinären Altersmedizin / Akutgeriatrie,Pflegefachkraft (m/w/d) für unsere Station der interdisziplinären Altersmedizin,pflegefachkraft,,"Attraktive Vergütung inkl. zusätzlicher betrieblicher Altersvorsorge (4,8 %)",unklar,,,"Abgeschlossene Ausbildung als Gesundheits- und Krankenpfleger*in oder Altenpfleger*in | Weiterbildung zur Fachkraft für Geriatrie oder Bereitschaft, diese zu erwerben",Weiterbildung zur Fachkraft für Geriatrie (oder Bereitschaft),4,Zuordnung aus dem vorherigen Lauf übernommen,https://starnberger-kliniken-karriereportalmein-check-in.career.softgarden.de/jobs/54654788/
Klinik Fränkische Schweiz (Ebermannstadt),Ebermannstadt,Innere Medizin und Geriatrische Rehabilitation,Examinierte Pflegefachkraft (m/w/d) für die Abteilungen Innere Medizin und Geriatrische Rehabilitation für den Standort Ebermannstadt,pflegefachkraft,,Mit einer Vergütung nach TVöD mit allen tariflichen Sozialleistungen des öffentlichen Dienstes.,,,vollzeit_teilzeit,"Sie haben eine abgeschlossene Ausbildung zum Gesundheits- und Krankenpfleger (m/w/d), Altenpfleger (m/w/d) oder eine vergleichbare Ausbildung. | Eine engagierte und aufgeschlossene Persönlichkeit zeichnet Sie aus | Sie bereichern unser Team mit Ihrer hohen fachlichen Kompetenz, Empathie und ausgeprägten Patientenorientierung. | Sie können sich mit Teamfähigkeit, Zuverlässigkeit, Kooperationsbereitschaft und Flexibilität identifizieren. | Professionalität und Leidenschaft kombinieren Sie mit der Bereitschaft zur Schicht-, Sonn- und Feiertagsarbeit.",,5,,https://www.klinik-fraenkische-schweiz.de/herz/ueber_uns/stellenangebote/examinierte-pflegekraft-mwd
Klinik Fränkische Schweiz (Ebermannstadt),Ebermannstadt,Innere Medizin und Geriatrische Rehabilitation,Pflegefachhelfer (m/w/d) für die Abteilungen Innere Medizin und Geriatrische Rehabilitation,hilfskraft,,alle tariflichen Leistungen nach dem TVöD-K,,,,abgeschlossene Ausbildung als Pflegefachhelfer | Initiative und Einsatzbereitschaft | Organisationsfähigkeit | Fähigkeit Verantwortung wahrzunehmen | Bereitschaft zum Schichtdienst | Freude am Umgang mit Menschen | eigene Kritikfähigkeit und Selbstreflexion,,5,,https://www.klinik-fraenkische-schweiz.de/herz/ueber_uns/stellenangebote/pflegefachhelfer-innere-medizin
Klinik Fränkische Schweiz (Ebermannstadt),Ebermannstadt,Pflegezentrum,Pflegefachhelfer (m/w/d) im Pflegezentrum,hilfskraft,,alle tariflichen Leistungen nach dem TVöD-B,,,,abgeschlossene Ausbildung als Pflegefachhelfer | Initiative und Einsatzbereitschaft | Organisationsfähigkeit | Fähigkeit Verantwortung wahrzunehmen | Bereitschaft zum Schichtdienst | Freude am Umgang mit Menschen | eigene Kritikfähigkeit und Selbstreflexion,,5,,https://www.klinik-fraenkische-schweiz.de/herz/ueber_uns/stellenangebote/pflegefachhelfer-mwd
Klinik Fränkische Schweiz (Ebermannstadt),Ebermannstadt,Pflegezentrum,Pflegefachkraft (w/m/d) im Pflegezentrum (Altenpflege oder Krankenpflege) in Voll- und/oder Teilzeit,pflegefachkraft,,alle tariflichen Leistungen nach dem TVöD-K,,,vollzeit_teilzeit,"abgeschlossenen Ausbildung als examinierte Pflegefachkraft | Fähigkeit, Verantwortung wahrzunehmen | Initiative und Einsatzbereitschaft | Organisationsfähigkeit, Teamfähigkeit | Konfliktfähigkeit | Bereitschaft zum Schichtdienst | physische und psychische Stabilität | Freude am Umgang mit Menschen",,5,,https://www.klinik-fraenkische-schweiz.de/herz/ueber_uns/stellenangebote/pflegefachkraft-mwd
Klinik Füssen,Füssen,OP,Pflegefachfrau/-mann (m/w/d) oder Operationstechnische/r Assistent/in (m/w/d) für den OP,ota_ata,,"Attraktive Vergütung und Sozialleistungen gem. TVöD (30 Tage Urlaub, Jahressonderzahlung, etc.)",nein,,Voll- oder Teilzeit,Abgeschlossenes Examen zur/m Gesundheits- und Krankenpfleger/in bzw. Pflegefachmann/-frau oder operationstechnischen Assistenten,idealerweise Erfahrungen im OP oder eine Fachweiterbildung,4,Zuordnung aus dem vorherigen Lauf übernommen,https://www.kliniken-oal-kf.de/karriere/karriereportal/stellenangebote/s9c4dd482-0517-4806-9d13-79cf52d4ff54--pflegefachfrau-mann-mwd-oder-operationstechnischer-assistentin-mwd-fuer-den-op
Klinik Füssen,Füssen,Allgemein-/Unfallchirurgie – Station 6.1,Pflegefachkraft (m/w/d) Allgemein-/Unfallchirurgie – Station 6.1,pflegefachkraft,,"Attraktive Vergütung nach TVöD in der Entgeltgruppe P 7 – je nach Berufserfahrung und Qualifikation 3.510,30 – 4.305,40 € brutto monatlich (bei Vollzeitbeschäftigung) zzgl. 90 % Jahressonderzahlung",nein,,Voll- oder Teilzeit,Abgeschlossenes Examen zum Gesundheits- und Krankenpfleger bzw. Ausbildung zur Pflegefachfrau/-mann,"Idealerweise eine Weiterbildung im Bereich CPU, HFU oder TSU",4,"Zuordnung aus dem vorherigen Lauf übernommen · pay_grade auf der Seite nicht gefunden, geleert",https://www.kliniken-oal-kf.de/karriere/karriereportal/stellenangebote/s8606c2f0-9951-40de-959c-4a8c945baea3--pflegefachkraft-mwd-allgemein-unfallchirurgie-station-6-1
Klinik Füssen,Füssen,Innere Medizin – Station 3.1,Pflegefachkraft (m/w/d) Innere Medizin – Station 3.1,pflegefachkraft,,"Attraktive Vergütung nach TVöD in der Entgeltgruppe P 7 – je nach Berufserfahrung und Qualifikation 3.510,30 – 4.305,40 € brutto monatlich (bei Vollzeitbeschäftigung) zzgl. 90 % Jahressonderzahlung",nein,,Voll- oder Teilzeit,Abgeschlossenes Examen zum Gesundheits- und Krankenpfleger bzw. Ausbildung zur Pflegefachfrau/-mann,,4,"Zuordnung aus dem vorherigen Lauf übernommen · pay_grade auf der Seite nicht gefunden, geleert",https://www.kliniken-oal-kf.de/karriere/karriereportal/stellenangebote/se7fc2c3e-6749-4fa4-9398-7a0721c76b03--pflegefachkraft-mwd-innere-medizin-station-3-1
Klinik Füssen,Füssen,Geriatrische Reha – Station 5.2,Pflegefachkraft (m/w/d) für die Geriatrische Reha – Station 5.2,pflegefachkraft,,"Attraktive Vergütung nach TVöD in der Entgeltgruppe P 7 – je nach Berufserfahrung und Qualifikation 3.510,30 – 4.305,40 € brutto monatlich (bei Vollzeitbeschäftigung) zzgl. 90 % Jahressonderzahlung",nein,,Voll- oder Teilzeit,Abgeschlossenes Examen zum Gesundheits- und Krankenpfleger bzw. Ausbildung zur Pflegefachfrau/-mann,Idealerweise eine Weiterbildung mit Schwerpunkt Geriatrie,4,"Zuordnung aus dem vorherigen Lauf übernommen · pay_grade auf der Seite nicht gefunden, geleert",https://www.kliniken-oal-kf.de/karriere/karriereportal/stellenangebote/s8c920d48-0638-40a2-8d16-258f79020ba4--pflegefachkraft-mwd-fuer-die-geriatrische-reha-station-5-2
Klinik Füssen,Füssen,interdisziplinäre Intensivstation – Station 3.0,Pflegefachkraft (m/w/d) für die interdisziplinäre Intensivstation – Station 3.0,pflegefachkraft,,"Attraktive Vergütung nach TVöD in der Entgeltgruppe P 8 – je nach Berufserfahrung und Qualifikation 3.701,21 – 4.488,98 € brutto monatlich (bei Vollzeitbeschäftigung) zzgl. 90 % Jahressonderzahlung",nein,,Voll- oder Teilzeit,Abgeschlossenes Examen zum Gesundheits- und Krankenpfleger bzw. Ausbildung zur Pflegefachfrau/-mann,,4,"Zuordnung aus dem vorherigen Lauf übernommen · pay_grade auf der Seite nicht gefunden, geleert",https://www.kliniken-oal-kf.de/karriere/karriereportal/stellenangebote/se5e6754e-6c5c-44fc-8d2f-55e8ebd7a01e--pflegefachkraft-mwd-fuer-die-interdisziplinaere-intensivstation-station-3-0
Klinik Füssen,Füssen,,s251165b8 f0b0 4266 9cea 9984c97ebb7a pflegefachkraft mwd verschiedene bereiche,pflegefachkraft,,,,,,,,5,,https://www.kliniken-oal-kf.de/karriere/karriereportal/stellenangebote/s251165b8-f0b0-4266-9cea-9984c97ebb7a--pflegefachkraft-mwd-verschiedene-bereiche
Klinik Füssen,Füssen,,s2588c344 fd26 4d2a 95ef 58a08bfe8bc3 praxisanleiter mwd anerkennung und integration,leitung,,,,,,,,5,,https://www.kliniken-oal-kf.de/karriere/karriereportal/stellenangebote/s2588c344-fd26-4d2a-95ef-58a08bfe8bc3--praxisanleiter-mwd-anerkennung-und-integration
Klinik Füssen,Füssen,Flexteam,s63151c1c ef41 423a b52a 4181f52a4be5 pflegefachkraft mwd flexteam minijob,pflegefachkraft,,,,,minijob,,,5,,https://www.kliniken-oal-kf.de/karriere/karriereportal/stellenangebote/s63151c1c-ef41-423a-b52a-4181f52a4be5--pflegefachkraft-mwd-flexteam-minijob
Klinik Günzburg,Günzburg,Hämatologie/Onkologie,Pflegefachmann/-frau (m/w/d) Hämatologie/Onkologie,pflegefachkraft,,Attraktive Vergütung: Nach TVöD-K plus arbeitgeberfinanzierter Zusatzversorgung,ja,Unterstützung bei der Wohnungssuche sowie Kinderbetreuung im unmittelbaren Umfeld,Vollzeit / Teilzeit,"Erfolgreich abgeschlossene, dreijährige examinierte Ausbildung im Gesundheitswesen",,3,Zuordnung aus dem vorherigen Lauf übernommen; Ort der Stelle nicht belegt,https://kliniken-gz-kru.de/karriere/stellenangebote/detail/39-pflegefachmann-frau-m-w-d-haematologie-onkologie
Klinik Günzburg,Günzburg,Intensivstation,Pflegefachmann/-frau (m/w/d) Intensivstation,pflegefachkraft,,Attraktive Vergütung: Nach TVöD-K plus arbeitgeberfinanzierter Zusatzversorgung,ja,Unterstützung bei der Wohnungssuche sowie Kinderbetreuung im unmittelbaren Umfeld,Vollzeit / Teilzeit,"Erfolgreich abgeschlossene, dreijährige examinierte Ausbildung im Gesundheitswesen",Möglichkeit zur Fachweiterbildung Anästhesie- und Intensivpflege im Haus (keine Pflicht),3,Zuordnung aus dem vorherigen Lauf übernommen; Ort der Stelle nicht belegt,https://kliniken-gz-kru.de/karriere/stellenangebote/detail/40-pflegefachmann-frau-m-w-d-intensivstation
Klinik Günzburg,Günzburg,Kardiologie,Pflegefachmann/-frau (m/w/d) Kardiologie,pflegefachkraft,,Attraktive Vergütung: Nach TVöD-K plus arbeitgeberfinanzierter Zusatzversorgung,ja,Unterstützung bei der Wohnungssuche sowie Kinderbetreuung im unmittelbaren Umfeld,Vollzeit / Teilzeit,"Erfolgreich abgeschlossene, dreijährige examinierte Ausbildung im Gesundheitswesen",,3,Zuordnung aus dem vorherigen Lauf übernommen; Ort der Stelle nicht belegt,https://kliniken-gz-kru.de/karriere/stellenangebote/detail/41-pflegefachmann-frau-m-w-d-kardiologie
Klinik Günzburg,Günzburg,Unfallchirurgie,Pflegefachmann/-frau (m/w/d) Unfallchirurgie,pflegefachkraft,,Attraktive Vergütung: Nach TVöD-K plus arbeitgeberfinanzierter Zusatzversorgung,ja,Unterstützung bei der Wohnungssuche sowie Kinderbetreuung im unmittelbaren Umfeld,Vollzeit / Teilzeit,"Erfolgreich abgeschlossene, dreijährige examinierte Ausbildung im Gesundheitswesen",,3,Zuordnung aus dem vorherigen Lauf übernommen; Ort der Stelle nicht belegt,https://kliniken-gz-kru.de/karriere/stellenangebote/detail/38-pflegefachmann-frau-m-w-d-unfallchirurgie
Klinik Günzburg,Günzburg,Operationsdienst / OP,Pflegefachmann/-frau (m/w/d) im Operationsdienst,fachweiterbildung,,Attraktive Vergütung: Nach TVöD-K plus arbeitgeberfinanzierter Zusatzversorgung,ja,Unterstützung bei der Wohnungssuche sowie Kinderbetreuung im unmittelbaren Umfeld,Vollzeit / Teilzeit,dreijährig examinierte pflegerische Ausbildung mit abgeschlossener OP-Fachweiterbildung oder Abschluss als OTA (m/w/d),OP-Fachweiterbildung oder OTA,3,Zuordnung aus dem vorherigen Lauf übernommen; Ort der Stelle nicht belegt,https://kliniken-gz-kru.de/karriere/stellenangebote/detail/28-pflegefachmann-frau-m-w-d-im-operationsdienst
Klinik Hallerwiese - Cnopfsche Kinderklinik,Nürnberg,Kinderonkologie,Gesundheits- und Kinderkrankenpfleger (m/w/d) im pädiatrischen Bereich der Kinderonkologie,pflegefachkraft,,,unklar,,Vollzeit | unbefristet,"abgeschlossene Ausbildung als Gesundheits- und Kinderkrankenpfleger (m/w/d), idealerweise Vertiefungsschwerpunkt Onkologie",,4,"Zuordnung aus dem vorherigen Lauf übernommen · pay_text auf der Seite nicht gefunden, geleert",https://jobs.diakoneo.de/jobposting/3b1fe3cf948613a5bdb72eef2abdbe12e0a91660
Klinik Hallerwiese - Cnopfsche Kinderklinik,Nürnberg,Neonatologie / Pädiatrische Intensivmedizin,Pflegefachkraft (m/w/d) Neonatologie und Pädiatrische Intensivmedizin,pflegefachkraft,,,unklar,,Vollzeit oder Teilzeit | unbefristet,Abgeschlossene Pflegeausbildung (Gesundheits- und Kinderkrankenpflege oder Pflegefachkraft),Idealerweise Erfahrung in der Neonatologie bzw. Weiterbildung in der pädiatrischen Intensivmedizin,4,"Zuordnung aus dem vorherigen Lauf übernommen · pay_text auf der Seite nicht gefunden, geleert",https://jobs.diakoneo.de/jobposting/6ea4102ed853dff02b95da5a9e92f7fecf1d9718
Klinik Hallerwiese - Cnopfsche Kinderklinik,Nürnberg,chirurgische/internistische Station,Pflegefachkraft (m/w/d) für chirurgische/internistische Station,pflegefachkraft,,,unklar,,Vollzeit oder Teilzeit | unbefristet,abgeschlossene Ausbildung als Gesundheits- und Krankenpfleger (m/w/d) oder Pflegefachkraft (m/w/d),,4,"Zuordnung aus dem vorherigen Lauf übernommen · pay_text auf der Seite nicht gefunden, geleert",https://jobs.diakoneo.de/jobposting/a0368ceb7b9f50acb1778097c013690ad96b6947
Klinik Hallerwiese - Cnopfsche Kinderklinik,Nürnberg,Gynäkologie / Entbindungsstation,Pflegefachkraft (m/w/d) für die Gynäkologie / Entbindungsstation,pflegefachkraft,,,unklar,,Vollzeit oder Teilzeit | unbefristet,"abgeschlossene Ausbildung als Pflegefachkraft, Gesundheits- und Krankenpfleger/in (m/w/d) oder vergleichbare pflegerische Qualifikation",,4,"Zuordnung aus dem vorherigen Lauf übernommen · pay_text auf der Seite nicht gefunden, geleert",https://jobs.diakoneo.de/jobposting/86ddae1e8a014f577263c4db7c9f262f4fb9c2fa
Klinik Hallerwiese - Cnopfsche Kinderklinik,Nürnberg,Intensivstation,Pflegefachkraft (m/w/d) für die Intensivstation,pflegefachkraft,,,unklar,,Vollzeit oder Teilzeit | unbefristet,erfolgreich abgeschlossene Ausbildung als Pflegefachkraft (m/w/d),"Idealerweise Fachweiterbildung Intensivpflege und Anästhesie oder Bereitschaft, diese zeitnah zu absolvieren",4,"Zuordnung aus dem vorherigen Lauf übernommen · pay_text auf der Seite nicht gefunden, geleert",https://jobs.diakoneo.de/jobposting/0db27b2944d2fbc5d346d0e4d6275cccba8bd27a
Klinik Immenstadt,Immenstadt im Allgäu,Herzkatheterlabor,Leitung HKL Immenstadt (m/w/d) als Krankheitsvertretung,leitung,,,nein,,Teilzeit; Befristet,"abgeschlossene Berufsausbildung als Pflegefachperson (m/w/d), MFA, Notfallsanitäter, MTA oder MTR",idealerweise Erfahrung im Herzkatheterlabor oder in der Kardiologie; erste Führungserfahrung von Vorteil,2,Zuordnung aus dem vorherigen Lauf übernommen; Ort der Stelle nicht belegt; keine Belegzitate,https://karriere-im.klinikverbund-allgaeu.de/karriere-detail/Immenstadt/Leitung-HKL-Immenstadt-mwd-als-Krankheitsvertretung/2566
Klinik Immenstadt,Immenstadt im Allgäu,Herzkatheterlabor,Mitarbeitende für unser Herzkatheterlabor (m/w/d),pflegefachkraft,,Vergütung nach TVÖD,nein,,Vollzeit; Teilzeit; Unbefristet,"abgeschlossene Berufsausbildung als Pflegefachperson (m/w/d), MFA, Notfallsanitäter, MTA oder MTR | Teilnahme 24-Stunden-Rufbereitschaft",,3,Zuordnung aus dem vorherigen Lauf übernommen; Ort der Stelle nicht belegt,https://karriere-im.klinikverbund-allgaeu.de/karriere-detail/Immenstadt/Mitarbeitende-fr-unser-Herzkatheterlabor-mwd/2469
Klinik Immenstadt,Immenstadt im Allgäu,Zentrale Interdisziplinäre Notaufnahme,Pflegefachkraft (m/w/d) oder Notfallsanitäter (m/w/d) für die Zentrale Interdisziplinäre Notaufnahme,pflegefachkraft,,,nein,,Vollzeit; Teilzeit; Unbefristet,Abgeschlossene Ausbildung zur/m Examinierten Pflegefachkraft (m/w/d) oder Notfallsanitäter (m/w/d),,2,Zuordnung aus dem vorherigen Lauf übernommen; Ort der Stelle nicht belegt; keine Belegzitate,https://karriere-im.klinikverbund-allgaeu.de/karriere-detail/Immenstadt/Pflegefachkraft-mwd-oder-Notfallsanitter-mwd-fr-die-Zentrale-Interdisziplinre-Notaufnahme/1531
Klinik Josephinum,München,Anästhesieabteilung,Anästhesietechnische/r Assistent /in für OP (w/m/d),ota_ata,,Leistungsgerechte Vergütung mit ggf. Jahressonderzahlung,unklar,,,Abgeschlossene 3-jährige Ausbildung als Gesundheits- und Krankenpfleger/in oder Anästhesietechnische(r) Assistent/in | Berufserfahrung in diesen Bereichen wünschenswert | Auffassungsgabe und selbständiges Arbeiten | Teamgeist und Zusammenarbeit mit allen Berufsgruppen | Patientenfeeling mit viel Herz,,3,"einzige Klinik am Portal, Ort der Anzeige unbekannt; Ort der Stelle nicht belegt",https://www.josephinum.de/stellenangebot/anaesthesietechnische-r-assistent-in-fuer-op-w-m-d/
Klinik Josephinum,München,,Gesundheits- und Krankenpfleger (m/w/d) für Schichtdienst in Vollzeit/Teilzeit,pflegefachkraft,,Leistungsgerechte Vergütung mit ggf. Jahressonderzahlung,unklar,,vollzeit_teilzeit,"Abgeschlossene Ausbildung zum Gesundheits- und Krankenpfleger (m/w/d) | Hohe pflegerische und soziale Kompetenz | Flexibilität, Einsatzbereitschaft sowie eine eigenverantwortliche und gewissenhafte Arbeitsweise | Freude am Umgang mit Menschen | Patientenorientiertes und verantwortungsbewusstes Handeln | Persönliches und fachliches Engagement | Teamgeist und Zusammenarbeit mit allen Berufsgruppen",,3,"einzige Klinik am Portal, Ort der Anzeige unbekannt; Ort der Stelle nicht belegt",https://www.josephinum.de/stellenangebot/gesundheits-und-krankenpfleger-w-m-d-fuer-schichtdienst-in-vollzeit-teilzeit/
Klinik Josephinum,München,OP-Bereich,OP-Pflegekraft bzw. OTA (m/w/d),ota_ata,,Leistungsgerechte Vergütung mit ggbfs. Jahressonderzahlung,unklar,,vollzeit_teilzeit,"Eine Ausbildung als OP-Pflegekraft oder OTA / Gesundheits- und Krankenpfleger idealerweise in Verbindung mit Erfahrungen im OP-Bereich | Gute kommunikative Fähigkeiten, Aufgeschlossenheit und Teamgeist | Zusammenarbeit mit allen Berufsgruppen | Patientenfeeling mit viel Herz",,3,"einzige Klinik am Portal, Ort der Anzeige unbekannt; Ort der Stelle nicht belegt",https://www.josephinum.de/stellenangebot/op-pflegekraft-bzw-ota-w-m-d/
Klinik Jägerwinkel am Tegernsee (Marianowicz Zentrum für Diagnose und Therapie),Bad Wiessee,,Gesundheits- und Krankenpfleger (w/m/d),pflegefachkraft,,"Sie finden bei uns alle Vorteile einer großen Unternehmensgruppe , z.B. durch eine attraktive Vergütung, Einstiegsprämien, einen hohen Zuschuss zur betrieblichen Altersvorsorge sowie vielfältige Vergünstigungen bei interessanten Anbietern.",unklar,,vollzeit_teilzeit,"Als examinierte/r Gesundheits- und KrankenpflegerIn haben Sie idealerweise bereits die Fachweiterbildung Psychiatrie abgeschlossen | oder Erfahrung im klinischen oder psychiatrischen Bereich gesammelt. | Wichtiger sind uns Ihr hohes Engagement, Ihre Empathie und Zugewandtheit sowie Ihr ausgeprägtes Verantwortungsbewusstsein. | Sie haben Freude an der Arbeit mit älteren oder psychisch erkrankten Menschen und möchten sich fortbilden und eigenständig therapeutische Angebote übernehmen. | Sie bringen außerdem eine große Portion Teamgeist und Kommunikationsstärke mit und haben Lust, unsere Prozesse aktiv mitzugestalten?",,3,"einzige Klinik am Portal, Ort der Anzeige unbekannt; Ort der Stelle nicht belegt",https://recruitingapp-4181.de.umantis.com/Vacancies/2702/Description/1
Klinik Kitzinger Land,Kitzingen,geburtshilfliche Abteilung,Kinderkrankenpfleger oder Pflegefachkraft (m/w/d),pflegefachkraft,,leistungsgerechte Vergütung nach dem Tarifvertrag (TVöD-K) inkl. Altersvorsorge,unklar,,,"Abgeschlossene Ausbildung zum Kinderkrankenpfleger (m/w/d) oder Pflegefachkraft (alte Berufsbezeichnung Gesundheits- und Kinderkrankenpfleger/in (m/w/d)) | Fachliche und soziale Kompetenz | Selbständiges und eigenverantwortliches Handeln | Aufgeschlossenheit und innovatives Denken | Motivation, Belastbarkeit und Teamfähigkeit | Bereitschaft am Ball zu bleiben und sich fortzubilden | Empathischer Umgang mit unseren Patienten",,5,,https://www.komm-ins-klinikland.de/stelle/gesundheits-und-kinderkrankenpfleger-in-m-w-d/
Klinik Kitzinger Land,Kitzingen,Operationsabteilung,OTA / Operationstechnischer Assistent oder OP-Fachpflegekraft (m/w/d) in Voll-/Teilzeit,ota_ata,,Tarifliche Vergütung nach TVöD/AT/BT-K + betriebliche Altersvorsorge,unklar,Unterstützung bei der Wohnungssuche,vollzeit_teilzeit,"Berufserfahrung in der OP-Pflege oder als Operationstechnischer Asistent (m/w/d) | Fachliche Kompetenz und selbstständige, teamorientierte Arbeitsweise | Leistungsbereitschaft und Flexibilität (inkl. Bereitschaftsdienst) | Freude an interdisziplinärer Zusammenarbeit",Berufserfahrung in der OP-Pflege oder als Operationstechnischer Asistent (m/w/d),5,,https://www.komm-ins-klinikland.de/stelle/op-schwester-pfleger-oder-ota-m-w-d/
Klinik Kitzinger Land,Kitzingen,Stationen,Pflegefachfrau/Pflegefachmann (m/w/d) für die Stationen,pflegefachkraft,,"eine leistungsgerechte Vergütung nach dem Tarifvertrag für den öffentlichen Dienst (TVöD-K) und eine attraktive, arbeitgeberfinanzierte zusätzliche Altersversorgung",unklar,,vollzeit_teilzeit,"Abgeschlossene Ausbildung zur/zum Pflegefachfrau/Pflegefachmann (m/w/d) | Fachliche und soziale Kompetenz | Selbständiges und eigenverantwortliches Handeln | Aufgeschlossenheit und innovatives Denken | Motivation, Belastbarkeit und Teamfähigkeit | Bereitschaft am Ball zu bleiben und sich fortzubilden | Empathischer Umgang mit unseren Patienten",,5,,https://www.komm-ins-klinikland.de/stelle/gesundheits-und-krankenpfleger-innen-fuer-die-stationen/
Klinik Kitzinger Land,Kitzingen,interdisziplinäre Intensivstation,Pflegefachfrau/Pflegefachmann oder Pflegefachhelfer/in (m/w/d) für die Intensivpflege,pflegefachkraft,,Attraktive Vergütung nach TVöD-K inkl. betrieblicher Altersvorsorge,unklar,,vollzeit_teilzeit,"Abgeschlossene Ausbildung als Pflegefachfrau/ Pflegefachmann (m/w/d) | Berufserfahrung in der Intensivpflege | Teamgeist, Eigeninitiative und Freude an interdisziplinärer Zusammenarbeit | Fachliche Kompetenz und Engagement",Berufserfahrung in der Intensivpflege,5,,https://www.komm-ins-klinikland.de/stelle/gesundheits-und-krankenpfleger-in-fuer-die-intensivpflege/
Klinik Kitzinger Land,Kitzingen,Endoskopie,Pflegefachkraft oder MFA oder OTA (m/w/d) für die Endoskopie,pflegefachkraft,,Leistungsgerechte Vergütung nach TVöD-BT-K inkl. betriebliche Altersvorsorge,nein,,"Teilzeit, 19,25 Std./Woche","Abgeschlossene Berufsausbildung als Pflegefachkraft (m/w/d), MFA, OTA oder vergleichbare Qualifikation","Berufserfahrung wünschenswert, aber nicht zwingend erforderlich",4,Zuordnung aus dem vorherigen Lauf übernommen,https://www.komm-ins-klinikland.de/stelle/pflegefachkraft-oder-mfa-oder-ota-m-w-d-fuer-die-endoskopie/
Klinik Mallersdorf,Mallersdorf-Pfaffenberg,Anästhesie,Pflegefachmann (m/w/d) Anästhesiepflege oder Anästhesietechnischer Assistent (m/w/d),pflegefachkraft,,Vergütung nach Tarifvertrag für den öffentlichen Dienst,nein,,in Voll- oder Teilzeit,abgeschlossenes Examen als Pflegefachmann/frau (m/w/d) bzw. Gesundheits- und Krankenpfleger (m/w/d) oder als Anästhesietechnischer Assistent (m/w/d),Fachweiterbildung für Intensivpflege und Anästhesie wünschenswert,4,Zuordnung aus dem vorherigen Lauf übernommen,https://karriere.kreiskliniken-bogen-mallersdorf.de/jobposting/f191c4a7fd7862f4dc9c149ec8f4498c67d1ca4d0
Klinik Mallersdorf,Mallersdorf-Pfaffenberg,chirurgische Stationen,Pflegefachmann (m/w/d) für unsere chirurgischen Stationen,pflegefachkraft,,Vergütung nach Tarifvertrag für den öffentlichen Dienst,nein,,in Vollzeit oder Teilzeit,,,4,Zuordnung aus dem vorherigen Lauf übernommen,https://karriere.kreiskliniken-bogen-mallersdorf.de/jobposting/3110a5be4ca29ee24a1b06f5ce3ceac8f70264810
Klinik Mallersdorf,Mallersdorf-Pfaffenberg,"internistische Station (Station 12: Innere, Kardiologie, Angiologie, Pneumologie)",Pflegefachmann (m/w/d) für unsere internistische Station,pflegefachkraft,,Vergütung nach Tarifvertrag für den öffentlichen Dienst,nein,,in Vollzeit oder Teilzeit,,,4,Zuordnung aus dem vorherigen Lauf übernommen,https://karriere.kreiskliniken-bogen-mallersdorf.de/jobposting/cb26da13af25d7882b7aa52ba78f03123f6872860
Klinik Mallersdorf,Mallersdorf-Pfaffenberg,Intensivstation,"Pflegefachmann / Pflegefachfrau (m/w/d) Intensivstation, Fachweiterbildung Intensivpflege wünschenswert",pflegefachkraft,,Vergütung nach TVöD,nein,,in Voll- oder Teilzeit,abgeschlossenes Examen als Pflegefachmann (m/w/d) bzw. Gesundheits- und Krankenpfleger (m/w/d),gerne auch mit Fachweiterbildung für Intensivpflege,4,Zuordnung aus dem vorherigen Lauf übernommen,https://karriere.kreiskliniken-bogen-mallersdorf.de/jobposting/ecf7c9964657e5032b0ec3d8b3540fa17c499d540
Klinik Mallersdorf,Mallersdorf-Pfaffenberg,Interdisziplinäre Notaufnahme,Pflegefachmann/Pflegefachfrau (m/w/d) für die Interdisziplinäre Notaufnahme,pflegefachkraft,,Vergütung nach Tarifvertrag für den öffentlichen Dienst,nein,,In Vollzeit oder Teilzeit,abgeschlossene Ausbildung als Pflegefachmann / Pflegefachfrau (m/w/d),"Fachweiterbildung in der Notfallpflege oder Bereitschaft, diese zu absolvieren",4,Zuordnung aus dem vorherigen Lauf übernommen,https://karriere.kreiskliniken-bogen-mallersdorf.de/jobposting/35662084f9b14a86699277a1a566f805b6f44ac70
Klinik Menterschwaige,München,Pflegestützpunkt,Pflegefachkraft / Examinierter Gesundheits- und Krankenpfleger / Altenpfleger (m/w/d) für den Pflegestützpunkt (Teil- oder Vollzeit),pflegefachkraft,,Tarifliche Vergütung nach dem Tarif der Privatkrankenanstalten in Bayern (VPKA),,,vollzeit_teilzeit,"Eine abgeschlossene Ausbildung zur/m examinierten Gesundheits-/(Kinder-)Krankenpfleger*in, Altenpfleger*in, Pflegefachkraft, idealerweise mit Berufserfahrung | Freude und Interesse an psychiatrischer Pflege, gruppendynamischem Arbeiten sowie beziehungsorientierter therapeutischer Arbeit | Soziale und kommunikative Kompetenzen, Teamfähigkeit, Zuverlässigkeit und Einfühlungsvermögen | Bereitschaft für Schicht- und Wochenenddienste, Nachtdienste nur in Vertretung | Gesetzlich erforderlichen Immunisierungsnachweis gegen Masern",idealerweise mit Berufserfahrung,3,"einzige Klinik am Portal, Ort der Anzeige unbekannt; Ort der Stelle nicht belegt",https://klinik-menterschwaige.de/pflegefachkraft-examinierter-gesundheits-und-krankenpfleger-altenpfleger-m-w-d-fuer-den-pflegestuetzpunkt-teil-oder-vollzeit/
Klinik Menterschwaige,München,Psychiatrie & analytische Milieutherapie,mehr erfahren,pflegefachkraft,,Tarifliche Vergütung nach dem Tarif der Privatkrankenanstalten in Bayern (VPKA),,,vollzeit_teilzeit,"Eine abgeschlossene Ausbildung zur/m examinierten Gesundheits-/(Kinder-)Krankenpfleger*in, Altenpfleger*in, Pflegefachkraft | Interesse an psychiatrischer Pflege, gruppendynamischem Arbeiten sowie beziehungsorientierter therapeutischer Arbeit | Freude an der Zusammenarbeit in einem multiprofessionellen Team | Empathie, Offenheit und Kommunikationsstärke | Eigenverantwortliches und strukturiertes Arbeiten | Bereitschaft, Verantwortung zu übernehmen und sich fachlich sowie persönlich weiterzuentwickeln | Gesetzlich erforderlichen Immunisierungsnachweis gegen Masern",,3,"einzige Klinik am Portal, Ort der Anzeige unbekannt; Ort der Stelle nicht belegt",https://klinik-menterschwaige.de/mitarbeiter-pflege-m-w-d-in-der-analytischen-milieutherapie/
Klinik Münchberg,Münchberg,Anästhesie- und Intensivpflege,"Pflegefachkraft (m/w/d) für Anästhesie- und Intensivpflege, Standort Münchberg oder Naila",fachweiterbildung,,Vergütung nach TVöD mit allen Vergünstigungen des öffentlichen Dienstes,,,,"Abgeschlossene dreijährige Ausbildung zur Pflegefachkraft (m/w/d) | Abgeschlossene Fachweiterbildung zur Fachkraft für Anästhesie- und Intensivpflege (anerkannt gemäß DKG) bzw. Bereitschaft diese zu absolvieren | Hohes Maß an Verantwortungsbewusstsein, Fachkompetenz und Empathie | Teamfähigkeit, Flexibilität und Belastbarkeit",,5,,"https://jobs.kliniken-hochfranken.de/jobs/55401732/Pflegefachkraft-m-w-d-f%C3%BCr-An%C3%A4sthesie--und-Intensivpflege,-Standort-M%C3%BCnchberg-oder-Naila-/"
Klinik Münchberg,Münchberg,,"Pflegefachkraft (m/w/d), Standort Münchberg oder Naila",pflegefachkraft,,"attraktive Vergütung nach TVöD mit allen Vergünstigungen des öffentlichen Dienstes, insbesondere Jahressonderzahlung und Zusatzversorgung",,,vollzeit_teilzeit,abgeschlossene Berufsausbildung Gesundheits- und Krankenpfleger (m/w/d) oder Pflegefachfrau (m/w/d) | Leidenschaft für die Pflege und deren Weiterentwicklung | Teamgeist und die Fähigkeit zur Kooperation mit allen Berufsgruppen | Patientenorientiertes Denken und Handeln,,5,,"https://jobs.kliniken-hochfranken.de/jobs/31746595/Pflegefachkraft-m-w-d-,-Standort-M%C3%BCnchberg-oder-Naila/"
Klinik Neustadt an der Aisch,Neustadt an der Aisch,"Intensivstation (12 Betten ICU, 12 Betten IMC)",Pflegefachkraft (m/w/d) Intensivstation – Klinik NEA,pflegefachkraft,,Vergütung nach Tarifvertrag inklusive Zulagen,nein,,,Abgeschlossene Ausbildung als Pflegefachkraft,,3,Zuordnung aus dem vorherigen Lauf übernommen; Ort der Stelle nicht belegt,https://karriere.kliniken-nea.de/2026/03/23/pflegefachkraft-m-w-d-intensivstation-nea-im-4-tage-modell-2/
Klinik Neustadt an der Aisch,Neustadt an der Aisch,Funktionsbereich Herzkatheterlabor,"Pflegefachmann/-frau, OTA/ATA (m/w/d) oder MFA (m/w/d) im Funktionsdienst (m/w/d) – Klinik NEA",pflegefachkraft,,Vergütung mit allen Sozialleistungen nach Tarif,nein,,Teilzeit (mind. 30 Std/W),"abgeschlossene Ausbildung Pflegefachmann/-frau, OTA/ATA oder MFA | Erfahrung in Krankenbeobachtung bzw. Patientenüberwachung",Erfahrung in Krankenbeobachtung bzw. Patientenüberwachung,3,Zuordnung aus dem vorherigen Lauf übernommen; Ort der Stelle nicht belegt,https://karriere.kliniken-nea.de/2026/06/12/pflegefachmann-frau-ota-ata-m-w-d-oder-mfa-m-w-d-im-funktionsdienst-m-w-d-klinik-nea/
Klinik Oberammergau,Oberammergau,,Examinierter Altenpfleger (m/w/d) oder Gesundheits- und Krankenpfleger (m/w/d) im 3-Schichtsystem,pflegefachkraft,,Leistungsgerechte Vergütung nach Tarif (VPKA) mit 30 Tagen Urlaub sowie Sonderur,unklar,,vollzeit_teilzeit,Abgeschlossenes Berufsexamen als Altenpfleger (m/w/d) oder Berufsexamen als Gesundheits- und Krankenpfleger (m/w/d) | Bestmöglich Berufserfahrung auf dem Gebiet der geriatrischen Rehabilitation oder Akutmedizin | Weiterbildungen auf dem Gebiet der Geriatrie wünschenswert | Interesse und Freude an der Pflege von Seniorinnen und Senioren,Bestmöglich Berufserfahrung auf dem Gebiet der geriatrischen Rehabilitation oder Akutmedizin,5,,https://www.wz-kliniken.de/klinik-oberammergau/karriere/stellenangebote/examinierter-altenpfleger-oder-gesundheits-und-krankenpfleger-im-3-schichtsystem-178/
Klinik Oberammergau,Oberammergau,,Examinierter Gesundheits- und Krankenpfleger (m/w/d) im 3-Schichtsystem,pflegefachkraft,,"Leistungsgerechte Vergütung nach Tarif (VPKA) mit 30 Tagen Urlaub sowie Sonderurlaube bei z.B. Heirat, Umzug, Jubiläum sowie der 24.12. und 31.12. als arbeitsfreie Tage",unklar,,,Dreijährige Krankenpflegeausbildung mit Examen | Konstruktive Zusammenarbeit mit allen Berufsgruppen | Flexibilität und Leistungsbereitschaft im 3-Schicht-System oder Bereitschaft zum Nachtdienst | Bereitschaft zur stetigen Fort- und Weiterbildung | Verantwortungsbewusstsein | Gute EDV-Kenntnisse,,5,,https://www.wz-kliniken.de/klinik-oberammergau/karriere/stellenangebote/examinierter-gesundheits-und-krankenpfleger-im-3-schichtsystem-181/
Klinik Oberstdorf,Oberstdorf,Anästhesie,856,fachweiterbildung,,"Leistungsgerechte, dem Aufgabenbereich entsprechende Vergütung nach TVöD-K",unklar,,vollzeit_teilzeit,"Eine abgeschlossene Ausbildung in der Gesundheits- und Krankenpflege, ATA oder abgeschlossene Ausbildung als Notfallsanitäter*in | Fachweiterbildung in Anästhesie- und Intensivpflege oder die Bereitschaft diese zu absolvieren | Berufserfahrung im Bereich Anästhesie/Intensiv-/Notfallmedizin wünschenswert | Belastbarkeit, Flexibilität und hohes Verantwortungsbewusstsein | Freundlichkeit, angemessene Umgangsformen und Teamfähigkeit | Bereitschaft zur persönlichen Fort- und Weiterbildung | Teilnahme am Schicht- und Bereitschaftsdienst sowie der flexible Einsatz in den Kliniken Oberstdorf und Immenstadt sind Voraussetzung | Sichere Kommunikation in Wort und Schrift",,4,Ort der Stelle nicht belegt,https://karriere-im.klinikverbund-allgaeu.de/karriere-detail/Immenstadt-Oberstdorf/Pflegefachkraft-mwd-Notfallsanitter-mwd-und-Ansthesietechnische-Assistenz-ATA-fr-die-Ansthesie-an-den-Standorten-Immenstadt--Oberstdorf/856?cHash=11b455b5da4c1efe014c0c92ad977fec
Klinik St. Irmingard,Prien am Chiemsee,,Pflegefachkraft / Altenpfleger (m/w/d) für den Nachtdienst,pflegefachkraft,,,ja,Mitarbeiterappartements,teilzeit,"Abgeschlossene Ausbildung als Pflegefachkraft / Altenpfleger (m/w/d), gerne auch Berufseinsteiger:in. | Engagement und Flexibilität | Motivation und Freude am Beruf | Gute Umgangsformen, freundliches und respektvolles Auftreten sowie Teamfähigkeit | Ganzheitliches Denken und Problemlösungsfähigkeit | PC-Kenntnisse & Kenntnisse mit einer elektronischen Patientenakte (ePA) von Vorteil",,5,,https://karriere.gesundheitswelt.de/Pflegefachkraft-Altenpfleger-mwd-fuer-den-Nachtdienst-de-j2293.html
Klinik St. Josef Buchloe,Buchloe,,Pflegefachkraft (m/w/d) Flexteam,pflegefachkraft,,"Attraktive Vergütung nach TVöD in den Entgeltgruppen P 6 bis P 8 – 3.012,49 – 4.488,98 € brutto monatlich zzgl. 90 % Jahressonderzahlung",unklar,,Voll- oder Teilzeit,"Ein abgeschlossenes Examen in der Pflege, 1-jährig oder 3-jährig | Flexibilität auf den verschiedensten Abteilungen zu arbeiten",,4,"Zuordnung aus dem vorherigen Lauf übernommen · pay_grade auf der Seite nicht gefunden, geleert",https://www.kliniken-oal-kf.de/karriere/karriereportal/stellenangebote/sdda5a240-fe3f-4689-9584-ed3e279b88ee--pflegefachkraft-mwd-flexteam
Klinik St. Josef Buchloe,Buchloe,Herzkatheter-Labor / Kardiologie,Pflegefachkraft / MFA (m/w/d) Herzkatheter-Labor,pflegefachkraft,,"Attraktive Vergütung nach TVöD: Pflegefachkraft: Entgeltgruppe P 8 – 3.701,21 – 4.488,98 € brutto monatlich (bei Vollzeitbeschäftigung) zzgl. 90 % Jahressonderzahlung",ja,Unterstützung bei der Wohnungssuche / ggf. Wohnmöglichkeit in unserem Mitarbeiter-Apartments,Voll- oder Teilzeit,Abgeschlossenes Examen Gesundheits- und Krankenpfleger / Pflegefachmann/-frau oder MFA oder OTA | Bereitschaft zur Teilnahme am Rufbereitschaftsdienst,Idealerweise Berufserfahrung im Herzkatheter-Labor oder OP Bereich,4,"Zuordnung aus dem vorherigen Lauf übernommen · pay_grade auf der Seite nicht gefunden, geleert",https://www.kliniken-oal-kf.de/karriere/karriereportal/stellenangebote/sb1a1d242-a98d-4a0c-8490-403a773093fe--pflegefachkraft-mfa-mwd-herzkatheter-labor
Klinik St. Josef Buchloe,Buchloe,Funktionsabteilung / Innere Funktionsdiagnostik,Pflegefachkraft / MFA (m/w/d) für die Funktionsabteilung,pflegefachkraft,,"Attraktive Vergütung nach TVöD: Pflegefachkraft: Entgeltgruppe P 8 – 3.701,21 – 4.488,98 € brutto monatlich zzgl. 90 % Jahressonderzahlung",ja,Unterstützung bei der Wohnungssuche / ggf. Wohnmöglichkeit in unserem Mitarbeiter-Apartments,Voll- oder Teilzeit,Abgeschlossenes Examen Gesundheits- und Krankenpfleger / Pflegefachmann/-frau oder MFA oder OTA | Bereitschaft zur Teilnahme am Rufbereitschaftsdienst,Idealerweise Berufserfahrung im Herzkatheter-Labor oder OP Bereich,4,"Zuordnung aus dem vorherigen Lauf übernommen · pay_grade auf der Seite nicht gefunden, geleert",https://www.kliniken-oal-kf.de/karriere/karriereportal/stellenangebote/s52439e33-7337-41ac-90f1-ae4c21d98383--pflegefachkraft-mfa-mwd-fuer-die-funktionsabteilung
Klinik St. Josef Buchloe,Buchloe,Endoskopie,Pflegefachkraft / MFA / OTA (m/w/d) Endoskopie,pflegefachkraft,,"Attraktive Vergütung nach TVöD je nach Qualifikation und Berufserfahrung 3.240,30 – 4.662,42 € brutto monatlich zzgl. Jahressonderzahlung",ja,Möglichkeit auf eine Unterkunft in unseren Mitarbeiterappartements oder unserem Wohnheim,Teilzeit (15 – 30 Std./Woche),Abgeschlossenes Examen Gesundheits- und Krankenpfleger / Pflegefachmann/-frau oder MFA oder OTA | Bereitschaft zur Teilnahme am Rufbereitschaftsdienst,Idealerweise Berufserfahrung im Endoskopiebereich,4,Zuordnung aus dem vorherigen Lauf übernommen,https://www.kliniken-oal-kf.de/karriere/karriereportal/stellenangebote/s6ef3a31c-a07a-402d-b519-0c51bd6fcad2--pflegefachkraft-mfa-ota-mwd-endoskopie
Klinik Vincentinum ,Augsburg,Prostata-Carcinom-Zentrum,Advanced Practice Nurse (m/w/d) Pflegedienst Mitarbeiter/in,unklar,,,nein,,vollzeit_teilzeit,Abgeschlossenes Studium zur Advanced Practice Nurse auf Master Niveau | Erfahrung in der Uro-Onkologie wünschenswert,Erfahrung in der Uro-Onkologie wünschenswert,3,"einzige Klinik am Portal, Ort der Anzeige unbekannt; Ort der Stelle nicht belegt",https://jobs.smartrecruiters.com/ArtemedSE/744000142838110-advanced-practice-nurse-m-w-d-
Klinik Vincentinum ,Augsburg,Personal der Ausbildungsstätten,"Berufs- / Pflegepädagoge (m/w/d), in Teilzeit mit 20 Stunden Mitarbeiter/in",unklar,,Leistungsgerechte Vergütung,nein,,teilzeit,"Masterabschluss im Lehramt für berufsbildende Schulen mit dem Fach Pflegewissenschaft und gerne einem allgemeinbildenden Fach | Abgeschlossene Ausbildung im Bereich Altenpflege, Gesundheits- und Kinder-/ Krankenpflege und/oder Studium der Pflegewissenschaften (o.ä.) | Unterrichtserfahrung",Unterrichtserfahrung,3,"einzige Klinik am Portal, Ort der Anzeige unbekannt; Ort der Stelle nicht belegt",https://jobs.smartrecruiters.com/ArtemedSE/744000131039809-berufs-pflegepadagoge-m-w-d-in-teilzeit-mit-20-stunden
Klinik Vincentinum ,Augsburg,Personal der Ausbildungsstätten,Berufspädagog*in / Pflegepädagog*in (m/w/d) - Vollzeit Nicht zutreffend,unklar,,Leistungsgerechte Vergütung auf Stundenbasis,nein,,vollzeit_teilzeit,"Staatlich anerkannter Abschluss in einem Pflegeberuf, z. B. als Gesundheits- und Krankenpfleger (m/w/d) | Abgeschlossenes pädagogisches Studium (B.A.) (Pflegepädagogik, Berufspädagogik, Pflegewissenschaft) mit der Bereitschaft zur Aufnahme eines Masterstudiums | Erste pädagogische Berufserfahrung oder Lehrerfahrung an einer staatlich anerkannten Pflegeschule | Eine ausgeprägte Leidenschaft für die Ausbildung junger Menschen in Pflegeberufen | Engagement bei der Befähigung der Auszubildenden zum selbst organisierten Lernen",Erste pädagogische Berufserfahrung oder Lehrerfahrung an einer staatlich anerkannten Pflegeschule,3,"einzige Klinik am Portal, Ort der Anzeige unbekannt; Ort der Stelle nicht belegt",https://jobs.smartrecruiters.com/ArtemedSE/744000118840387-berufspadagog-in-pflegepadagog-in-m-w-d-vollzeit
Klinik Vincentinum ,Augsburg,Personal der Ausbildungsstätten,Berufspädagog*in / Pflegepädagog*in (m/w/d) als Stellv. Schulleitung Mittlere bis höhere Führungsebene,leitung,,Leistungsgerechte Vergütung,nein,,vollzeit_teilzeit,"Staatlich anerkannter Abschluss in einem Pflegeberuf, z. B. als Gesundheits- und Krankenpfleger (m/w/d) | Ein abgeschlossenes Masterstudium im Bereich Pflegepädagogik, Berufspädagogik im Gesundheitswesen | einschlägige Berufserfahrung sowie idealerweise Unterrichts-erfahrung an einer staatlich anerkannten Gesundheitsfachschule | Erste nachweisbare Führungskompetenz im schulischen oder bildungsbezogenen Kontext wäre wünschenswert | Ein hohes Maß an Organisationsstärke, Selbstmanagement und Teamorientierung | Eine ausgeprägte Leidenschaft für die Ausbildung junger Menschen in Pflegeberufen | Engagement bei der Befähigung der Auszubildenden zum selbstorganisierten Lernen",einschlägige Berufserfahrung sowie idealerweise Unterrichts-erfahrung an einer staatlich anerkannten Gesundheitsfachschule,3,"einzige Klinik am Portal, Ort der Anzeige unbekannt; Ort der Stelle nicht belegt",https://jobs.smartrecruiters.com/ArtemedSE/744000134828747-berufspadagog-in-pflegepadagog-in-m-w-d-als-stellv-schulleitung
Klinik Vincentinum ,Augsburg,Anästhesie-Funktionsdienst / OP,Dein Platz im Anästhesie-Funktionsdienst – als ATA oder Pflegefachkraft / mit und ohne FWB (m/w/d),ota_ata,,,nein,,Auch Option zur Teilzeit gegeben; unbefristetes Arbeitsverhältnis,Abgeschlossene Berufsausbildung als Pflegefachfrau/-mann (mit und ohne Fachweiterbildung) oder Abschluss als Anästhesietechnische Assistenz (ATA),,2,"Zuordnung aus dem vorherigen Lauf übernommen; Ort der Stelle nicht belegt; keine Belegzitate · pay_text auf der Seite nicht gefunden, geleert",https://jobs.smartrecruiters.com/ArtemedSE/744000136176070-dein-platz-im-anasthesie-funktionsdienst-als-ata-oder-pflegefachkraft-mit-und-ohne-fwb-m-w-d-
Klinik Vincentinum ,Augsburg,Herzkatheter-OP und EPU,Gesundheits- und Krankenpfleger (m/w/d) oder MTRA (m/w/d) im Herzkatheter-Labor in Voll- oder Teilzeit Mitarbeiter/in,unklar,,,nein,,vollzeit_teilzeit,"Sie verfügen über eine abgeschlossene Ausbildung zur GKP oder MTRA | Engagement, Organisationstalent, Kommunikations- und Teamfähigkeit sowie Flexibilität | Freude am patientenorientierten, eigenverantwortlichen Arbeiten und ein freundliches, sicheres Auftreten",,3,"einzige Klinik am Portal, Ort der Anzeige unbekannt; Ort der Stelle nicht belegt",https://jobs.smartrecruiters.com/ArtemedSE/744000141204800-gesundheits-und-krankenpfleger-m-w-d-oder-mtra-m-w-d-im-herzkatheter-labor-in-voll-oder-teilzeit
Klinik Vincentinum ,Augsburg,,Hauptamtliche Praxisanleitung (m/w/d) Pflegedienst Mitarbeiter/in,leitung,,Attraktives Gehaltspaket,,,vollzeit_teilzeit,"Abgeschlossene Ausbildung als Pflegefachperson (m/w/d), Gesundheits- und Krankenpfleger/-in (m/w/d) oder Altenpfleger/-in (m/w/d) | Abgeschlossene Weiterbildung zur Praxisanleitung oder abgeschlossenes Studium im Bereich Pflegepädagogik | Erfahrung in der praktischen Ausbildung | Pädagogisches Geschick und Freude an der Wissensvermittlung | Selbstständige, strukturierte und lösungsorientierte Arbeitsweise | Offenheit für neue Lern- und Ausbildungskonzepte",Erfahrung in der praktischen Ausbildung,3,"einzige Klinik am Portal, Ort der Anzeige unbekannt; Ort der Stelle nicht belegt",https://jobs.smartrecruiters.com/ArtemedSE/744000147519329-hauptamtliche-praxisanleitung-m-w-d-
Klinik Vincentinum ,Augsburg,Pflegedienst,Needle Nurse (m/w/d) in Teilzeit Pflegedienst Mitarbeiter/in,pflegefachkraft,,,nein,,teilzeit,"eine abgeschlossene Berufsausbildung zur/m Pflegefachfrau/-mann bzw. zum/r Gesundheits- und Krankenpfleger/in | mehrjährige Berufserfahrung | patientenorientiertes Denken und Arbeiten | ein hohes Maß an Verantwortungsbereitschaft, Flexibilität und Engagement | Eigeninitiative, Teamfähigkeit und ein freundliches Wesen – insbesondere Spaß im Umgang mit Menschen | Bereitschaft und Interesse an Fort- und Weiterbildungen",mehrjährige Berufserfahrung,3,"einzige Klinik am Portal, Ort der Anzeige unbekannt; Ort der Stelle nicht belegt",https://jobs.smartrecruiters.com/ArtemedSE/744000143844579-needle-nurse-m-w-d-in-teilzeit
Klinik Vincentinum ,Augsburg,,Operationstechnische Assistenten (OTA) /OP-Pflegekräfte (m/w/d) Mitarbeiter/in,ota_ata,,eine attraktive Vergütung,nein,,vollzeit_teilzeit,,,3,"einzige Klinik am Portal, Ort der Anzeige unbekannt; Ort der Stelle nicht belegt",https://jobs.smartrecruiters.com/ArtemedSE/744000143841327-operationstechnische-assistenten-ota-op-pflegekrafte-m-w-d-
Klinik Vincentinum ,Augsburg,Funktionsdienst,Operationstechnischer Assistent (OTA) Mitarbeiter/in,ota_ata,,,nein,,vollzeit_teilzeit,"Abgeschlossene Ausbildung zum Operationstechnischen Assistenten | Fundierte Berufserfahrung im OP | Hohes Maß an Verantwortungsbereitschaft, Flexibilität und Engagement | Ausgeprägte soziale Kompetenz und Teamfähigkeit | Einfühlungsvermögen im Umgang mit den Patient*innen | Bereitschaft zur Teilnahme am Bereitschafts-/Rufdienst",Fundierte Berufserfahrung im OP,3,"einzige Klinik am Portal, Ort der Anzeige unbekannt; Ort der Stelle nicht belegt",https://jobs.smartrecruiters.com/ArtemedSE/744000144698185-operationstechnischer-assistent-ota-
Klinik Vincentinum ,Augsburg,Allgemein Innere Medizin,Pflegefachkraft (m/w/d) für unsere Allgemein Innere Medizin Pflegedienst Mitarbeiter/in,pflegefachkraft,,,nein,,vollzeit,"eine abgeschlossene Berufsausbildung als 3-jährige examinierte Pflegefachkraft | Patientenorientiertes Denken und Arbeiten | Fachliche und soziale Kompetenz | ein hohes Maß an Verantwortungsbereitschaft, Flexibilität und Engagement | Eigeninitiative und Teamfähigkeit | Kommunikative Kompetenzen und Lernkompetenz mit persönlicher und fachlicher Weiterentwicklung",,3,"einzige Klinik am Portal, Ort der Anzeige unbekannt; Ort der Stelle nicht belegt",https://jobs.smartrecruiters.com/ArtemedSE/744000146490809-pflegefachkraft-m-w-d-fur-unsere-allgemein-innere-medizin
Klinik Vincentinum ,Augsburg,chirurgische Normalstation,Pflegefachkraft (m/w/d) für unsere chirurgische Normalstation Pflegedienst Mitarbeiter/in,pflegefachkraft,,,,,vollzeit,"eine abgeschlossene Berufsausbildung zur/m Pflegefachfrau/-mann bzw. zum/r Gesundheits- und Kinderkrankenpfleger/in | mehrjährige Berufserfahrung | patientenorientiertes Denken und Arbeiten | ein hohes Maß an Verantwortungsbereitschaft, Flexibilität und Engagement | Eigeninitiative, Teamfähigkeit und ein freundliches Wesen | Bereitschaft und Interesse an Fort- und Weiterbildungen",mehrjährige Berufserfahrung,3,"einzige Klinik am Portal, Ort der Anzeige unbekannt; Ort der Stelle nicht belegt",https://jobs.smartrecruiters.com/ArtemedSE/744000146491049-pflegefachkraft-m-w-d-fur-unsere-chirurgische-normalstation-
Klinik Vincentinum ,Augsburg,Pflegedienst,Pflegefachkraft (w/m/d) Pflegedienst Mitarbeiter/in,pflegefachkraft,,,nein,,vollzeit_teilzeit,"abgeschlossene Berufsausbildung (Pflegefachkraft oder Gesundheits- und Krankenpfleger) | patientenorientiertes Denken und Arbeiten | ein hohes Maß an Verantwortungsbereitschaft, Flexibilität, Engagement | Eigeninitiative, Teamfähigkeit und Kommunikationsstärke",,3,"einzige Klinik am Portal, Ort der Anzeige unbekannt; Ort der Stelle nicht belegt",https://jobs.smartrecruiters.com/ArtemedSE/744000144701529-pflegefachkraft-w-m-d-
Klinik Vincentinum ,Augsburg,Notaufnahme,Pflegefachkraft / Notfallsanitäter (m/w/d) für die Notaufnahme in Voll- oder Teilzeit Pflegedienst Mitarbeiter/in,fachweiterbildung,,"Bis zu 2.000,00 EUR brutto „Startprämie“ (sofern keine Kündigung/Beendigung innerhalb der ersten sechs Monate)",ja,Mitarbeiterwohnungen,vollzeit_teilzeit,"eine erfolgreich abgeschlossene Berufsausbildung als Pflegefachkraft, Gesundheits- und Krankenpfleger (m/wd), Altenpfleger (m/w/d) | wünschenswert: Erfahrung in der Notaufnahme oder Fachweiterbildung Notfallpflege – alternativ: Bereitschaft, diese Weiterbildung zu absolvieren | sicheres, selbstständiges und verantwortungsbewusstes Arbeiten und Handeln | hohes soziales Engagement und empathisches Auftreten | Bereitschaft zur fachlichen Weiterentwicklung",wünschenswert: Erfahrung in der Notaufnahme oder Fachweiterbildung Notfallpflege,3,"einzige Klinik am Portal, Ort der Anzeige unbekannt; Ort der Stelle nicht belegt",https://jobs.smartrecruiters.com/ArtemedSE/744000147470609-pflegefachkraft-notfallsanitater-m-w-d-fur-die-notaufnahme-in-voll-oder-teilzeit
Klinik Vincentinum ,Augsburg,stationären multimodalen Schmerztherapie,Pflegefachkraft für die Multimodale Schmerztherapie (m/w/d) Loretto-Krankenhaus Freiburg Pflegedienst Mitarbeiter/in,fachweiterbildung,,"Faire, leistungsgerechte Gehaltszahlung und zahlreiche Mitarbeiter-Vorteile",nein,,vollzeit_teilzeit,"Abgeschlossene Ausbildung als Pflegefachkraft (Gesundheits- und Krankenpfleger/in bzw. Pflegefachmann/-frau) | Erfolgreich abgeschlossene Weiterbildung in der Spezialen Schmerzpflege oder die Bereitschaft dazu | Berufserfahrung in der Schmerztherapie oder in einer Koordination / Leitungsfunktion einem verwandten klinischen Bereich | Organisatorisches Geschick, Führungskompetenz sowie hohe soziale Kompetenz und Empathie im Umgang mit Schmerzpatienten",Berufserfahrung in der Schmerztherapie oder in einer Koordination / Leitungsfunktion einem verwandten klinischen Bereich ist von Vorteil,3,"einzige Klinik am Portal, Ort der Anzeige unbekannt; Ort der Stelle nicht belegt",https://jobs.smartrecruiters.com/ArtemedSE/744000145683189-pflegefachkraft-fur-die-multimodale-schmerztherapie-m-w-d-loretto-krankenhaus-freiburg
Klinik Vincentinum ,Augsburg,Personal der Ausbildungsstätten,Pflegepädagoge / Berufspädagoge (m/w/d) „Schule für Gesundheitsberufe Tutzing“ Starnberger See Berufseinsteiger,unklar,,Leistungsgerechte Vergütung in Anlehnung an den AVR,ja,Mitarbeiterwohnungen bei Verfügbarkeit,vollzeit_teilzeit,"Staatlich anerkannter Abschluss in einem Pflegeberuf, z. B. als Gesundheits- und Krankenpfleger (m/w/d) | Ein abgeschlossenes Masterstudium im Bereich Pflegepädagogik, Berufspädagogik im Gesundheitswesen, Medizinpädagogik | Abgeschlossenes pädagogisches Studium (B.A.) (Pflegepädagogik, Medizinpädagogik, Berufspädagogik) | Erste pädagogische Berufserfahrung | Fundierte Lehr- und Leitungserfahrung an einer staatlich anerkannten Gesundheitsfachschule oder einer Pflegeschule | Eine ausgeprägte Leidenschaft für die Ausbildung junger Menschen in Pflegeberufen | Engagement bei der Befähigung der Auszubildenden zum selbstorganisierten Lernen | Sie haben Interesse an Integrationsarbeit",Erste pädagogische Berufserfahrung,3,"einzige Klinik am Portal, Ort der Anzeige unbekannt; Ort der Stelle nicht belegt",https://jobs.smartrecruiters.com/ArtemedSE/744000117491677-pflegepadagoge-berufspadagoge-m-w-d-schule-fur-gesundheitsberufe-tutzing-starnberger-see
Klinik Vincentinum ,Augsburg,Schmerzstation,Pflegerische Koordination für die Multimodale Schmerztherapie (m/w/d) Loretto- Krankenhaus Pflegedienst Mitarbeiter/in,leitung,,"Faire, leistungsgerechte Gehaltszahlung und zahlreiche Mitarbeiter-Vorteile",nein,,vollzeit_teilzeit,"Abgeschlossene Ausbildung als Pflegefachkraft (Gesundheits- und Krankenpfleger/in bzw. Pflegefachmann/-frau) | Erfolgreich abgeschlossene Weiterbildung in der Spezialen Schmerzpflege (oder die Bereitschaft dazu) | Berufserfahrung in der Schmerztherapie oder in einer Koordination / Leitungsfunktion einem verwandten klinischen Bereich | Organisatorisches Geschick, Führungskompetenz sowie hohe soziale Kompetenz und Empathie im Umgang mit Schmerzpatienten",Berufserfahrung in der Schmerztherapie oder in einer Koordination / Leitungsfunktion einem verwandten klinischen Bereich ist von Vorteil,3,"einzige Klinik am Portal, Ort der Anzeige unbekannt; Ort der Stelle nicht belegt",https://jobs.smartrecruiters.com/ArtemedSE/744000145426979-pflegerische-koordination-fur-die-multimodale-schmerztherapie-m-w-d-loretto-krankenhaus-
Klinik Vincentinum ,Augsburg,,Stellv. Pflegedienstleitung / in Kombination mit Projektleitung (m/w/d) in Vollzeit Pflegedienst Mitarbeiter/in,leitung,,tarifliche Bezahlung angelehnt an den AVR der Caritas,ja,Wohnsituation: Mitarbeiterwohnung (falls gewünscht und verfügbar),vollzeit_teilzeit,"Abgeschlossene Ausbildung als Gesundheits- und Krankenpfleger / Pflegefachkraft (m/w/d) | Abgeschlossenes bzw. ab dem 4. Semester pflegebezogenes Studium auf Bachelor-Niveau, z.B. Pflegemanagement, Pflegewissenschaft | sowie wünschenswert Berufserfahrung im Krankenhausbereich sowie erste Führungserfahrung als stellv. Pflegedienstleitung oder Stationsleitung | Sie denken innovativ und Loyalität und Empathie zeichnen Sie aus.",Berufserfahrung im Krankenhausbereich sowie erste Führungserfahrung als stellv. Pflegedienstleitung oder Stationsleitung,3,"einzige Klinik am Portal, Ort der Anzeige unbekannt; Ort der Stelle nicht belegt",https://jobs.smartrecruiters.com/ArtemedSE/744000147471124-stellv-pflegedienstleitung-in-kombination-mit-projektleitung-m-w-d-in-vollzeit-
Klinik Vincentinum ,Augsburg,,Zentraler Praxisanleiter (m/w/d) Mitarbeiter/in,unklar,,Leistungsgerechte Vergütung in Anlehnung an den AVR,ja,Mitarbeiterwohnungen bei Verfügbarkeit,vollzeit_teilzeit,Abgeschlossene Ausbildung als (Kinder-) Gesundheits-/ Krankenpflege oder als Pflegefachfrau / Pflegefachmann (m/w/d) mit Berufserfahrung | Eine abgeschlossene Weiterbildung als Praxisanleitender oder Sie sind aktuell in der Weiterbildung,,3,"einzige Klinik am Portal, Ort der Anzeige unbekannt; Ort der Stelle nicht belegt",https://jobs.smartrecruiters.com/ArtemedSE/744000134973919-zentraler-praxisanleiter-m-w-d-
Klinik Vincentinum ,Augsburg,Zentrale Notaufnahme mit Aufnahmestation,pflegefachkraft fur die zentrale notaufnahme mit aufnahmestation m w d in voll oder teilzeit,pflegefachkraft,,,nein,,vollzeit_teilzeit,Eine abgeschlossene examinierte Pflegeausbildung | Eine Zusatzqualifikation Notfallpflege bzw. die Bereitschaft zur Weiterbildung (wünschenswert) | Die Fähigkeit und Bereitschaft zur konstruktiven interdisziplinären Zusammenarbeit | Verantwortungsbewusstsein und eine strukturierte Arbeitsweise,,3,"einzige Klinik am Portal, Ort der Anzeige unbekannt; Ort der Stelle nicht belegt",https://jobs.smartrecruiters.com/ArtemedSE/744000143037635-pflegefachkraft-fur-die-zentrale-notaufnahme-mit-aufnahmestation-m-w-d-in-voll-oder-teilzeit
Klinik Vincentinum ,Augsburg,Notaufnahme,pflegefachkraft notfallsanitater m w d fur die notaufnahme in teilzeit ausschlie lich nur vormittags oder nur nachmittags,fachweiterbildung,,"Bis zu 2.000,00 EUR brutto „Startprämie“ (sofern keine Kündigung/Beendigung innerhalb der ersten sechs Monate)",ja,Mitarbeiterwohnungen,teilzeit,"eine erfolgreich abgeschlossene Berufsausbildung als Pflegefachkraft, Gesundheits- und Krankenpfleger (m/wd), Altenpfleger (m/w/d) | wünschenswert: Erfahrung in der Notaufnahme oder Fachweiterbildung Notfallpflege – alternativ: Bereitschaft, diese Weiterbildung zu absolvieren | sicheres, selbstständiges und verantwortungsbewusstes Arbeiten und Handeln | hohes soziales Engagement und empathisches Auftreten | Bereitschaft zur fachlichen Weiterentwicklung",wünschenswert: Erfahrung in der Notaufnahme oder Fachweiterbildung Notfallpflege,3,"einzige Klinik am Portal, Ort der Anzeige unbekannt; Ort der Stelle nicht belegt",https://jobs.smartrecruiters.com/ArtemedSE/744000147473954-pflegefachkraft-notfallsanitater-m-w-d-fur-die-notaufnahme-in-teilzeit-ausschlie-lich-nur-vormittags-oder-nur-nachmittags-
Klinik Vincentinum ,Augsburg,Wochenbettstation,pflegefachperson m w d oder gesundheits und kinderkrankenpfleger in m w d oder gesundheits und krankenpfleger in m w d fur unsere wochenbettstation,pflegefachkraft,,Attraktives Gehaltspaket,,,vollzeit_teilzeit,Abgeschlossene Ausbildung als Pflegefachperson (m/w/d) oder Gesundheits- und Kinderkrankenpfleger/-in (m/w/d) oder Gesundheits- und Krankenpfleger/-in (m/w/d) | Motivationsfähigkeit und Verantwortungsbewusstsein | Bereitschaft zur Fort- und Weiterbildung und zur per­sönlichen Weiterentwicklung | Offenheit zur kooperativen Zusammenarbeit im Pflegeteam | Eigenverantwortliche und selbständige Arbeitsweise,,3,"einzige Klinik am Portal, Ort der Anzeige unbekannt; Ort der Stelle nicht belegt",https://jobs.smartrecruiters.com/ArtemedSE/744000147521279-pflegefachperson-m-w-d-oder-gesundheits-und-kinderkrankenpfleger-in-m-w-d-oder-gesundheits-und-krankenpfleger-in-m-w-d-fur-unsere-wochenbettstation
Klinik Vincentinum ,Augsburg,Intermediate Care (IMC) Station,stellvertretende pflegerische Leitung (m/w/d) für die Intermediate Care (IMC) Station Pflegedienst Mitarbeiter/in,leitung,,eine der Position angemessene Vergütung,nein,,vollzeit,"Sie sind ausgebildete Pflegefachkraft mit dreijähriger Ausbildung (m/w/d) | Sie sind erfahren in der Mitarbeiterführung und Organisation von Abläufen | Sie haben idealerweise einen Stationsleitungskurs erfolgreich absolviert | Sie haben fachlich fundierte Kenntnisse in der Intermediate Care - oder Intensivpflege | Sie haben eine abgeschlossene Fachweiterbildung für IMC oder Intensiv/Anästhesie, wünschenswert aber nicht zwingend erforderlich | Sie sind empathisch, strukturiert und lösungsorientiert | Sie haben ein hohes Verantwortungsbewusstsein mit einer positiven Haltung gegenüber Patienten, Angehörigen und Mitarbeitenden | Sie sind proaktiv, erkennen Chancen und Risiken und handeln folgerichtig",Sie sind erfahren in der Mitarbeiterführung und Organisation von Abläufen,3,"einzige Klinik am Portal, Ort der Anzeige unbekannt; Ort der Stelle nicht belegt",https://jobs.smartrecruiters.com/ArtemedSE/744000144094079-stellvertretende-pflegerische-leitung-m-w-d-fur-die-intermediate-care-imc-station
Klinik Wartenberg,Wartenberg (Oberbayern),Akutgeriatrie,25.018 Pflegefachkraft (m/w/d) Akutgeriatrie,pflegefachkraft,,,ja,Außerdem verfügt die Klinik über eine Vielzahl an Betriebswohnungen in Wartenberg.,vollzeit_teilzeit,"Sie haben eine abgeschlossene Berufsausbildung als Krankenschwester/-pfleger, Gesundheits- und Krankenpfleger/-in, Altenpfleger/-in oder Pflegefachfrau/-mann | Wünschenswert sind Weiterbildungen bzw. Zusatzqualifikationen in den Bereichen Gerontopsychiatrie, Palliative Care, Praxisanleitung, ö. ä. | Sie weisen fachliche Kompetenzen in den Schwerpunkten Innere Medizin bzw. Geriatrie, rehabilitative oder palliative Pflege auf. | Sie sind emphatisch, respektvoll und offen im Umgang mit Patienten, Angehörigen und Kollegen. | Sie führen Ihre Arbeit mit Engagement, Disziplin und Humor aus. | Sie sind teamfähig, kollegial und hilfsbereit. | Sie haben Freude und Geduld bei der Arbeit mit älteren Menschen.",,3,"einzige Klinik am Portal, Ort der Anzeige unbekannt; Ort der Stelle nicht belegt",https://www.mein-check-in.de/klinik-familie/position-482303
Klinik Wartenberg,Wartenberg (Oberbayern),geriatrische Rehabilitation,25.019 Pflegefachkraft (m/w/d) geriatrische Reha,pflegefachkraft,,,ja,Außerdem verfügt die Klinik über eine Vielzahl an Betriebswohnungen in Wartenberg.,vollzeit_teilzeit,"Sie haben eine abgeschlossene Berufsausbildung als Krankenschwester/-pfleger, Gesundheits- und Krankenpfleger/-in, Altenpfleger/-in oder Pflegefachfrau/-mann | Wünschenswert sind Weiterbildungen bzw. Zusatzqualifikationen in den Bereichen Gerontopsychiatrie, Palliative Care, Praxisanleitung, ö. ä. | Sie weisen fachliche Kompetenzen in den Schwerpunkten Innere Medizin bzw. Geriatrie, rehabilitative oder palliative Pflege auf. | Sie sind emphatisch, respektvoll und offen im Umgang mit Patienten, Angehörigen und Kollegen. | Sie führen Ihre Arbeit mit Engagement, Disziplin und Humor aus. | Sie sind teamfähig, kollegial und hilfsbereit. | Sie haben Freude und Geduld bei der Arbeit mit älteren Menschen.",,3,"einzige Klinik am Portal, Ort der Anzeige unbekannt; Ort der Stelle nicht belegt",https://www.mein-check-in.de/klinik-familie/position-482309
Klinik Wartenberg,Wartenberg (Oberbayern),,25.020 Pflegefachkraft (m/w/d) als Dauernachtwache,pflegefachkraft,,,ja,Außerdem verfügt die Klinik über eine Vielzahl an Betriebswohnungen in Wartenberg.,vollzeit_teilzeit,"Sie haben eine abgeschlossene Berufsausbildung als Krankenschwester/-pfleger, Gesundheits- und Krankenpfleger/-in, Altenpfleger/-in oder Pflegefachfrau/-mann | Wünschenswert sind Weiterbildungen bzw. Zusatzqualifikationen in den Bereichen Gerontopsychiatrie, Palliative Care, Praxisanleitung, ö. ä. | Sie weisen fachliche Kompetenzen in den Schwerpunkten Innere Medizin bzw. Geriatrie, rehabilitative oder palliative Pflege auf. | Sie weisen ein hohes Maß an Verantwortungsbewusstsein auf und arbeiten strukturiert. | Sie führen Ihre Arbeit mit Engagement, Empathie und Humor aus. | Sie sind teamfähig, kollegial und hilfsbereit. | Sie haben Freude und Geduld bei der Arbeit mit älteren Menschen.",,3,"einzige Klinik am Portal, Ort der Anzeige unbekannt; Ort der Stelle nicht belegt",https://www.mein-check-in.de/klinik-familie/position-482318
Klinik Wartenberg,Wartenberg (Oberbayern),Palliativstation,25.021 Pflegefachkraft (m/w/d) Palliativstation,pflegefachkraft,,,ja,Außerdem verfügt die Klinik über eine Vielzahl an Betriebswohnungen in Wartenberg.,vollzeit_teilzeit,"Sie haben eine abgeschlossene Berufsausbildung als Krankenschwester/-pfleger, Gesundheits- und Krankenpfleger/-in, Altenpfleger/-in oder Pflegefachfrau/-mann | Wünschenswert sind Weiterbildungen bzw. Zusatzqualifikationen in den Bereichen Palliative Care, Schmerzmanagement, Praxisanleitung, o. ä. | Sie verfügen über ein differenziertes Fachwissen in palliativer Pflege bzw. haben Interesse, sich in diesem Fachbereich weiterzubilden. | Sie sind emphatisch, respektvoll und offen im Umgang mit Patient/-innen, Angehörigen und Kolleg/-innen.",,3,"einzige Klinik am Portal, Ort der Anzeige unbekannt; Ort der Stelle nicht belegt",https://www.mein-check-in.de/klinik-familie/position-487511
Klinik Wartenberg,Wartenberg (Oberbayern),Akutgeriatrie,26.023 Stationsleitung (m/w/d) Akutgeriatrie,leitung,,,unklar,,vollzeit,"Sie verfügen über eine abgeschlossene Berufsausbildung als Krankenschwester/-pfleger, Gesundheits- und Krankenpfleger/-in, Pflegefachfrau/-mann | Sie können eine Zusatzweiterbildung zur Stationsleitung bzw. einen vergleichbaren Abschluss nachweisen oder sind bereit, diesen zu absolvieren. | Wünschenswert sind außerdem Weiterbildungen bzw. Zusatzqualifikationen, wie bspw. Gerontopsychiatrie, Palliative Care oder Praxisanleitung. | Sie haben mindestens eine dreijährige Berufserfahrung als Pflegefachkraft sowie fachspezifische Kenntnisse in der Geriatrie bzw. Inneren Medizin. | Sie verfügen über gute soziale und kommunikative Kompetenzen. | Sie nehmen eine Vorbildfunktion ein und haben Erfahrung in der Mitarbeiterführung. | Sie denken und handeln prozessorientiert und wirtschaftlich nachhaltig. | Sie gehen respektvoll und gerecht mit Mitarbeitern, Patienten, Angehörigen und Kollegen anderer Berufsgruppen um.",Sie haben mindestens eine dreijährige Berufserfahrung als Pflegefachkraft sowie fachspezifische Kenntnisse in der Geriatrie bzw. Inneren Medizin.,3,"einzige Klinik am Portal, Ort der Anzeige unbekannt; Ort der Stelle nicht belegt",https://www.mein-check-in.de/klinik-familie/position-496005
Klinik Wartenberg,Wartenberg (Oberbayern),geriatrische Rehabilitation,26.024 Stationsleitung (m/w/d) geriatrische Rehabilitation,leitung,,,unklar,,vollzeit,"Sie verfügen über eine abgeschlossene Berufsausbildung als Krankenschwester/-pfleger, Gesundheits- und Krankenpfleger/-in, Pflegefachfrau/-mann | Sie können eine Zusatzweiterbildung zur Stationsleitung bzw. einen vergleichbaren Abschluss nachweisen oder sind bereit, diesen zu absolvieren. | Optimalerweise besitzen Sie bereits Führungserfahrung. | Wünschenswert sind außerdem Weiterbildungen bzw. Zusatzqualifikationen, wie bspw. Gerontopsychiatrie, Palliative Care oder Praxisanleitung. | Sie haben mindestens eine dreijährige Berufserfahrung als Pflegefachkraft sowie fachspezifische Kenntnisse in der Geriatrie bzw. Inneren Medizin. | Sie verfügen über gute soziale und kommunikative Kompetenzen. | Sie haben sehr gute EDV-Kenntnisse und sind erfahren im Umgang mit elektronischen Patientenakten (ePa) sowie den gängigen Windows-Programmen. | Sie nehmen eine Vorbildfunktion ein und haben Erfahrung in der Mitarbeiterführung.",Sie haben mindestens eine dreijährige Berufserfahrung als Pflegefachkraft sowie fachspezifische Kenntnisse in der Geriatrie bzw. Inneren Medizin.,3,"einzige Klinik am Portal, Ort der Anzeige unbekannt; Ort der Stelle nicht belegt",https://www.mein-check-in.de/klinik-familie/position-506574
Klinik Wartenberg,Wartenberg (Oberbayern),,"26.067 Pflegefachkraft (m/w/d) im Rentenalter (67+) ""Aktivrente""",pflegefachkraft,,,unklar,,,"Sie haben eine abgeschlossene Berufsausbildung als Krankenschwester/-pfleger (m/w/d). | Sie sind fachlich sicher im pflegerischen Handeln und bereit, Ihre Expertise einzubringen. | Sie sind zuverlässig belastbar in einem realistischen Rahmen und identifizieren sich mit einer aktiven Rolle im Stationsbetrieb. | Sie kommunizieren klar, wertschätzend und geduldig, auch in herausfordernden Situationen. | Die Arbeit mit älteren Menschen macht Ihnen Freude.",,3,"einzige Klinik am Portal, Ort der Anzeige unbekannt; Ort der Stelle nicht belegt",https://www.mein-check-in.de/klinik-familie/position-510294
Klinik Wartenberg,Wartenberg (Oberbayern),,26.079 Stellvertretende Pflegedienstleitung (m/w/d),leitung,,,unklar,,vollzeit,"Sie verfügen über eine abgeschlossene Ausbildung als Pflegefachkraft (m/w/d) sowie über eine Weiterbildung zur Stationsleitung. | Eine Weiterbildung zur Pflegedienstleitung und/oder ein Studium im Pflege- oder Gesundheitsmanagement ist wünschenswert | Sie bringen mehrjährige Berufs- und erste Führungserfahrung im Pflegedienst mit. | Idealerweise haben Sie bereits Erfahrungen in den Bereichen Mitarbeiterführung, Qualitätsmanagement und Projektarbeit gesammelt. | Sie verfügen über ausgeprägte EDV-Kenntnisse sowie ein analytisches und strategisches Denkvermögen. | Sie überzeugen durch hohe Sozial- und Führungskompetenz, treffen klare Entscheidungen und setzen diese souverän um. | Verantwortungsbewusstsein, Teamorientierung und eine hohe Kooperationsbereitschaft zeichnen Sie aus. | Sie sind mit den relevanten gesetzlichen und fachlichen Rahmenbedingungen im Pflegebereich vertraut.",Sie bringen mehrjährige Berufs- und erste Führungserfahrung im Pflegedienst mit.,3,"einzige Klinik am Portal, Ort der Anzeige unbekannt; Ort der Stelle nicht belegt",https://www.mein-check-in.de/klinik-familie/position-516205
Klinik am Birkenwald,Nürnberg,bettenführende chirurgische Station und stationäre Schmerztherapie/manuelle Medizin,Pflegefachfrau / Pflegefachmann (m/w/d) für unsere bettenführende chirurgischeStation und stationäre Schmerztherapie/manuelle Medizin,pflegefachkraft,,leistungsgerechte Vergütung nach den Bestimmungen des Konzern-Tarifvertrag (M-TV M/W/I Sana),unklar,,vollzeit_teilzeit,"Abgeschlossene Ausbildung zur/zum Pflegefachfrau/Pflegefachmann | Hohe Fach- und Sozialkompetenz | Freundlichkeit, Selbstsicherheit, Engagement, Motivation und Selbständigkeit | Kommunikations- und Teamfähigkeit | Flexibilität, Belastbarkeit und Einsatzbereitschaft",,3,"einzige Klinik am Portal, Ort der Anzeige unbekannt; Ort der Stelle nicht belegt",https://www.klinik-am-birkenwald.de/pflegefachfrau-pflegefachmann-m-w-d-fuer-unsere-bettenfuehrende-chirurgischestation-und-stationaere-schmerztherapie-manuelle-medizin/
Klinik am Birkenwald,Nürnberg,bettenführenden Stationen,Pflegefachfrau / Pflegefachmann (m/w/d) für unsere bettenführenden Stationen,pflegefachkraft,,leistungsgerechte Vergütung nach den Bestimmungen des Konzern-Tarifvertrag (M-TV M/W/I Sana).,,,vollzeit_teilzeit,"Abgeschlossene Ausbildung zur/zum Pflegefachfrau/Pflegefachmann | Hohe Fach- und Sozialkompetenz | Freundlichkeit, Selbstsicherheit, Engagement, Motivation und Selbständigkeit | Kommunikations- und Teamfähigkeit | Flexibilität, Belastbarkeit und Einsatzbereitschaft",,3,"einzige Klinik am Portal, Ort der Anzeige unbekannt; Ort der Stelle nicht belegt",https://www.klinik-am-birkenwald.de/pflegefachfrau-pflegefachmann-m-w-d-fuer-unsere-bettenfuehrenden-stationen-2/
Kliniken Dr. Erler,Nürnberg,,Gesundheits,fachweiterbildung,,Attraktive Vergütung nach TVöD/VKA inkl. Sozialleistungen,unklar,,vollzeit_teilzeit,"Eine erfolgreich abgeschlossene Ausbildung zur Pflegefachkraft inklusive zweijähriger Fachweiterbildung zur Anästhesie-/ Intensivpflegekraft (m/w/d) (DKG) | Einen empathischen Umgang mit unseren Patienten und anderen Berufsgruppen | Teilnahme am Rufdienst | Fundierte fachliche Kenntnisse und die Bereitschaft diese fortlaufend zu erhalten und zu erweitern | Verantwortungsbewusstsein, vorausschauende und selbstständige Arbeitsweise | Freundliches, sicheres Auftreten und die Fähigkeit zum umsichtigen, teamorientierten Arbeiten | Sehr gute Deutschkenntnisse in Wort und Schrift (mindestens B2-Niveau)",,5,,https://karriere.erler-klinik.de/stellen-bewerbung/stellenangebote/detail/gesundheits-und-krankenpfleger-mit-fachweiterbildung-oder-ata-m-w-d/
Kliniken Dr. Erler,Nürnberg,,Gesundheits- und Krankenpfleger (m/w/d)- Springerpool mit flexiblen Dienstzeiten,pflegefachkraft,,Attraktive Vergütung nach TVöD/VKA inkl. Sozialleistungen,unklar,,vollzeit_teilzeit,"Eine erfolgreich abgeschlossene dreijährige Berufsausbildung zum Gesundheits- und Krankenpfleger (m/w/d) | Wochenend- und Schichtdienst zu den vollen Schichtzeiten | Verantwortungsbewusstsein, Sozialkompetenz und kooperative Zusammenarbeit mit anderen Berufsgruppen | Körperliche und geistige Belastbarkeit, Organisationstalent und Flexibilität | Offenheit für digitale Dokumentation sowie umfassendes Wissen im Dokumentationswesen | Kenntnisse im Wundmanagement | Kennenlernen unserer Einrichtungen für mehrere Wochen oder Monate während der Tätigkeit als flexible Pflegekraft | Sehr gute Deutschkenntnisse in Wort und Schrift (mindestens B2-Niveau)",,5,,https://karriere.erler-klinik.de/stellen-bewerbung/stellenangebote/detail/gesundheits-und-krankenpfleger-m-w-d-springerpool-mit-flexiblen-dienstzeiten/
Kliniken Dr. Erler,Nürnberg,,Gesundheits- und Krankenpfleger oder Pflegefachkraft (m/w/d),pflegefachkraft,,Attraktive Vergütung nach TVöD/VKA inkl. Sozialleistungen,unklar,,vollzeit_teilzeit,"Eine erfolgreich abgeschlossene dreijährige Berufsausbildung zum Gesundheits- und Krankenpfleger oder Pflegefachmann / Pflegefachfrau (m/w/d) | Verantwortungsbewusstsein, Sozialkompetenz und kooperative Zusammenarbeit mit anderen Berufsgruppen | Körperliche und geistige Belastbarkeit, Organisationstalent und Flexibilität | Interesse und Bereitschaft zur aktiven Mitgestaltung prozessorientierter Arbeitsabläufe | Offenheit für digitale Dokumentation sowie umfassendes Wissen im Dokumentationswesen | Sehr gute Deutschkenntnisse in Wort und Schrift (mindestens B2-Niveau)",,5,,https://karriere.erler-klinik.de/stellen-bewerbung/stellenangebote/detail/gesundheits-und-krankenpfleger-oder-pflegefachkraft-m-w-d/
Kliniken Dr. Erler,Nürnberg,Komfort Plus Station,Gesundheits- und Krankenpfleger oder Pflegefachkraft (m/w/d) für unsere Komfort Plus Station,pflegefachkraft,,Attraktive Vergütung nach TVöD/VKA inkl. Sozialleistungen,unklar,,vollzeit_teilzeit,"Eine erfolgreich abgeschlossene dreijährige Berufsausbildung zum Gesundheits- und Krankenpfleger oder Pflegefachmann / Pflegefachfrau (m/w/d) | Verantwortungsbewusstsein, Sozialkompetenz und kooperative Zusammenarbeit mit anderen Berufsgruppen | Körperliche und geistige Belastbarkeit, Organisationstalent und Flexibilität sowie eine hohe Serviceorientierung | Interesse und Bereitschaft zur aktiven Mitgestaltung prozessorientierter Arbeitsabläufe | Offenheit für digitale Dokumentation sowie umfassendes Wissen im Dokumentationswesen | Sehr gute Deutschkenntnisse in Wort und Schrift (mindestens B2-Niveau)",,5,,https://karriere.erler-klinik.de/stellen-bewerbung/stellenangebote/detail/gesundheits-und-krankenpfleger-oder-pflegefachkraft-m-w-d-fuer-unsere-komfort-plus-station/
Kliniken Dr. Erler,Nürnberg,Ebene 5,Gesundheits- und Krankenpfleger oder Pflegefachkraft für die Ebene 5,pflegefachkraft,,Attraktive Vergütung nach TVöD/VKA inkl. Sozialleistungen,unklar,,vollzeit,"Eine erfolgreich abgeschlossene dreijährige Berufsausbildung zum Gesundheits- und Krankenpfleger oder Pflegefachmann / Pflegefachfrau (m/w/d) | Verantwortungsbewusstsein, Sozialkompetenz und kooperative Zusammenarbeit mit anderen Berufsgruppen | Körperliche und geistige Belastbarkeit, Organisationstalent und Flexibilität | Interesse und Bereitschaft zur aktiven Mitgestaltung prozessorientierter Arbeitsabläufe | Offenheit für digitale Dokumentation sowie umfassendes Wissen im Dokumentationswesen | Sehr gute Deutschkenntnisse in Wort und Schrift (mindestens B2-Niveau)",,5,,https://karriere.erler-klinik.de/stellen-bewerbung/stellenangebote/detail/gesundheits-und-krankenpfleger-oder-pflegefachkraft-fuer-die-ebene-5/
Kliniken Dr. Erler,Nürnberg,OP,Operationstechnischer Assistent- OTA (m/w/d) oder GKP für den OP,ota_ata,,Attraktive Vergütung nach TVöD/VKA inkl. Sozialleistungen,unklar,,vollzeit_teilzeit,"Eine erfolgreich abgeschlossene Ausbildung als Operationstechnischer Assistent (m/w/d) oder Gesundheits-und Krankenpfleger bevorzugt mit Fachweiterbildung im OP | Erste einschlägige Berufserfahrung - bevorzugt aus dem Bereich Unfall und Orthopädie | Verantwortungsbewusstsein, Sozialkompetenz und kooperative Zusammenarbeit mit anderen Berufsgruppen | Körperliche und geistige Belastbarkeit, Organisationstalent und Flexibilität | Interesse und Bereitschaft zur aktiven Mitgestaltung prozessorientierter Arbeitsabläufe | Offenheit für digitale Dokumentation sowie umfassendes Wissen im Dokumentationswesen | Grundkenntnisse der Materialien und Beherrschen der Instrumentenkunde | Sehr gute Deutschkenntnisse in Wort und Schrift (mindestens B2-Niveau)",Erste einschlägige Berufserfahrung - bevorzugt aus dem Bereich Unfall und Orthopädie,5,,https://karriere.erler-klinik.de/stellen-bewerbung/stellenangebote/detail/operationstechnischer-assistent-ota-m-w-d-oder-gkp-fuer-den-op/
Kliniken Dr. Erler,Nürnberg,,Pflegefachhelfer (m/w/d),hilfskraft,,Attraktive Vergütung nach TVöD/VKA inkl. Sozialleistungen,unklar,,vollzeit,Sie haben eine abgeschlossene einjährige Ausbildung als Pflegefachhelfer (m/w/d) | Idealerweise haben Sie bereits in einem Krankenhaus gearbeitet oder haben erste Arbeitserfahrung im klinischen Umfeld sammeln können | Sie zeichnet Pünktlichkeit und Zuverlässigkeit aus | Mit unseren Patienten gehen Sie verantwortungsvoll und respektvoll um und sind sehr auf Sauberkeit und Ordnung bedacht | Zudem halten Sie die vorgegebenen Arbeits- und Sicherheitsvorschriften ein | Sehr gute Deutschkenntnisse in Wort und Schrift (mindestens B2-Niveau),,5,,https://karriere.erler-klinik.de/stellen-bewerbung/stellenangebote/detail/pflegefachhelfer-m-w-d/
Kliniken Dr. Erler,Nürnberg,Intensivstation,Pflegefachkraft (m/w/d) für den Nachtdienst auf der Intensivstation,fachweiterbildung,,Attraktive Vergütung nach TVöD/VKA inkl. Sozialleistungen,unklar,,vollzeit_teilzeit,"Eine erfolgreich abgeschlossene dreijährige Berufsausbildung zum Gesundheits- und Krankenpfleger mit Intensiverfahrung (m/w/d) | Idealerweise eine abgeschlossene Fachweiterbildung in der Intensiv- und Anästhesiepflege bzw. die Bereitschaft diese zu absolvieren | Verantwortungsbewusstsein, Sozialkompetenz und kooperative Zusammenarbeit mit anderen Berufsgruppen | Körperliche und geistige Belastbarkeit, Organisationstalent und Flexibilität | Interesse und Bereitschaft zur aktiven Mitgestaltung prozessorientierter Arbeitsabläufe | Offenheit für digitale Dokumentation sowie umfassendes Wissen im Dokumentationswesen | Kenntnisse im Wundmanagement | Sehr gute Deutschkenntnisse in Wort und Schrift (mindestens B2-Niveau)",,5,,https://karriere.erler-klinik.de/stellen-bewerbung/stellenangebote/detail/pflegefachkraft-m-w-d-fuer-den-nachtdienst-auf-der-intensivstation/
Kliniken Dr. Erler,Nürnberg,Intensivstation,Pflegefachkraft (m/w/d) für die Intensivstation,fachweiterbildung,,Attraktive Vergütung nach TVöD/VKA inkl. Sozialleistungen,unklar,,vollzeit_teilzeit,"Eine erfolgreich abgeschlossene dreijährige Berufsausbildung zum Gesundheits- und Krankenpfleger (m/w/d) | Idealerweise eine abgeschlossene Fachweiterbildung in der Intensiv- und Anästhesiepflege bzw. die Bereitschaft diese zu absolvieren | Verantwortungsbewusstsein, Sozialkompetenz und kooperative Zusammenarbeit mit anderen Berufsgruppen | Körperliche und geistige Belastbarkeit, Organisationstalent und Flexibilität | Interesse und Bereitschaft zur aktiven Mitgestaltung prozessorientierter Arbeitsabläufe | Offenheit für digitale Dokumentation sowie umfassendes Wissen im Dokumentationswesen | Kenntnisse im Wundmanagement | Sehr gute Deutschkenntnisse in Wort und Schrift (mindestens B2-Niveau)",,5,,https://karriere.erler-klinik.de/stellen-bewerbung/stellenangebote/detail/pflegefachkraft-m-w-d-fuer-die-intensivstation/
Kliniken Dr. Erler,Nürnberg,,Staatlich anerkannte Altenpfleger (m/w/d),pflegefachkraft,,Attraktive Vergütung nach TVöD/VKA inkl. Sozialleistungen,unklar,,vollzeit_teilzeit,"Eine abgeschlossene Ausbildung zur Altenpflegefachkraft (m/w/d) | Erfahrung im Umgang mit geriatrischen Patienten | Wochenend- und Schichtdienst zu den vollen Schichtzeiten | Verantwortungsbewusstsein, Sozialkompetenz und kooperative Zusammenarbeit mit anderen Berufsgruppen | Organisationstalent und Flexibilität | Kenntnisse im Wundmanagement | Sehr gute Deutschkenntnisse in Wort und Schrift (mindestens B2-Niveau)",,5,,https://karriere.erler-klinik.de/stellen-bewerbung/stellenangebote/detail/staatlich-anerkannte-altenpfleger-m-w-d/
Klinikum Altmühlfranken Weißenburg,Weißenburg in Bayern,Chirurgie Station 12 mit vier IMC-Betten,Pflegefachkraft Chirurgie Station 12 mit vier IMC-Betten (m/w/d) Standort: Weißenburg in Bayern Mehr erfahren,pflegefachkraft,P 7,"leistungsorientiere, attraktive Vergütung sowie Jahressonderzahlung nach TVöD-K",unklar,,vollzeit_teilzeit,abgeschlossene Ausbildung als Pflegefachkraft (m/w/d) oder als Gesundheits- und Krankenpfleger/in (m/w/d) | erste Erfahrung in oben genanntem Ausbildungsberuf | ein hohes Maß an Teamfähigkeit | fachliche und soziale Kompetenz | hohe Eigenverantwortlichkeit,erste Erfahrung in oben genanntem Ausbildungsberuf,3,"Klinik über Stadt, nicht über Portal; Ort der Stelle nicht belegt",https://karriere.klinikum-altmuehlfranken.de/stellenangebote/pflegefachkraft-chirurgie-station-12-mit-vier-imc-betten-m-w-d/
Klinikum Aschaffenburg-Alzenau (Alzenau-Wasserlos),Alzenau in Unterfranken,Geriatrische Rehabilitation,Gesundheits- und Krankenpfleger / Altenpfleger Geriatrische Rehabilitation (m/w/d),pflegefachkraft,,,unklar,,Vollzeit oder Teilzeit (50%),"Ausbildung als Gesundheits- und Krankenpfleger oder Altenpfleger | IT-Kenntnisse (MS Office, Orbis)",Berufserfahrung von Vorteil,2,"Zuordnung aus dem vorherigen Lauf übernommen; Ort der Stelle nicht belegt; keine Belegzitate · pay_text auf der Seite nicht gefunden, geleert",https://jobs.klinikum-ab-alz.de/Job/3146/Gesundheits--und-Krankenpfleger---Altenpfleger-Geriatrische-Rehabilitation-(m-w-d)
Klinikum Aschaffenburg-Alzenau (Alzenau-Wasserlos),Alzenau,Geriatrische Rehabilitation,Pflegefachhelfer Geriatrische Rehabilitation (m/w/d),hilfskraft,,,unklar,,Vollzeit oder Teilzeit (mind. 50%),Abgeschlossene Ausbildung als Pflegefachhelfer,Berufserfahrung von Vorteil,3,"Zuordnung aus dem vorherigen Lauf übernommen; keine Belegzitate · pay_text auf der Seite nicht gefunden, geleert",https://jobs.klinikum-ab-alz.de/Job/3440/Pflegefachhelfer-Geriatrische-Rehabilitation-(m-w-d)
Klinikum Aschaffenburg-Alzenau (Alzenau-Wasserlos),Alzenau in Unterfranken,"Anästhesie, Intensivstation, Zentrale OP-Vorbereitung",Pflegefachkraft Anästhesie- und Intensivpflege (m/w/d),pflegefachkraft,,,unklar,,"Vollzeit oder Teilzeit (mind. 50%), unbefristet",Abgeschlossene Ausbildung als Pflegefachkraft | Bereitschaft zum Einsatz in allen drei Bereichen,Fachweiterbildung Anästhesie- und Intensivpflege wünschenswert; Berufserfahrung von Vorteil,2,"Zuordnung aus dem vorherigen Lauf übernommen; Ort der Stelle nicht belegt; keine Belegzitate · pay_text auf der Seite nicht gefunden, geleert",https://jobs.klinikum-ab-alz.de/Job/3340/Pflegefachkraft-Anaesthesie--und-Intensivpflege-(m-w-d)
Klinikum Aschaffenburg-Alzenau (Aschaffenburg),Aschaffenburg,,Mitarbeiter Pflegedienst in Vollzeit oder Teilzeit (m/w/d),pflegefachkraft,,,unklar,,Vollzeit oder Teilzeit,Abgeschlossene Ausbildung in einem Pflegefachberuf,Berufserfahrung im Krankenhaus von Vorteil,3,"Klinik nach Anzeigenort korrigiert; keine Belegzitate · pay_text auf der Seite nicht gefunden, geleert",https://jobs.klinikum-ab-alz.de/Job/313/Mitarbeiter-Pflegedienst-in-Vollzeit-oder-Teilzeit-(m-w-d)
Klinikum Aschaffenburg-Alzenau (Aschaffenburg),Aschaffenburg,"Anästhesie, Intensivstation, Zentrale OP-Vorbereitung (Standort Alzenau)",Pflegefachkraft Anästhesie- und Intensivpflege (m/w/d),pflegefachkraft,,"Vergütung nach TV-Ärzte/VKA bzw. TVöD (im TVöD inkl. Jahressonderzahlung, Arbeitsbefreiung zu besonderen Anlässen, Jubiläumsfreizeit und -zuwendung)",unklar,,"Vollzeit oder Teilzeit (mind. 50%), unbefristet",Abgeschlossene Ausbildung als Pflegefachkraft | Bereitschaft zum Einsatz in allen drei Bereichen,Fachweiterbildung Anästhesie- und Intensivpflege wünschenswert; Berufserfahrung Anästhesie/Intensiv von Vorteil,3,Zuordnung aus dem vorherigen Lauf übernommen; Ort der Stelle nicht belegt,https://jobs.klinikum-ab-alz.de/Job/3340
Klinikum Aschaffenburg-Alzenau (Aschaffenburg),Aschaffenburg,"Kardiologie, Rhythmologie, Nephrologie und Pneumologie (Innere Medizin)","Pflegefachkraft Kardiologie, Nephrologie, Pneumologie und Rhythmologie in Vollzeit oder Teilzeit (m/w/d)",pflegefachkraft,,"Vergütung nach TV-Ärzte/VKA bzw. TVöD (im TVöD inkl. Jahressonderzahlung, Arbeitsbefreiung zu besonderen Anlässen, Jubiläumsfreizeit und -zuwendung)",unklar,,"Vollzeit oder Teilzeit (mind. 25%), unbefristet","Erfolgreich abgeschlossene dreijährige Ausbildung als Pflegefachkraft | IT-Kenntnisse (MS Office, Orbis)",,3,Zuordnung aus dem vorherigen Lauf übernommen; Ort der Stelle nicht belegt,https://jobs.klinikum-ab-alz.de/Job/3423
Klinikum Aschaffenburg-Alzenau (Aschaffenburg),Aschaffenburg,Kurzliegerstation mit Telemetrie,Pflegefachkraft Kurzliegerstation mit Telemetrie in Vollzeit oder Teilzeit (m/w/d),pflegefachkraft,,"Vergütung nach TV-Ärzte/VKA bzw. TVöD (im TVöD inkl. Jahressonderzahlung, Arbeitsbefreiung zu besonderen Anlässen, Jubiläumsfreizeit und -zuwendung)",unklar,,"Vollzeit oder Teilzeit (mind. 50%), unbefristet","Erfolgreich abgeschlossene Ausbildung als Pflegefachkraft | sehr gute IT-Kenntnisse (MS Office, Orbis)",Mehrjährige einschlägige Berufserfahrung im o. g. Bereich von Vorteil,3,Zuordnung aus dem vorherigen Lauf übernommen; Ort der Stelle nicht belegt,https://jobs.klinikum-ab-alz.de/Job/3421
Klinikum Aschaffenburg-Alzenau (Aschaffenburg),Aschaffenburg,"Neonatologisch-pädiatrische Intensivstation (NEO-KITS), Perinatalzentrum Level 1",Pflegefachkraft neonatologisch-pädiatrische Intensivstation in Vollzeit oder Teilzeit (m/w/d),pflegefachkraft,,"Vergütung nach TV-Ärzte/VKA bzw. TVöD (im TVöD inkl. Jahressonderzahlung, Arbeitsbefreiung zu besonderen Anlässen, Jubiläumsfreizeit und -zuwendung) | Zulage in Höhe von bis zu 250,00 € (je nach Beschäftigungsumfang)",unklar,,"Vollzeit oder Teilzeit, unbefristet",Erfolgreich abgeschlossene Ausbildung als Pflegefachkraft mit Vertiefung Pädiatrie | Bereitschaft zur Teilnahme an der Fachweiterbildung pädiatrische Intensiv- und Anästhesiepflege,Berufserfahrung auf einer neonatologischen Intensivstation von Vorteil,4,Zuordnung aus dem vorherigen Lauf übernommen,https://jobs.klinikum-ab-alz.de/Job/3359
Klinikum Aschaffenburg-Alzenau (Aschaffenburg),Aschaffenburg,"Pädiatrische Intermediate Care Einheit (IMC), Klinik für Kinder- und Jugendmedizin",Pflegefachkraft pädiatrische IMC (Intermediate Care Einheit) in Vollzeit und Teilzeit (m/w/d),pflegefachkraft,,"Vergütung nach TV-Ärzte/VKA bzw. TVöD (im TVöD inkl. Jahressonderzahlung, Arbeitsbefreiung zu besonderen Anlässen, Jubiläumsfreizeit und -zuwendung)",unklar,,"Vollzeit oder Teilzeit, unbefristet",Erfolgreich abgeschlossene Ausbildung als Pflegefachkraft mit Vertiefung Pädiatrie,Berufserfahrung im Bereich Pädiatrie von Vorteil,4,Zuordnung aus dem vorherigen Lauf übernommen,https://jobs.klinikum-ab-alz.de/Job/3357
Klinikum Bamberg (Bruderwald),Bamberg,Operative Intensivstation mit IMC und Aufwachraum / PACU,Gesundheits- und Krankenpfleger (m/w/d) / Pflegefachmann / Pflegefachfrau für die operative Intensivstation mit IMC und Aufwachraum / PACU,fachweiterbildung,,Ein unbefristeter Arbeitsvertrag in Teil- und Vollzeit und leistungsgerechte Vergütung nach dem TVÖD,unklar,,"Vollzeit, Teilzeit; unbefristet","examinierte/r Gesundheits- und Krankenpfleger (w/m/d) bzw. Pflegefachmann/Pflegefachfrau mit Fachweiterbildung Intensiv- und Anästhesiepflege oder Bereitschaft, diese zu absolvieren",Fachweiterbildung Intensiv- und Anästhesiepflege (oder Bereitschaft dazu),4,Zuordnung aus dem vorherigen Lauf übernommen,https://sozialstiftung-bamberg.dvinci-easy.com/de/jobs/52093
Klinikum Bamberg (Bruderwald),Bamberg,Dialyse,Pflegefachkraft (m/w/d) Dialyse,pflegefachkraft,,,unklar,,"Vollzeit, Teilzeit; unbefristet",Abgeschlossene dreijährige Ausbildung zur examinierten Pflegefachkraft (m/w/d) | Bereitschaft zum 2-Schicht-Betrieb | Teilnahme am Bereitschaftsdienst,,3,Zuordnung aus dem vorherigen Lauf übernommen; keine Belegzitate,https://sozialstiftung-bamberg.dvinci-easy.com/de/jobs/52664
Klinikum Bamberg (Bruderwald),Bamberg,"Innere Medizin, Station 07EF",Pflegefachkraft (m/w/d) für den stationären Bereich der Inneren Medizin (Station 07EF),pflegefachkraft,,,unklar,,"Vollzeit, Teilzeit; unbefristet",Sie sind examinierte Pflegefachkraft | Arbeit im Drei-Schicht-System,,3,Zuordnung aus dem vorherigen Lauf übernommen; keine Belegzitate,https://sozialstiftung-bamberg.dvinci-easy.com/de/jobs/52667
Klinikum Bamberg (Bruderwald),Bamberg,Palliativstation,Pflegefachkraft (m/w/d) für die Palliativstation,pflegefachkraft,,,unklar,,"Vollzeit, Teilzeit; unbefristet",Dreijährig examinierte Pflegekraft (m/w/d) | Arbeit ausschließlich im Drei-Schicht-Modell | Bereitschaft zur Teilnahme an der Supervision,,3,Zuordnung aus dem vorherigen Lauf übernommen; keine Belegzitate,https://sozialstiftung-bamberg.dvinci-easy.com/de/jobs/52256
Klinikum Bamberg (Bruderwald),Bamberg,Neonatologische / pädiatrische Intensivstation 05 CD,Stellvertretende Stationsleitung (m/w/d) neonatologische/ pädiatrische Intensivstation 05 CD,leitung,,,unklar,,"Vollzeit, Teilzeit, Teilzeit ab 75%; unbefristet",Examinierter Gesundheits- und Krankenpfleger (m/w/d) | Fachweiterbildung Intensiv- und Anästhesiepflege,Mehrjährige Berufserfahrung sowie die Fachweiterbildung Intensiv- und Anästhesiepflege; Leitungs- und Managementerfahrung wünschenswert,3,Zuordnung aus dem vorherigen Lauf übernommen; keine Belegzitate,https://sozialstiftung-bamberg.dvinci-easy.com/de/jobs/52655
Klinikum Bamberg (Michelsberg),Bamberg,Allgemein- und Viszeralchirurgie (stationär),Examinierte Pflegefachkraft (m/w/d) für den stationären Bereich mit den Schwerpunkten Allgemein- und Viszeralchirurgie,pflegefachkraft,,,nein,,"befristet; Vollzeit, Teilzeit",examinierte Pflegefachkraft | Drei-Schicht-System,,3,Zuordnung aus dem vorherigen Lauf übernommen; keine Belegzitate,https://sozialstiftung-bamberg.dvinci-easy.com/de/jobs/10700/examinierte-pflegefachkraft-mwd-fur-den-stationaren-bereich-mit-den-schwerpunkten-allgemein-und-viszeralchirurgie
Klinikum Bamberg (Michelsberg),Bamberg,Unfallchirurgische Station (Orthopädie und Unfallchirurgie),Examinierte Pflegefachkraft (m/w/d) für die unfallchirurgische Station,pflegefachkraft,,,nein,,"Vollzeit, Teilzeit",examinierte Pflegefachkraft | Drei-Schicht-System,,3,Zuordnung aus dem vorherigen Lauf übernommen; keine Belegzitate,https://sozialstiftung-bamberg.dvinci-easy.com/de/jobs/10701/examinierte-pflegefachkraft-mwd-fur-die-unfallchirurgische-station
Klinikum Bamberg (Michelsberg),Bamberg,Operative Intensivstation mit IMC und Aufwachraum / PACU,Gesundheits- und Krankenpfleger (m/w/d) / Pflegefachmann / Pflegefachfrau für die operative Intensivstation mit IMC und Aufwachraum / PACU,fachweiterbildung,,Ein unbefristeter Arbeitsvertrag in Teil- und Vollzeit und leistungsgerechte Vergütung nach dem TVÖD,nein,,"Vollzeit, Teilzeit","examinierte/r Gesundheits- und Krankenpfleger bzw. Pflegefachmann/Pflegefachfrau mit Fachweiterbildung Intensiv- und Anästhesiepflege oder Bereitschaft, diese zu absolvieren",Fachweiterbildung Intensiv- und Anästhesiepflege (oder Bereitschaft),4,Zuordnung aus dem vorherigen Lauf übernommen,https://sozialstiftung-bamberg.dvinci-easy.com/de/jobs/52093/gesundheits-und-krankenpfleger-mwd-pflegefachmann-pflegefachfrau-fur-die-operative-intensivstation-mit-imc-und-aufwachraum-pacu
Klinikum Bamberg (Michelsberg),Bamberg,Anästhesiefunktionsdienst / Zentral-OP Klinikum am Bruderwald,Gesundheits- und Krankenpfleger / Anästhesietechnische Assistenten (m/w/d) Anästhesiefunktionsdienst,pflegefachkraft,,Bezahlung nach TvÖD,nein,,Vollzeit,examinierte/r Gesundheits- und Krankenpfleger*in,,4,Zuordnung aus dem vorherigen Lauf übernommen,https://sozialstiftung-bamberg.dvinci-easy.com/de/jobs/10688/gesundheits-und-krankenpfleger-anasthesietechnische-assistenten-mwd-anasthesiefunktionsdienst
Klinikum Bamberg (Michelsberg),Bamberg,Palliativstation,Pflegefachkraft (m/w/d) für die Palliativstation,pflegefachkraft,,,nein,,"Vollzeit, Teilzeit",Dreijährig examinierte Pflegekraft (m/w/d) | Arbeit ausschließlich im Drei-Schicht-Modell,,3,Zuordnung aus dem vorherigen Lauf übernommen; keine Belegzitate,https://sozialstiftung-bamberg.dvinci-easy.com/de/jobs/52256/pflegefachkraft-mwd-fur-die-palliativstation
Klinikum Bayreuth,Bayreuth,Anästhesie im MZV MedCenter Bayreuth,ATA / Pflegefachkraft für die Anästhesie im MZV MedCenter Bayreuth (m/w/d),ota_ata,,"Finanzielle Vorteile: Tarifvertraglich geregelte Vergütung, Jahressonderzahlung, Arbeitgeberzuschuss zu vermögenswirksamen Leistungen, regionale und überregionale Vergünstigungen, Corporate Benefits",unklar,,vollzeit_teilzeit,Erfolgreich abgeschlossene Ausbildung als Anästhesietechnischer Assistent (ATA) (m/w/d) oder als Pflegefachkraft (m/w/d) mit erfolgreich abgeschlossener Fachweiterbildung mit Schwerpunkt Anästhesie und Intensivpflege | Aufgeschlossene und positive Einstellung zum vorgesehenen Arbeitsbereich sowie eine hohe Leistungsbereitschaft und Flexibilität | Ausgeprägte Teamfähigkeit und die Bereitschaft zur Zusammenarbeit mit anderen Berufsgruppen,,5,,https://karriere.klinikum-bayreuth.de/jobs/63804054/ATA-Pflegefachkraft-f%C3%BCr-die-An%C3%A4sthesie-im-MZV-MedCenter-Bayreuth-m-w-d-/
Klinikum Bayreuth,Bayreuth,,Advanced Practice Nurse / APN (m/w/d),unklar,,"Finanzielle Vorteile: Tarifvertraglich geregelte Vergütung, Jahressonderzahlung, betriebliche Altersvorsorge, Arbeitgeberzuschuss zu vermögenswirksamen Leistungen, regionale und überregionale Vergünstigungen, Corporate Benefits",unklar,,vollzeit_teilzeit,"Abgeschlossenes Masterstudium in Advanced Nursing Practice, Pflegewissenschaft oder einem vergleichbaren Bereich | Mehrjährige Berufserfahrung in der direkten Pflege | Erfahrung in der Umsetzung evidenzbasierter Pflegepraxis oder in Versorgungsprojekten | Fundiertes Fachwissen in einem spezialisierten Bereich sowie Sicherheit im Umgang mit komplexen Pflegeprozessen | Kommunikationsstärke und Teamfähigkeit im interprofessionellen Umfeld | Bereitschaft zur bereichsübergreifenden Tätigkeit sowie hohe Eigenverantwortung und Innovationsfreude",Mehrjährige Berufserfahrung in der direkten Pflege,5,,https://karriere.klinikum-bayreuth.de/jobs/63963533/Advanced-Practice-Nurse-APN-m-w-d-/
Klinikum Bayreuth,Bayreuth,Herzkatheterlabor,"Medizinischer Fachangestellter, Pflegefachkraft oder Notfallsanitäter (m/w/d) für das Herzkatheterlabor",pflegefachkraft,,Sie übernehmen eine verantwortungsvolle und herausfordernde Aufgabe in einem Krankenhaus der Maximalversorgung mit einer der Tätigkeit angemessenen Vergütung und einer Jahressonderzahlung.,,,vollzeit_teilzeit,"Sie besitzen einen erfolgreichen Abschluss in einem einschlägigen medizinischen Gesundheitsberuf (Pflegefachkraft (m/w/d), Medizinischer Fachangestellter (m/w/d), Rettungsassistent (m/w/d ) oder Notfallsanitäter (m/w/d)). | Sie haben Interesse an der Notfallmedizin (Erfahrung im Rettungsdienst, auf Intensivstation, in der Notaufnahme oder in der Beatmung ist vorteilhaft). | Die Teilnahme an Früh- und Spätschicht sowie an der Rufbereitschaft ist für Sie möglich. | Eine exakte und strukturierte Arbeitsweise, Verantwortungsbewusstsein, Zuverlässigkeit, Teamfähigkeit und Belastbarkeit zeichnen Sie aus. | Sie haben keine Einschränkungen bezüglich einer Tätigkeit im Röntgenbereich und Tragen der Röntgenschutzkleidung.",,5,,"https://karriere.klinikum-bayreuth.de/jobs/50709213/Medizinischer-Fachangestellter,-Pflegefachkraft-oder-Notfallsanit%C3%A4ter-m-w-d-f%C3%BCr-das-Herzkatheterlabor/"
Klinikum Bayreuth,Bayreuth,Herz-OP,OTA / OP Pflegefachkraft für den Herz-OP (m/w/d),ota_ata,,"Finanzielle Vorteile: Tarifvertraglich geregelte Vergütung, Jahressonderzahlung, betriebliche Altersvorsorge, Arbeitgeberzuschuss zu vermögenswirksamen Leistungen, regionale und überregionale Vergünstigungen, Corporate Benefits",unklar,,,"Interesse an der Herzchirurgie | Abgeschlossene Ausbildung als Operationstechnischer Assistent (OTA) (m/w/d), Pflegefachkraft (m/w/d) mit abgeschlossener Fachweiterbildung OP-Pflege oder Pflegefachkraft (m/w/d) mit Bereitschaft eine Fachweiterbildung berufsbegleitend zu absolvieren | Wünschenswert: Erste Erfahrung im OP-Umfeld | Teamgeist, Eigeninitiative, Besonnenheit und Durchsetzungsvermögen | Professionelle Arbeitsweise und Freude am Umgang mit Patienten",Wünschenswert: Erste Erfahrung im OP-Umfeld,5,,https://karriere.klinikum-bayreuth.de/jobs/64487863/OTA-OP-Pflegefachkraft-f%C3%BCr-den-Herz-OP-m-w-d-/
Klinikum Bayreuth,Bayreuth,Herz-OP,OTA / Operationstechnischer Assistent / OP-Pflegefachkraft (m/w/d),ota_ata,,"Finanzielle Vorteile: Tarifvertraglich geregelte Vergütung, Jahressonderzahlung, betriebliche Altersvorsorge, Arbeitgeberzuschuss zu vermögenswirksamen Leistungen, regionale und überregionale Vergünstigungen, Corporate Benefits",,,vollzeit_teilzeit,"Abgeschlossene Ausbildung als Operationstechnischer Assistent (OTA) (m/w/d), Pflegefachkraft (m/w/d) mit abgeschlossener Fachweiterbildung OP-Pflege oder Pflegefachkraft (m/w/d) mit Bereitschaft eine Fachweiterbildung berufsbegleitend zu absolvieren | Teamgeist, Eigeninitiative, Besonnenheit und Durchsetzungsvermögen | Professionelle Arbeitsweise und Freude am Umgang mit Patienten",,5,,https://karriere.klinikum-bayreuth.de/jobs/61794572/OTA-Operationstechnischer-Assistent-OP-Pflegefachkraft-m-w-d-/
Klinikum Bayreuth,Bayreuth,OP-Pflege,Operationstechnischen Assistenten (OTA) oder Pflegefachkraft mit oder ohne Fachweiterbildung für die OP-Pflege (m/w/d) (mit Option auf 4-Tage-Woche),ota_ata,,Sie übernehmen eine verantwortungsvolle und herausfordernde Aufgabe in einem Krankenhaus der Maximalversorgung mit einer der Tätigkeit angemessenen Vergütung und einer Jahressonderzahlung.,,,vollzeit_teilzeit,"Sie haben eine abgeschlossene Ausbildung als Operationstechnischer Assistent (OTA) (m/w/d) oder eine Fachweiterbildung als Pflegekraft (m/w/d) für die OP-Pflege erfolgreich abgeschlossen bzw. besitzen die Bereitschaft, diese zeitnah zu absolvieren. | Eine Zusatzqualifikation Operationsdienst oder die Bereitschaft, an einer berufsbegleitenden Weiterbildung teilzunehmen ist wünschenswert. | Sie leben den richtigen Mix aus Teamgeist, Eigeninitiative, Besonnenheit und Durchsetzungsvermögen – intensive Zusammenarbeit mit anderen Berufsgruppen ist hier Alltag. | Eine professionelle Arbeitsweise, sowie Freude am Umgang mit unseren Patienten.",,5,,https://karriere.klinikum-bayreuth.de/jobs/57704013/Operationstechnischen-Assistenten-OTA-oder-Pflegefachkraft-mit-oder-ohne-Fachweiterbildung-f%C3%BCr-die-OP-Pflege-m-w-d-mit-Option-auf-4-Tage-Woche-/
Klinikum Bayreuth,Bayreuth,IMC,Pflegefachkraft (m/w/d) für die IMC in der Betriebsstätte Klinikum,pflegefachkraft,,Sie übernehmen eine verantwortungsvolle und herausfordernde Aufgabe in einem Krankenhaus der Maximalversorgung mit einer der Tätigkeit angemessenen Vergütung und einer Jahressonderzahlung sowie umfassender Einarbeitung.,,,,"Sie haben eine Ausbildung als Gesundheits- und Krankenpfleger (m/w/d) oder Pflegefachkraft (m/w/d) erfolgreich abgeschlossen. | Sie verfügen über die Zusatzqualifikation IMC oder haben die Bereitschaft, an einer berufsbegleitenden Weiterbildung teilzunehmen. | Idealerweise verfügen Sie über mehrere Jahre Berufserfahrung im akutstationären Bereich. | Sie sind körperlich und psychisch belastbar. | Durch Ihre ausgeprägte Teamfähigkeit fügen Sie sich gut in das bestehende Team ein.",,5,,https://karriere.klinikum-bayreuth.de/jobs/50417583/Pflegefachkraft-m-w-d-f%C3%BCr-die-IMC-in-der-Betriebsst%C3%A4tte-Klinikum/
Klinikum Bayreuth,Bayreuth,Klinik für Schädel-/Hirnverletzte/ Neurologische Frührehabilitation Phase B,Pflegefachkraft (m/w/d) für die Klinik für Schädel-Hirn-Verletzte/ Neurorehabilitation Phase B,pflegefachkraft,,Sie übernehmen eine verantwortungsvolle und herausfordernde Aufgabe in einem Krankenhaus der Maximalversorgung mit einer der Tätigkeit angemessenen Vergütung und einer Jahressonderzahlung.,unklar,,,Sie haben eine erfolgreich abgeschlossene Berufsausbildung als Gesundheits- und Krankenpfleger (m/w/d) oder Pflegefachkraft (m/w/d). | Sie verfügen über sehr gutes Fachwissen. | Sie sind körperlich und psychisch belastbar. | Die Patientenorientierung ist für Sie eine Selbstverständlichkeit. | Durch Ihre ausgeprägte Teamfähigkeit fügen Sie sich gut in das bestehende Team ein. | Sie verfügen über die Bereitschaft im Rahmen der geltenden Schichtmodelle eingesetzt zu werden.,,5,,https://karriere.klinikum-bayreuth.de/jobs/43045758/Pflegefachkraft-m-w-d-f%C3%BCr-die-Klinik-f%C3%BCr-Sch%C3%A4del-Hirn-Verletzte-Neurorehabilitation-Phase-B/
Klinikum Bayreuth,Bayreuth,,Pflegefachkraft (m/w/d) für die Tätigkeit als Dauernachtwache,pflegefachkraft,,Sie übernehmen eine verantwortungsvolle und herausfordernde Aufgabe in einem Krankenhaus der Maximalversorgung mit einer der Tätigkeit angemessenen Vergütung und einer Jahressonderzahlung.,unklar,,,Sie verfügen über eine erfolgreich abgeschlossene Ausbildung als Gesundheits- u. Krankenpfleger (m/w/d) oder als Gesundheits- und Kinderkrankenpfleger (m/w/d). | Sie verfügen über sehr gutes Fachwissen und arbeiten patientenorientiert | Sie sind körperlich und psychisch belastbar und haben die Bereitschaft und gesundheitliche Eignung zur überwiegenden Verrichtung von | Nachtdiensten in verschiedenen Arbeitszeitmodellen. | Sie besitzen eine ausgeprägte Teamfähigkeit und Flexibilität.,,5,,https://karriere.klinikum-bayreuth.de/jobs/44358147/Pflegefachkraft-m-w-d-f%C3%BCr-die-T%C3%A4tigkeit-als-Dauernachtwache-/
Klinikum Bayreuth,Bayreuth,onkologische Stationen,Pflegefachkraft (m/w/d) für die onkologischen Stationen,fachweiterbildung,,Sie übernehmen eine verantwortungsvolle und herausfordernde Aufgabe in einem Krankenhaus der Maximalversorgung mit einer der Tätigkeit angemessenen Vergütung und einer Jahressonderzahlung.,,,,"Sie verfügen über eine erfolgreich abgeschlossene Berufsausbildung als Pflegefachkraft (m/w/d) . | Wir freuen uns, wenn Sie bereits eine abgeschlossene Fachweiterbildung in der onkologischen Fachpflege haben. | Berufserfahrung auf einer onkologischen Station wäre wünschenswert. | Ein sicherer Umgang mit den gängigen EDV-Anwendungen und Krankenhausdokumentationssystemen ist für Sie selbstverständlich. | Eine gute körperliche und psychische Belastbarkeit sowie Selbstständigkeit, Eigeninitiative und Teamfähigkeit runden Ihr Profil ab.",,5,,https://karriere.klinikum-bayreuth.de/jobs/58607595/Pflegefachkraft-m-w-d-f%C3%BCr-die-onkologischen-Stationen/
Klinikum Bayreuth,Bayreuth,,Pflegefachkraft (m/w/d) initiativ,pflegefachkraft,,Sie übernehmen eine verantwortungsvolle und herausfordernde Aufgabe in einem Krankenhaus der Maximalversorgung mit einer der Tätigkeit angemessenen Vergütung und einer Jahressonderzahlung.,unklar,,vollzeit_teilzeit,Sie haben eine erfolgreich abgeschlossene Ausbildung als Gesundheits- und Kinderkrankenpfleger (m/w/d) oder als Pflegefachkraft (m/w/d) | mit pädiatrischer Vertiefung. | Ihnen liegt ein sicherer Umgang mit den gängigen EDV-Anwendungen und Krankenhausdokumentationssystemen. | Sie arbeiten selbstständig sowie engagiert und zeigen Eigeninitiative. | Sie verfügen über ein gewisses Maß an Flexibilität.,,5,,https://karriere.klinikum-bayreuth.de/jobs/44353382/Pflegefachkraft-m-w-d-initiativ/
Klinikum Bayreuth,Bayreuth,Wund- und Stomamanagement,Pflegefachkraft Wund- und Stomamanagement (m/w/d),pflegefachkraft,,"finanzielle Vorteile: Tarifvertraglich geregelte Vergütung, Jahressonderzahlung, betriebliche Altersvorsorge, Arbeitgeberzuschuss zu vermögenswirksamen Leistungen, regionale und überregionale Vergünstigungen, Corporate Benefits",unklar,,teilzeit,erfolgreich abgeschlossene Ausbildung zur Pflegefachkraft (m/w/d) oder examinierter Gesundheits- und Krankenpfleger (m/w/d) mit mehrjähriger Berufserfahrung im Wund- und Stomamanagement | Bereitschaft zur permanenten Fortbildung der eigenen Qualifikation | Weiterbildung zum Wundexperten ICW oder eine vergleichbare Weiterbildung im Wundmanagement | Team- und Kommunikationsfähigkeit sowie Flexibilität,mit mehrjähriger Berufserfahrung im Wund- und Stomamanagement,5,,https://karriere.klinikum-bayreuth.de/jobs/65425026/Pflegefachkraft-Wund--und-Stomamanagement-m-w-d-/
Klinikum Bayreuth,Bayreuth,Intensivstation,Pflegefachkraft für die Intensivstation (m/w/d),fachweiterbildung,,"Finanzielle Vorteile: Tarifvertraglich geregelte Vergütung, Jahressonderzahlung, betriebliche Altersvorsorge, Arbeitgeberzuschuss zu vermögenswirksamen Leistungen, regionale und überregionale Vergünstigungen, Corporate Benefits",,,vollzeit_teilzeit,Ausbildung als Gesundheits- und Krankenpfleger (m/w/d) oder Pflegefachkraft (m/w/d) | Zusatzqualifikation Anästhesie- und Intensivpflege | Bereitschaft bei fehlender Zusatzqualifikation an einer berufsbegleitenden Weiterbildung teilzunehmen | Idealerweise Berufserfahrung auf einer Intensivstation | Körperliche und psychische Belastbarkeit | Ausgeprägte Teamfähigkeit,,5,,https://karriere.klinikum-bayreuth.de/jobs/61795747/Pflegefachkraft-f%C3%BCr-die-Intensivstation-m-w-d-/
Klinikum Bayreuth,Bayreuth,Notaufnahme,Pflegefachkraft für die Notaufnahme (m/w/d),pflegefachkraft,,Sie übernehmen eine verantwortungsvolle und herausfordernde Aufgabe in einem Krankenhaus der Maximalversorgung mit einer der Tätigkeit angemessenen Vergütung und einer Jahressonderzahlung.,ja,Gerne unterstützen wir Sie bei der persönlichen Wohnraumsuche.,vollzeit_teilzeit,Sie haben eine erfolgreich abgeschlossene Berufsausbildung zur Pflegefachkraft (m/w/d) bzw. zum Gesundheits- und Krankenpfleger (m/w/d) oder zum Notfallsanitäter (m/w/d). | Idealerweise verfügen Sie bereits über Erfahrung in der Notfallpflege. | Sie besitzen eine hohes Maß an Teamfähigkeit und Verantwortungsbewusstsein. | Sie verfügen über hohe soziale sowie emotionale Kompetenz.,,5,,https://karriere.klinikum-bayreuth.de/jobs/63154819/Pflegefachkraft-f%C3%BCr-die-Notaufnahme-m-w-d-/
Klinikum Bayreuth,Bayreuth,Springerpool,Pflegefachkräfte (m/w/d) Springerpool,pflegefachkraft,,Sie übernehmen eine verantwortungsvolle und herausfordernde Aufgabe in einem Krankenhaus der Maximalversorgung mit einer der Tätigkeit angemessenen Vergütung und einer Jahressonderzahlung.,unklar,,vollzeit_teilzeit,Sie haben eine erfolgreich abgeschlossene Ausbildung zur Pflegefachkraft (m/w/d) bzw. zum Gesundheits- und Krankenpfleger (m/w/d). | Sie verfügen über sehr gutes Fachwissen. | Sie haben eine hohe Bereitschaft fachabteilungsübergreifend und interdisziplinär zu arbeiten. | Sie sind psychisch und physisch belastbar. | Teamarbeit ist Ihr Ding! | Sie integrieren sich leicht in unterschiedliche Teams.,,5,,https://karriere.klinikum-bayreuth.de/jobs/44355312/Pflegefachkr%C3%A4fte-m-w-d-Springerpool-/
Klinikum Bayreuth,Bayreuth,OP,Pflegefachkräfte (m/w/d) für den OP oder Operationstechnische Assistenten (m/w/d) aus Nicht-EU Staaten zur Anerkennung in Deutschland,ota_ata,,Sie übernehmen eine verantwortungsvolle und herausfordernde Aufgabe in einem Krankenhaus der Maximalversorgung mit einer der Tätigkeit angemessenen Vergütung und einer Jahressonderzahlung.,,,vollzeit,"Sie besitzen einen staatlich anerkannten Abschluss zum Operationstechnischen Assistenten (m/w/d) oder zur Pflegefachkraft (m/w/d) Ihres Herkunftslandes. | Sie sind bereit, mindestens 29 Stunden pro Woche Schichtdienst im OP zu arbeiten. | Idealerweise verfügen Sie bereits über mehrere Jahre Berufserfahrung in Ihrem Heimatland. | Ihre Fähigkeiten der deutschen Sprache können Sie durch ein entsprechendes B1 Zertifikat (TELC) nachweisen. | Außerdem besitzen Sie bereits einen entsprechenden Defizitbescheid. | Idealerweise haben Sie ersten Wohnsitz bereits in Deutschland.",,5,,https://karriere.klinikum-bayreuth.de/jobs/45284652/Pflegefachkr%C3%A4fte-m-w-d-f%C3%BCr-den-OP-oder-Operationstechnische-Assistenten-m-w-d-aus-Nicht-EU-Staaten-zur-Anerkennung-in-Deutschland/
Klinikum Bayreuth,Bayreuth,Aufnahmestation/Chest Pain Unit,Pflegefachkräfte (m/w/d) für die Aufnahmestation/Chest Pain Unit,pflegefachkraft,,Sie übernehmen eine verantwortungsvolle und herausfordernde Aufgabe in einem Krankenhaus der Maximalversorgung mit einer der Tätigkeit angemessenen Vergütung und einer Jahressonderzahlung.,,,,Sie haben eine erfolgreich abgeschlossene Berufsausbildung als Pflegefachkraft (m/w/d) oder Gesundheits- und Krankenpfleger (m/w/d). | Sie verfügen über sehr gutes Fachwissen. | Die Patientenorientierung ist für Sie eine Selbstverständlichkeit. | Ihre hohe Leistungsbereitschaft und Flexibilität zeichnen Sie aus. | Durch Ihre ausgeprägte Teamfähigkeit fügen Sie sich gut in das bestehende Team ein.,,5,,https://karriere.klinikum-bayreuth.de/jobs/44362667/Pflegefachkr%C3%A4fte-m-w-d-f%C3%BCr-die-Aufnahmestation-Chest-Pain-Unit/
Klinikum Bayreuth,Bayreuth,Geriatrie,Pflegefachkräfte (m/w/d) für die Geriatrie,pflegefachkraft,,Eine verantwortungsvolle und herausfordernde Aufgabe in einem Krankenhaus der Maximalversorgung mit einer angemessenen Vergütung,unklar,,,"Sie haben eine erfolgreich abgeschlossene Berufsausbildung als Gesundheits- und Krankenpfleger (m/w/d), Pflegefachkraft (m/w/d) oder Altenpfleger (m/w/d). | Sie verfügen über sehr gutes Fachwissen. | Sie sind körperlich und psychisch belastbar. | Die Patientenorientierung ist für Sie eine Selbstverständlichkeit. | Durch Ihre ausgeprägte Teamfähigkeit fügen Sie sich gut in das bestehende Team ein. | Sie verfügen über die Bereitschaft im Rahmen der geltenden Schichtmodelle eingesetzt zu werden.",,5,,https://karriere.klinikum-bayreuth.de/jobs/43526883/Pflegefachkr%C3%A4fte-m-w-d-f%C3%BCr-die-Geriatrie/
Klinikum Bayreuth,Bayreuth,Gynäkologie,Pflegefachkräfte (m/w/d) für die Gynäkologie,fachweiterbildung,,Sie übernehmen eine verantwortungsvolle und herausfordernde Aufgabe in einem Krankenhaus der Maximalversorgung mit einer der Tätigkeit angemessenen Vergütung und einer Jahressonderzahlung.,unklar,,,"Sie besitzen eine erfolgreich abgeschlossene Berufsausbildung als Pflegefachkraft (m/w/d), Gesundheits- und Krankenpfleger (m/w/d) | oder Gesundheits- und Kinderkrankenpfleger (m/w/d). | Sie verfügen über eine abgeschlossene Fachweiterbildung in der onkologischen Fachpflege bzw. die Bereitschaft diese nachzuholen. | Idealerweise bringen Sie bereits mehrjährige Berufserfahrung auf einer gynäkologischen Abteilung mit. | Der sicherer Umgang mit den gängigen EDV-Anwendungen und Krankenhausdokumentationssystemen ist für Sie selbstverständlich. | Sie verfügen über eine gute körperliche und psychische Belastbarkeit. | Selbstständigkeit, Eigeninitiative und Engagement, Flexibilität zeichnen Sie aus.",Idealerweise bringen Sie bereits mehrjährige Berufserfahrung auf einer gynäkologischen Abteilung mit.,5,,https://karriere.klinikum-bayreuth.de/jobs/44345102/Pflegefachkr%C3%A4fte-m-w-d-f%C3%BCr-die-Gyn%C3%A4kologie/
Klinikum Bayreuth,Bayreuth,Kardiologie,Pflegefachkräfte (m/w/d) für die Kardiologie,pflegefachkraft,,Sie übernehmen eine verantwortungsvolle und herausfordernde Aufgabe in einem Krankenhaus der Maximalversorgung mit einer der Tätigkeit angemessenen Vergütung und einer Jahressonderzahlung.,unklar,,,Sie verfügen über eine erfolgreich abgeschlossene Berufsausbildung als Gesundheits- und Krankenpfleger (m/w/d) oder als Pflegefachkraft (m/w/d). | Idealerweise konnten Sie bereits Berufserfahrung in der Kardiologie sammeln. | Sie verfügen über gutes Fachwissen. | Sie sind körperlich und psychisch belastbar. | Die Patientenorientierung ist für Sie selbstverständlich. | Sie sind ein Teamplayer! | Sie haben die Bereitschaft im Rahmen der geltenden Schichtmodelle eingesetzt zu werden.,Idealerweise konnten Sie bereits Berufserfahrung in der Kardiologie sammeln.,5,,https://karriere.klinikum-bayreuth.de/jobs/44343202/Pflegefachkr%C3%A4fte-m-w-d-f%C3%BCr-die-Kardiologie/
Klinikum Bayreuth,Bayreuth,Klinik für Querschnittgelähmte,Pflegefachkräfte (m/w/d) für die Klinik für Querschnittgelähmte,pflegefachkraft,,Sie übernehmen eine verantwortungsvolle und herausfordernde Aufgabe in einem Krankenhaus der Maximalversorgung mit einer der Tätigkeit angemessenen Vergütung und einer Jahressonderzahlung.,unklar,,,"Sie verfügen über eine erfolgreich abgeschlossene Berufsausbildung zur Pflegefachkraft (m/w/d) bzw. zum Gesundheits- und Krankenpfleger (m/w/d). | Sie sind physisch und psychisch belastbar. | Einem komplexen pflegerischen Behandlungsfeld treten Sie aufgeschlossen gegenüber. | Teamarbeit ist Ihr Ding! | Zudem zeichnet Sie Ihr Engagement, Ihre Selbstständigkeit und Ihre Eigeninitiative aus!",,5,,https://karriere.klinikum-bayreuth.de/jobs/43471341/Pflegefachkr%C3%A4fte-m-w-d-f%C3%BCr-die-Klinik-f%C3%BCr-Querschnittgel%C3%A4hmte/
Klinikum Bayreuth,Bayreuth,Nephrologie,Pflegefachkräfte (m/w/d) für die Nephrologie,fachweiterbildung,,Sie übernehmen eine verantwortungsvolle und herausfordernde Aufgabe in einem Krankenhaus der Maximalversorgung mit einer der Tätigkeit angemessenen Vergütung und einer Jahressonderzahlung.,unklar,,,"Sie verfügen über eine erfolgreich abgeschlossene Berufsausbildung als Gesundheits- und Krankenpfleger (m/w/d) bzw. als Pflegefachkraft (m/w/d), | vorzugsweise mit Fachweiterbildung Nephrologie oder haben die Bereitschaft diese nachzuholen. | Sie sind körperlich und psychisch belastbar. | Die Patientenorientierung ist für Sie selbstverständlich. | Sie sind ein Teamplayer! | Sie haben die Bereitschaft im Rahmen der geltenden Schichtmodelle eingesetzt zu werden.",,5,,https://karriere.klinikum-bayreuth.de/jobs/44343987/Pflegefachkr%C3%A4fte-m-w-d-f%C3%BCr-die-Nephrologie/
Klinikum Bayreuth,Bayreuth,Neurochirurgie,Pflegefachkräfte (m/w/d) für die Neurochirurgie,pflegefachkraft,,Eine verantwortungsvolle und herausfordernde Aufgabe in einem Krankenhaus der Maximalversorgung mit einer angemessenen Vergütung.,,,,Sie haben eine erfolgreich abgeschlossene Berufsausbildung als Gesundheits- und Krankenpfleger (m/w/d) oder Pflegefachkraft (m/w/d). | Sie verfügen über sehr gutes Fachwissen. | Sie sind körperlich und psychisch belastbar. | Die Patientenorientierung ist für Sie eine Selbstverständlichkeit. | Durch Ihre ausgeprägte Teamfähigkeit fügen Sie sich gut in das bestehende Team ein. | Sie verfügen über die Bereitschaft im Rahmen der geltenden Schichtmodelle eingesetzt zu werden.,,5,,https://karriere.klinikum-bayreuth.de/jobs/42897925/Pflegefachkr%C3%A4fte-m-w-d-f%C3%BCr-die-Neurochirurgie/
Klinikum Bayreuth,Bayreuth,Neurologie,Pflegefachkräfte (m/w/d) für die Neurologie,pflegefachkraft,,Eine verantwortungsvolle und herausfordernde Aufgabe in einem Krankenhaus der Maximalversorgung mit einer angemessenen Vergütung,unklar,,,Sie haben eine erfolgreich abgeschlossene Berufsausbildung als Gesundheits- und Krankenpfleger (m/w/d) oder Pflegefachkraft (m/w/d). | Sie verfügen über sehr gutes Fachwissen. | Sie sind körperlich und psychisch belastbar. | Die Patientenorientierung ist für Sie eine Selbstverständlichkeit. | Durch Ihre ausgeprägte Teamfähigkeit fügen Sie sich gut in das bestehende Team ein. | Sie verfügen über die Bereitschaft im Rahmen der geltenden Schichtmodelle eingesetzt zu werden.,,5,,https://karriere.klinikum-bayreuth.de/jobs/43527585/Pflegefachkr%C3%A4fte-m-w-d-f%C3%BCr-die-Neurologie/
Klinikum Bayreuth,Bayreuth,IMC/Stroke Unit,Pflegefachkräfte (m/w/d) für die Stroke Unit,pflegefachkraft,,Sie übernehmen eine verantwortungsvolle und herausfordernde Aufgabe in einem Krankenhaus der Maximalversorgung mit einer der Tätigkeit angemessenen Vergütung und einer Jahressonderzahlung.,,,,"Sie haben eine erfolgreich abgeschlossene Berufsausbildung als Gesundheits- und Krankenpfleger (m/w/d) oder Pflegefachkraft (m/w/d). | Sie verfügen über sehr gutes Fachwissen. | Sie sind körperlich und psychisch belastbar. | Sie haben kommunikative und persönliche Kompetenzen im Umgang mit Menschen in Ausnahme- und Krisensituationen. | Die Patientenorientierung ist für Sie eine Selbstverständlichkeit. | Durch Ihre ausgeprägte Teamfähigkeit fügen Sie sich gut in das bestehende Team ein. | Sie verfügen über die Bereitschaft im Rahmen der geltenden Schichtmodelle eingesetzt zu werden. | Berufserfahrung im Bereich IMC/Stroke Unit wäre wünschenswert, ist jedoch nicht zwingend erforderlich.","Berufserfahrung im Bereich IMC/Stroke Unit wäre wünschenswert, ist jedoch nicht zwingend erforderlich.",5,,https://karriere.klinikum-bayreuth.de/jobs/42898023/Pflegefachkr%C3%A4fte-m-w-d-f%C3%BCr-die-Stroke-Unit/
Klinikum Bayreuth,Bayreuth,Urologie,Pflegefachkräfte (m/w/d) für die Urologie,pflegefachkraft,,Sie übernehmen eine verantwortungsvolle und herausfordernde Aufgabe in einem Krankenhaus der Maximalversorgung mit einer der Tätigkeit angemessenen Vergütung und einer Jahressonderzahlung.,unklar,,,Sie haben eine erfolgreich abgeschlossene Berufsausbildung als Gesundheits- und Krankenpfleger (m/w/d) oder Pflegefachkraft (m/w/d). | Sie verfügen über sehr gutes Fachwissen. | Sie sind körperlich und psychisch belastbar. | Die Patientenorientierung ist für Sie eine Selbstverständlichkeit. | Durch Ihre ausgeprägte Teamfähigkeit fügen Sie sich gut in das bestehende Team ein. | Sie verfügen über die Bereitschaft im Rahmen der geltenden Schichtmodelle eingesetzt zu werden.,,5,,https://karriere.klinikum-bayreuth.de/jobs/43046213/Pflegefachkr%C3%A4fte-m-w-d-f%C3%BCr-die-Urologie/
Klinikum Bayreuth,Bayreuth,kardiochirurgische Intensivstation (Station 58),Pflegefachkräfte (m/w/d) für unsere kardiochirurgische Intensivstation (Station 58) mit und ohne Fachweiterbildung,fachweiterbildung,,Sie übernehmen eine verantwortungsvolle und herausfordernde Aufgabe in einem Krankenhaus der Maximalversorgung mit einer der Tätigkeit angemessenen Vergütung und einer Jahressonderzahlung.,,,vollzeit_teilzeit,"Als examinierte Pflegefachkraft (m/w/d) verfügen Sie über Erfahrung in der akutstationären Pflege (im Idealfall Kardiologie, Kardiochirurgie). | Sie besitzen idealerweise eine abgeschlossene Fachweiterbildung Anästhesie/Intensivpflege (DKG) oder haben diese bereits begonnen, bzw. besitzen die Bereitschaft, diese zeitnah (innerhalb von 5 Jahren) zu absolvieren. | Eine große Bereitschaft, sich in einem dynamisch wachsenden Bereich fort- und weiterzubilden zeichnet Sie aus. | Eine hohe Belastbarkeit, Flexibilität und Teamfähigkeit sowie hochgradige soziale und kommunikative Kompetenzen mit einem ausgeprägten empathischen Verhalten runden Ihr Profil ab.",,5,,https://karriere.klinikum-bayreuth.de/jobs/51644803/Pflegefachkr%C3%A4fte-m-w-d-f%C3%BCr-unsere-kardiochirurgische-Intensivstation-Station-58-mit-und-ohne-Fachweiterbildung/
Klinikum Bayreuth,Bayreuth,,"Pflegefachkräfte (m/w/d) mit Berufsabschluss in der EU, dem Europäischen Wirtschaftsraum (EWR) oder der Schweiz zur beruflichen Anerkennung",pflegefachkraft,,Während der Anerkennungsphase arbeiten Sie als Pflegehelfer (m/w/d) und verdienen ein entsprechendes Tarifentgelt.,unklar,,,"Sie besitzen einen staatlich anerkannten Abschluss zur Pflegefachkraft (m/w/d) Ihres Herkunftslandes. | Sie können Ihre Ausbildung/Berufsqualifikation mit einem Abschlusszeugnis nachweisen. | Sie dürfen in Ihrem Ausbildungsland den Beruf ohne Einschränkung ausüben. | Sie sind bereit, mindestens 29 Stunden pro Woche im Schichtdienst zu arbeiten. | Idealerweise verfügen Sie bereits über mehrere Jahre Berufserfahrung in Ihrem Heimatland. | Ihre Fähigkeiten der deutschen Sprache können Sie durch ein entsprechendes B1 Zertifikat (TELC) nachweisen. | Außerdem besitzen Sie bereits einen entsprechenden Defizitbescheid. | Idealerweise haben Sie Ihren ersten Wohnsitz bereits in Deutschland.",Idealerweise verfügen Sie bereits über mehrere Jahre Berufserfahrung in Ihrem Heimatland.,5,,"https://karriere.klinikum-bayreuth.de/jobs/44008322/Pflegefachkr%C3%A4fte-m-w-d-mit-Berufsabschluss-in-der-EU,-dem-Europ%C3%A4ischen-Wirtschaftsraum-EWR-oder-der-Schweiz-zur-beruflichen-Anerkennung/"
Klinikum Bayreuth,Bayreuth,Notaufnahmen inkl. Chest Pain Unit und Aufnahmestation,Pflegefachkräfte und Notfallsanitäter (m/w/d) für die Notaufnahmen inkl. Chest Pain Unit und Aufnahmestation,pflegefachkraft,,Sie übernehmen eine verantwortungsvolle und herausfordernde Aufgabe in einem Krankenhaus der Maximalversorgung mit einer der Tätigkeit angemessenen Vergütung und einer Jahressonderzahlung.,ja,Gerne unterstützen wir Sie bei der persönlichen Wohnraumsuche.,,"Sie haben eine erfolgreich abgeschlossene Berufsausbildung zur Pflegefachkraft (m/w/d) bzw. zum Gesundheits- und Krankenpfleger (m/w/d) | oder zum Notfallsanitäter (m/w/d). | Idealerweise verfügen Sie bereits über Erfahrung in der Notfallpflege. | Sie besitzen eine hohes Maß an Teamfähigkeit und Verantwortungsbewusstsein. | Sie verfügen über hohe soziale sowie emotionale Kompetenz. | Sie sind bereit zwischen der Notaufnahme Hohe Warte, der Notaufnahme Klinikum und der Aufnahmestation inkl. Chest Pain Unit zu rotieren.",Idealerweise verfügen Sie bereits über Erfahrung in der Notfallpflege.,5,,https://karriere.klinikum-bayreuth.de/jobs/44359682/Pflegefachkr%C3%A4fte-und-Notfallsanit%C3%A4ter-m-w-d-f%C3%BCr-die-Notaufnahmen-inkl-Chest-Pain-Unit-und-Aufnahmestation/
Klinikum Bayreuth,Bayreuth,Stationsbereiche,Pflegewissenschaftliche Mitarbeiter (m/w/d) für die Stationsbereiche,pflegefachkraft,,Sie übernehmen eine verantwortungsvolle und herausfordernde Aufgabe in einem Krankenhaus der Maximalversorgung mit einer der Tätigkeit angemessenen Vergütung und einer Jahressonderzahlung.,,,unklar,"Sie verfügen über eine erfolgreich abgeschlossene Ausbildung zum Gesundheits- und Kinderkrankenpfleger (m/w/d) bzw. Gesundheits- und Krankenpfleger (m/w/d) oder eine Ausbildung zur Pflegefachkraft (m/w/d). | Weiterhin haben Sie ein abgeschlossenes Pflegestudium mit dem Abschluss Bachelor of Nursing. | Sie konnten bereits Erfahrung im jeweiligen Fachbereich sammeln. | Exzellente kommunikative Fähigkeiten, Durchsetzungsvermögen und eine ausgeprägte Beratungs- und Moderationsfähigkeit zeichnen Sie aus. | Ihr Interesse am wissenschaftlichen Arbeiten ist groß.",,5,,https://karriere.klinikum-bayreuth.de/jobs/45676972/Pflegewissenschaftliche-Mitarbeiter-m-w-d-f%C3%BCr-die-Stationsbereiche/
Klinikum Bayreuth,Bayreuth,OP-Pflege,Praxisanleiter (m/w/d) OP-Pflege,fachweiterbildung,,Sie übernehmen eine verantwortungsvolle und herausfordernde Aufgabe in einem Krankenhaus der Maximalversorgung mit einer der Tätigkeit angemessenen Vergütung und einer Jahressonderzahlung.,,,teilzeit,"Sie verfügen über eine erfolgreich abgeschlossene Ausbildung als Operationstechnischer Assistent (m/w/d) Pflegefachkraft (m/w/d), idealerweise mit Fachweiterbildung OP-Pflege sowie mehrjährige Berufserfahrung. | Sie haben eine berufspädagogische Qualifikation als Praxisanleiter (m/w/d) nach Vorgabe des PflBG und haben diese Tätigkeit bereits mindestens ein Jahr ausgeübt. | Sie vereinen die Fähigkeiten der klinisch-praktischen und theoretischen Ausbildung auf innovative Art und Weise. | Sie bringen Kenntnisse und Erfahrungen im Umgang mit den gängigen Datenverarbeitungsprogrammen mit. | Sie haben Spaß am Umgang mit jungen Erwachsenen und treten ihnen mit Respekt, Geduld und Empathie gegenüber. | Trotzdem sind Sie durchsetzungsstark.",,5,,https://karriere.klinikum-bayreuth.de/jobs/45489707/Praxisanleiter-m-w-d-OP-Pflege/
Klinikum Bayreuth,Bayreuth,,Praxisanleiter (m/w/d) für Anerkennungsverfahren,pflegefachkraft,,Sie übernehmen eine verantwortungsvolle und herausfordernde Aufgabe in einem Krankenhaus der Maximalversorgung mit einer der Tätigkeit angemessenen Vergütung und einer Jahressonderzahlung.,,,,"Sie verfügen über eine abgeschlossene Ausbildung zur Pflegefachkraft (m/w/d) im Bereich Akutstationäre Versorgung. | Wünschenswert ist eine Weiterbildung zum Praxisanleiter (m/w/d) oder die Bereitschaft, diese zeitnah zu absolvieren. | Sie habe bereits erste Erfahrungen in der Zusammenarbeit in multikulturellen Teams. | Sie besitzen ausgeprägte kommunikative & pädagogische Fähigkeiten und haben ein geduldiges Wesen. | Sie verfügen über sehr gute, aktuelle pflegerische Kenntnisse und die Bereitschaft, sich in unterschiedliche Fachgebiete einzuarbeiten. | Sie sind ein Organisationstalent, verfügen über ein freundliches Auftreten, sowie Empathie und Freude am Umgang mit Menschen aus anderen Kulturen.",,5,,https://karriere.klinikum-bayreuth.de/jobs/55422307/Praxisanleiter-m-w-d-f%C3%BCr-Anerkennungsverfahren/
Klinikum Bayreuth,Bayreuth,Stationen der Kinderklinik,Pädiatrische Pflegefachkraft (m/w/d) für die Stationen der Kinderklinik,pflegefachkraft,,Sie übernehmen eine verantwortungsvolle und herausfordernde Aufgabe in einem Krankenhaus der Maximalversorgung mit einer der Tätigkeit angemessenen Vergütung und einer Jahressonderzahlung sowie umfassender Einarbeitung.,,,,"Sie verfügen über eine erfolgreich abgeschlossene Berufsausbildung als Pädiatrische Pflegefachkraft (m/w/d). | Idealerweise verfügen Sie bereits über erste Berufserfahrungen. | Sie beherrschen einen sicheren Umgang mit den gängigen EDV-Anwendungen und Krankenhausdokumentationssystemen. | Selbstständigkeit, Eigeninitiative, Engagement sowie Flexibilität zeichnen Sie aus.",,5,,https://karriere.klinikum-bayreuth.de/jobs/50599503/P%C3%A4diatrische-Pflegefachkraft-m-w-d-f%C3%BCr-die-Stationen-der-Kinderklinik/
Klinikum Bayreuth,Bayreuth,Kinderklinik Notaufnahme,Pädiatrische Pflegefachkräfte für die Kinderklinik Notaufnahme (m/w/d),pflegefachkraft,,Sie übernehmen eine verantwortungsvolle und herausfordernde Aufgabe in einem Krankenhaus der Maximalversorgung mit einer der Tätigkeit angemessenen Vergütung und einer Jahressonderzahlung.,ja,Gerne unterstützen wir Sie bei der persönlichen Wohnraumsuche.,vollzeit_teilzeit,Sie haben eine erfolgreich abgeschlossene Berufsausbildung zur Pflegefachkraft (m/w/d) mit pädiatrischer Vertiefung. | Idealerweise verfügen Sie bereits über Erfahrung in der Notfallpflege. | Sie besitzen eine hohes Maß an Teamfähigkeit und Verantwortungsbewusstsein. | Sie verfügen über hohe soziale sowie emotionale Kompetenz.,,5,,https://karriere.klinikum-bayreuth.de/jobs/63419229/P%C3%A4diatrische-Pflegefachkr%C3%A4fte-f%C3%BCr-die-Kinderklinik-Notaufnahme-m-w-d-/
Klinikum Bayreuth,Bayreuth,Station Schädel-Hirn-Verletzte/ Neurorehabilitation Phase B (Station 02b),Stellvertretende Stationsleitung für die Station Schädel-Hirn-Verletzte/ Neurorehabilitation Phase B (Station 02b) (m/w/d),leitung,,Sie übernehmen eine verantwortungsvolle und herausfordernde Aufgabe in einem Krankenhaus der Maximalversorgung mit einer der Tätigkeit angemessenen Vergütung und einer Jahressonderzahlung.,ja,Gerne unterstützen wir Sie bei der persönlichen Wohnraumsuche.,befristet,"Sie verfügen über eine erfolgreich abgeschlossene Ausbildung im Beruf Gesundheits- und Krankenpflege und besitzen eine hohe Fachkompetenz. | Sie weisen überdurchschnittliches Engagement auf. | Erste Leitungs- und Führungserfahrungen wären wünschenswert. | Die erfolgreiche Teilnahme an der Weiterbildung zur Stationsleitung oder eine vergleichbare Qualifikation ist wünschenswert bzw. die Bereitschaft diese nachzuholen. | Sie verfügen über eine aufgeschlossene und positive Einstellung zum vorgesehenen Arbeitsbereich sowie Leistungsbereitschaft, Durchsetzungsvermögen und Flexibilität. | Sie besitzen die Bereitschaft zur Teilnahme an der Qualitätssicherung.",Erste Leitungs- und Führungserfahrungen wären wünschenswert.,5,,https://karriere.klinikum-bayreuth.de/jobs/64668584/Stellvertretende-Stationsleitung-f%C3%BCr-die-Station-Sch%C3%A4del-Hirn-Verletzte-Neurorehabilitation-Phase-B-Station-02b-m-w-d-/
Klinikum Bayreuth,Bayreuth,,Wiedereinsteiger (m/w/d) Pflege,pflegefachkraft,,Sie übernehmen eine verantwortungsvolle und herausfordernde Aufgabe in einem Krankenhaus der Maximalversorgung mit einer der Tätigkeit angemessenen Vergütung und einer Jahressonderzahlung.,unklar,,vollzeit_teilzeit,"Sie verfügen über eine erfolgreich abgeschlossene Berufsausbildung als Pflegefachkraft (m/w/d). | Nach einer Berufspause möchten Sie wieder zurück in die Klinik. | Sie verfügen über entsprechendes Fachwissen | und die Bereitschaft, sich im Rahmen unseres Wiedereinstiegsprogramms in die fachlichen Neuerungen und Abläufe einzuarbeiten. | Sie sind körperlich und psychisch belastbar. | Die Patientenorientierung ist für Sie selbstverständlich. | Sie sind ein Teamplayer! | Sie haben die Bereitschaft im Rahmen der geltenden Schichtmodelle eingesetzt zu werden.",,5,,https://karriere.klinikum-bayreuth.de/jobs/43038520/Wiedereinsteiger-m-w-d-Pflege/
Klinikum Dritter Orden München-Nymphenburg,München,OP-Team,OP-Pflegekraft/ OTA (m/w/d),ota_ata,,Attraktive Vergütung nach den tariflichen Richtlinien der AVR,nein,,vollzeit,Abgeschlossene 3-jährige Ausbildung in der Pflege/ OTA | Gute Deutschkenntnise (mind. B2),Ohne Berufserfahrung,5,,https://dritter-orden.softgarden.io/job/61941324/OP-Pflegekraft-OTA-m-w-d-?jobDbPVId=281878760&l=de
Klinikum Dritter Orden München-Nymphenburg,München,OP-Team / Zentral-OP,OP-Pflegekraft/ OTA (m/w/d),ota_ata,,Attraktive Vergütung nach den tariflichen Richtlinien der AVR,unklar,,Vollzeit,Abgeschlossene 3-jährige Ausbildung in der Pflege/ OTA | Gute Deutschkenntnise (mind. B2),,4,Zuordnung aus dem vorherigen Lauf übernommen,https://dritter-orden.softgarden.io/job/61941324?l=de
Klinikum Dritter Orden München-Nymphenburg,München,Therapie-Centrum für Essstörungen (TCE),Pflegefachkraft (m/w/d) Therapie-Centrum für Essstörungen,pflegefachkraft,,Attraktive Vergütung nach den tariflichen Richtlinien der AVR,nein,,teilzeit,"Abgeschlossene Ausbildung zur Pflegefachkraft und einschlägige Berufserfahrung im Bereich der Kinderkrankenpflege | Erfahrung im psychosomatischen und/oder kinder- und jugendpsychiatrischen Bereich wünschenswert | Eine zuverlässige, strukturierte Arbeitsweise, auch in Zeiten von Arbeitsspitzen, Organisationstalent und Flexibilität | Ein freundliches und verbindliches Auftreten, Kommunikationsstärke sowie hohe Teamfähigkeit | Freude an der Arbeit im Team und am Kontakt mit Menschen | Gute Deutschkenntnisse (mind. Sprachlevel B2) erforderlich",Mit Berufserfahrung,5,,https://dritter-orden.softgarden.io/job/64168658/Pflegefachkraft-m-w-d-Therapie-Centrum-f%C3%BCr-Essst%C3%B6rungen?jobDbPVId=282159195&l=de
Klinikum Dritter Orden München-Nymphenburg,München,Therapie-Centrum für Essstörungen (TCE),Pflegefachkraft (m/w/d) Therapie-Centrum für Essstörungen Kinder- und Jugendteam,pflegefachkraft,,Attraktive Vergütung nach den tariflichen Richtlinien der AVR,nein,,teilzeit,"Abgeschlossene Ausbildung zur Pflegefachkraft und einschlägige Berufserfahrung im Bereich der Kinderkrankenpflege | Erfahrung im psychosomatischen und/oder kinder- und jugendpsychiatrischen Bereich wünschenswert | Eine zuverlässige, strukturierte Arbeitsweise, auch in Zeiten von Arbeitsspitzen, Organisationstalent und Flexibilität | Ein freundliches und verbindliches Auftreten, Kommunikationsstärke sowie hohe Teamfähigkeit | Freude an der Arbeit im Team und am Kontakt mit Menschen | Gute Deutschkenntnisse (mind. Sprachlevel B2) erforderlich",Mit Berufserfahrung,5,,https://dritter-orden.softgarden.io/job/64168533/Pflegefachkraft-m-w-d-Therapie-Centrum-f%C3%BCr-Essst%C3%B6rungen-Kinder-und-Jugendteam?jobDbPVId=282159175&l=de
Klinikum Dritter Orden München-Nymphenburg,München,Springerpool Kinderklinik,Pflegefachkraft (m/w/d) für den Springerpool Kinderklinik mit flexiblen Arbeitszeiten,pflegefachkraft,,Attraktive Vergütung nach den tariflichen Richtlinien der AVR,nein,,vollzeit_teilzeit,"Abgeschlossene Ausbildung zum Gesundheits-und (Kinder-)Krankenpfleger (m/w/d) oder Pflegefachkraft (m/w/d) | Umfassendes Fachwissen in den unterschiedlichsten Themengebiete der Pflege | Interesse, Bereitschaft und Freude an wechselnden Einsätzen in unterschiedlichen Fachbereichen und Stationen | Teamfähigkeit und Offenheit an der interdisziplinären Zusammenarbeit bei der gemeinsamen Patientenbehandlung | Flexibilität und Belastbarkeit, sowie zuverlässige und selbstständige Arbeitsweise | Bereitschaft längere Zeit im „Pool"" zu arbeiten | Gute Deutschkenntnisse (mind. Sprachlevel B2) erforderlich",Ohne Berufserfahrung,5,,https://dritter-orden.softgarden.io/job/37727459/Pflegefachkraft-m-w-d-f%C3%BCr-den-Springerpool-Kinderklinik-mit-flexiblen-Arbeitszeiten?jobDbPVId=282524710&l=de
Klinikum Dritter Orden München-Nymphenburg,München,Erwachsenenklinik,Pflegefachkraft (m/w/d) für die Erwachsenenklinik,pflegefachkraft,,Attraktive Vergütung nach den tariflichen Richtlinien der AVR,nein,,vollzeit_teilzeit,"Abgeschlossene Ausbildung als Gesundheits- und (Kinder-)Krankenpfleger oder Pflegefachkraft | Sicheres und freundliches Auftreten sowie Empathie bei der Betreuung der Patienten | Selbstständige Arbeitsweise, starke Kommunikationsfähigkeit und ausgeprägtes Verantwortungsbewusstsein | Bereitschaft sich in ein interdisziplinäres Team aktiv und gestalterisch einzubringen | Gute Deutschkennnisse (mind. Sprachlevel B2) erforderlich",Mit Berufserfahrung,5,,https://dritter-orden.softgarden.io/job/37734795/Pflegefachkraft-m-w-d-f%C3%BCr-die-Erwachsenenklinik?jobDbPVId=282524670&l=de
Klinikum Dritter Orden München-Nymphenburg,München,Erwachsenenklinik,Pflegefachkraft (m/w/d) für die Erwachsenenklinik,pflegefachkraft,,Attraktive Vergütung nach den tariflichen Richtlinien der AVR,unklar,,Vollzeit oder Teilzeit,Abgeschlossene Ausbildung als Gesundheits- und (Kinder-)Krankenpfleger oder Pflegefachkraft | Gute Deutschkennnisse (mind. Sprachlevel B2) erforderlich,,4,Zuordnung aus dem vorherigen Lauf übernommen,https://dritter-orden.softgarden.io/job/37734795?l=de
Klinikum Dritter Orden München-Nymphenburg,München,Gefäßchirurgische Station,Pflegefachkraft (m/w/d) für die Gefäßchirurgie,pflegefachkraft,,Attraktive Vergütung nach den tariflichen Richtlinien der AVR,nein,,vollzeit,"Abgeschlossene Ausbildung zur Pflegefachkraft oder eine vergleichbare Ausbildung | Bereitschaft zur Teilnahme an Weiterbildungsangeboten, die speziell für die Arbeit in der Gefäßchirurgie relevant sind, wie z. B. ""Pain Nurse"", ""Wundexperte"" | Ausgeprägte Teamfähigkeit, Kommunikationsstärke und der Wille, sich aktiv in die Weiterentwicklung der Pflegepraxis einzubringen | Hohes Maß an Fach- und Sozialkompetenz sowie interdisziplinäre Teamfähigkeit | Gute Deutschkenntnisse (mind. Sprachlevel B2) erforderlich",Mit Berufserfahrung,5,,https://dritter-orden.softgarden.io/job/48688763/Pflegefachkraft-m-w-d-f%C3%BCr-die-Gef%C3%A4%C3%9Fchirurgie?jobDbPVId=282524815&l=de
Klinikum Dritter Orden München-Nymphenburg,München,Gefäßchirurgische Station,Pflegefachkraft (m/w/d) für die Gefäßchirurgie,pflegefachkraft,,Attraktive Vergütung nach den tariflichen Richtlinien der AVR,unklar,,Vollzeit,Abgeschlossene Ausbildung zur Pflegefachkraft oder eine vergleichbare Ausbildung | Gute Deutschkenntnisse (mind. Sprachlevel B2) erforderlich,Softgarden-Label: Mit Berufserfahrung,4,Zuordnung aus dem vorherigen Lauf übernommen,https://dritter-orden.softgarden.io/job/48688763?l=de
Klinikum Dritter Orden München-Nymphenburg,München,Kinderchirurgie,Pflegefachkraft (m/w/d) für die Kinderchirurgie,pflegefachkraft,,Attraktive Vergütung nach den tariflichen Richtlinien der AVR,nein,,vollzeit_teilzeit,"Abgeschlossene Ausbildung zum Gesundheits- und (Kinder-)Krankenpfleger (m/w/d) | Eigenverantwortliche, strukturierte, organisierte Arbeitsweise – auch in stressigen Situationen | Pflegerisches Verständnis, dass das kranke Kind mit seiner Familie in den Mittelpunkt stellt | Respektvolle und wertschätzende Zusammenarbeit mit allen interdisziplinären Bereichen | Empathisches und freundliches Auftreten",Ohne Berufserfahrung,5,,https://dritter-orden.softgarden.io/job/37726297/Pflegefachkraft-m-w-d-f%C3%BCr-die-Kinderchirurgie-?jobDbPVId=282524785&l=de
Klinikum Dritter Orden München-Nymphenburg,München,Kinderklinik,Pflegefachkraft (m/w/d) für die Kinderklinik,pflegefachkraft,,Attraktive Vergütung nach den tariflichen Richtlinien der AVR,nein,,vollzeit_teilzeit,Abgeschlossene Ausbildung als Gesundheits- und (Kinder-)Krankenpfleger oder Pflegefachkraft | Selbstständige Arbeitsweise und ausgeprägtes Verantwortungsbewusstsein | Bereitschaft sich in ein interdisziplinäres Team aktiv und gestalterisch einzubringen | Gute Deutschkenntnisse (mind. Sprachlevel B2) erforderlich,Ohne Berufserfahrung,5,,https://dritter-orden.softgarden.io/job/37739051/Pflegefachkraft-m-w-d-f%C3%BCr-die-Kinderklinik?jobDbPVId=282524800&l=de
Klinikum Dritter Orden München-Nymphenburg,München,Kinderstation,Pflegefachkraft (m/w/d) für die Kinderstation,pflegefachkraft,,Attraktive Vergütung nach den tariflichen Richtlinien der AVR,nein,,vollzeit_teilzeit,Abgeschlossene Ausbildung als Gesundheits- und (Kinder-)Krankenpfleger oder Pflegefachkraft | Selbstständige Arbeitsweise und ausgeprägtes Verantwortungsbewusstsein | Bereitschaft sich in ein interdisziplinäres Team aktiv und gestalterisch einzubringen | Gute Deutschkenntnisse (mind. Sprachlevel B2) erforderlich,Mit Berufserfahrung,5,,https://dritter-orden.softgarden.io/job/40491196/Pflegefachkraft-m-w-d-f%C3%BCr-die-Kinderstation?jobDbPVId=282524760&l=de
Klinikum Dritter Orden München-Nymphenburg,München,interdisziplinäre Kindernotaufnahme,Pflegefachkraft (m/w/d) für die interdisziplinäre Kindernotaufnahme,pflegefachkraft,,Attraktive Vergütung nach den tariflichen Richtlinien der AVR,nein,,vollzeit_teilzeit,Examinierter Gesundheits- und Kinderkrankenpfleger (m/w/d) | Erste Erfahrungen im Bereich der inter­disziplinären Kindernotaufnahme wünschenswert | Flexibilität und Belastbarkeit gerade in Notfallsituationen | Hohes Maß an Sozialkompetenz und interdisziplinärer Teamfähigkeit,Ohne Berufserfahrung,5,,https://dritter-orden.softgarden.io/job/37733234/Pflegefachkraft-m-w-d-f%C3%BCr-die-interdisziplin%C3%A4re-Kindernotaufnahme-?jobDbPVId=282524715&l=de
Klinikum Dritter Orden München-Nymphenburg,München,interdisziplinäre Kindernotaufnahme,Pflegefachkraft (m/w/d) für die interdisziplinäre Kindernotaufnahme,pflegefachkraft,,Attraktive Vergütung nach den tariflichen Richtlinien der AVR,unklar,,Vollzeit oder Teilzeit,Examinierter Gesundheits- und Kinderkrankenpfleger (m/w/d),Erste Erfahrungen im Bereich der interdisziplinären Kindernotaufnahme wünschenswert,4,Zuordnung aus dem vorherigen Lauf übernommen,https://dritter-orden.softgarden.io/job/37733234?l=de
Klinikum Dritter Orden München-Nymphenburg,München,interdisziplinäre Säuglingsstation,Pflegefachkraft (m/w/d) für die interdisziplinäre Säuglingsstation,pflegefachkraft,,Attraktive Vergütung nach den tariflichen Richtlinien der AVR,nein,,vollzeit_teilzeit,"Abgeschlossene Ausbildung zur Pflegefachkraft oder examinierte Gesundheits- und (Kinder-)Krankenpfleger | Idealerweise erste Erfahrungen im Bereich der Neugeborenen- und Säuglingspflege | Flexibilität, Teamfähigkeit und Belastbarkeit | Freude im Umgang mit unseren Patienten | Gute Deutschkenntnisse (mind. Sprachlevel B2) erforderlich",Mit Berufserfahrung,5,,https://dritter-orden.softgarden.io/job/37738204/Pflegefachkraft-m-w-d-f%C3%BCr-die-interdisziplin%C3%A4re-S%C3%A4uglingsstation-?jobDbPVId=282524680&l=de
Klinikum Dritter Orden München-Nymphenburg,München,Zentrale Praxisanleitung,Praxisanleiter (m/w/d),unklar,,Attraktive Vergütung nach den tariflichen Richtlinien der AVR,nein,,vollzeit_teilzeit,"Abgeschlossene Ausbildung zur Pflegefachkraft oder Gesundheits- und (Kinder)Krankenpfleger | Mehrjährige Berufserfahrung in der Pflege stationärer Patienten im Krankenhaus | Abgeschlossene Weiterbildung zur Praxisanleitung | Freude, die eigene pflegerische Fachexpertise weiterzugeben",Mit Berufserfahrung,5,,https://dritter-orden.softgarden.io/job/37739646/Praxisanleiter-m-w-d-?jobDbPVId=282524835&l=de
Klinikum Dritter Orden München-Nymphenburg,München,Neonatologie,Praxisanleiter (m/w/d) für unser IPAFuN-Projekt,unklar,,Attraktive Vergütung nach den tariflichen Richtlinien der AVR,nein,,vollzeit_teilzeit,Abgeschlossene Ausbildung zur Pflegefachkraft mit Schwerpunkt Pädiatrie/Gesundheits- und (Kinder)Krankenpfleger | Mehrjährige Berufserfahrung in der neonatologischen Pflege | Weiterbildung zur Praxisanleitung (DKG) erfolgreich absolviert | Freude an Wissensvermittlung | Begeisterung für interdisziplinäre Ausbildung | Gute Kommunikationsfähigkeit,Mit Berufserfahrung,5,,https://dritter-orden.softgarden.io/job/39538061/Praxisanleiter-m-w-d-f%C3%BCr-unser-IPAFuN-Projekt-?jobDbPVId=282524765&l=de
Klinikum Dritter Orden München-Nymphenburg,München,gastroenterologische Station,Stellvertretende Stationsleitung Gastroenterologie (m/w/d),leitung,,Attraktive Vergütung nach den tariflichen Richtlinien der AVR,nein,,vollzeit_teilzeit,"Abgeschlossene 3-jährige Ausbildung in der Gesundheits- und Krankenpflege bzw. zur Pflegefachkraft | Mehrjährige Berufserfahrung | Leitungs- und Führungserfahrung wünschenswert | Abgeschlossene Weiterbildung zur Stationsleitung oder die Bereitschaft diese Weiterbildung zu absolvieren (Studium oder Leitungskurs) | Lösungsorientiertes, innovatives und betriebswirtschaftliches Denken und Handeln | Hohes Maß an Fach- und Sozialkompetenz sowie interdisziplinärer Teamfähigkeit | Zuverlässigkeit, Kommunikationsstärke, Verbindlichkeit, hohes Verantwortungsbewusstsein und Einsatzbereitschaft | Gute Deutschkenntnisse (mind. Sprachlevel B2) erforderlich",Mit Leitungsfunktion,5,,https://dritter-orden.softgarden.io/job/66829650/Stellvertretende-Stationsleitung-Gastroenterologie-m-w-d-?jobDbPVId=282965465&l=de
Klinikum Dritter Orden München-Nymphenburg,München,Gastroenterologie,Stellvertretende Stationsleitung Gastroenterologie (m/w/d),leitung,,Attraktive Vergütung nach den tariflichen Richtlinien der AVR,unklar,,Vollzeit oder Teilzeit (mind. 80 %),Abgeschlossene 3-jährige Ausbildung in der Gesundheits- und Krankenpflege bzw. zur Pflegefachkraft | Gute Deutschkenntnisse (mind. Sprachlevel B2),Mehrjährige Berufserfahrung; Weiterbildung zur Stationsleitung oder Bereitschaft diese zu absolvieren,4,Zuordnung aus dem vorherigen Lauf übernommen,https://dritter-orden.softgarden.io/job/66829650?l=de
Klinikum Fichtelgebirge (Haus Marktredwitz),Marktredwitz,,Angestellte/r Pflege -initiativ- Berufserfahrene Sozial- und Gesundheitswesen Voll- oder Teilzeit Marktredwitz,unklar,,Vergütung nach TVÖD inkl. betriebliche Altersvorsorge,,,vollzeit_teilzeit,,,5,,https://klinikum-fichtelgebirge.softgarden.io/job/61999269?l=de
Klinikum Fichtelgebirge (Haus Marktredwitz),Marktredwitz,Berufsfachschule für Pflege in Marktredwitz,Freigestellte Praxisanleitung (m/w/d) Berufserfahrene Pflegeberufe Teilzeit Marktredwitz,leitung,,Vergütung nach TVÖD inkl. betriebliche Altersvorsorge,,,teilzeit,"Abgeschlossene Ausbildung zur Pflegefachkraft (z. B. Gesundheits- und Krankenpflege) mit mindestens zweijähriger Berufserfahrung im pflegerischen Bereich | Abgeschlossene Weiterbildung zur Praxisanleitung mit mind. 300 Std. bzw. 200 Std. mit Anerkennung | Nachweis von 24 Std. berufspädagogischer Zusatzqualifikation in 2026 (bzw. die Bereitschaft, diese in 2026 zu absolvieren) | Pädagogische und didaktische Kompetenz | Freude an der Arbeit mit Auszubildenden | Teamfähigkeit und Organisationsfähigkeit",mindestens zweijähriger Berufserfahrung im pflegerischen Bereich,5,,https://klinikum-fichtelgebirge.softgarden.io/job/64003448?l=de
Klinikum Fichtelgebirge (Haus Marktredwitz),Marktredwitz,"inneren, kardiologischen und chirurgischen Fachrichtungen",Gesundheits- und Krankenpfleger bzw. Pflegefachkräfte (m/w/d),pflegefachkraft,,Vergütung nach TVÖD inkl. betriebliche Altersvorsorge,,,vollzeit_teilzeit,Einfühlungsvermögen im Umgang mit Patienten und deren Angehörigen | Ein hohes Maß an Aufmerksamkeit und Umsicht und Verantwortungsbewusstsein | Belastbarkeit | Bereitschaft für Fort- und Weiterbildung | Einsatz in allen Schichten und Diensten / Wechselschicht,,5,,https://klinikum-fichtelgebirge.softgarden.io/job/48897958?l=de
Klinikum Fichtelgebirge (Haus Marktredwitz),Marktredwitz,Notaufnahme/Aufnahmestation,Pflegefachkraft in der Notaufnahme/Aufnahmestation (m/w/d),fachweiterbildung,,Vergütung nach TVÖD inkl. betriebliche Altersvorsorge,,,vollzeit_teilzeit,"Abgeschlossene dreijährige Ausbildung in der Krankenpflege | Pflegerische Erfahrung, ideal auch Erfahrungen im Bereich der Notfallversorgung | Einfühlungsvermögen im Umgang mit Patienten und deren Angehörigen, gerade auch im Umfeld kritischer Notfallsituationen und ungeplanter Erstversorgungen | Ein hohes Maß an Aufmerksamkeit und Umsicht und Verantwortungsbewusstsein, sowie die Bereitschaft, sich in interdisziplinäre Teams einzubringen | Physische und psychische Belastbarkeit, Interesse im Umgang mit technischen Geräten | Abgeschlossene FWB Notfallpflege oder die Bereitschaft, diese zu absolvieren | Einsatz in allen Schichten und Diensten / Wechselschicht","Pflegerische Erfahrung, ideal auch Erfahrungen im Bereich der Notfallversorgung",5,,https://klinikum-fichtelgebirge.softgarden.io/job/58009528?l=de
Klinikum Forchheim,"Forchheim, Oberfranken",,ATA (w/m/d) bzw. Pflegefachkraft (w/m/d) für die Anästhesie,ota_ata,,,,,,,,3,"einzige Klinik am Portal, Ort der Anzeige unbekannt; Ort der Stelle nicht belegt",https://www.klinikumforchheim.de/stellenangebot/ata-w-m-d-bzw-pflegefachkraft-w-m-d-fuer-die-anaesthesie/
Klinikum Forchheim,"Forchheim, Oberfranken",Flexpool,Flexpool* – Pflegefachkraft (w/m/d),pflegefachkraft,,Mit einer Vergütung nach TVöD-K mit allen tariflichen Sozialleistungen des öffentlichen Dienstes,,,vollzeit_teilzeit,"Eine abgeschlossene dreijährige Berufsausbildung in der Gesundheits- und Krankenpflege | Verantwortungsbewusstsein, Organisationstalent und Fähigkeit zum selbständigen Arbeiten | Engagement, Belastbarkeit und Kommunikationsstärke | Sie bereichern unser Team mit Ihrer hohen fachlichen Kompetenz, Empathie und ausgeprägten Patientenorientierung | Sie können sich mit Teamfähigkeit, Zuverlässigkeit, Kooperationsbereitschaft und Flexibilität identifizieren",,3,"einzige Klinik am Portal, Ort der Anzeige unbekannt; Ort der Stelle nicht belegt",https://www.klinikumforchheim.de/stellenangebot/flexpool-pflegefachkraft-w-m-d/
Klinikum Forchheim,"Forchheim, Oberfranken",OP,OTA (w/m/d) bzw. Pflegefachkraft (w/m/d) für den OP,ota_ata,P 12,einer Vergütung in Anlehnung bis zu Entgeltgruppe P 12 nach TVöD-K mit allen tariflichen Sozialleistungen des öffentlichen Dienstes,unklar,,vollzeit_teilzeit,"Eine abgeschlossene Berufsausbildung zum OTA (w/m/d) bzw. Pflegefachmann (w/m/d) | Idealerweise verfügen Sie über eine abgeschlossene Fachweiterbildung für den OP | Mehrjährige Berufserfahrung und gute Kenntnisse im Fachbereich OP | Sie verfügen über eine ausgeprägte Patientenorientierung | Eine engagierte und aufgeschlossene Persönlichkeit sowie fachliche Kompetenz | Teamfähigkeit, Zuverlässigkeit, Kooperationsbereitschaft und Flexibilität | Bereitschaft zur Schicht-, Sonn- und Feiertagsarbeit sowie zur Teilnahme am Bereit-schaftsdienst der Abteilung",Mehrjährige Berufserfahrung und gute Kenntnisse im Fachbereich OP,3,"einzige Klinik am Portal, Ort der Anzeige unbekannt; Ort der Stelle nicht belegt",https://www.klinikumforchheim.de/stellenangebot/ota-w-m-d-bzw-pflegefachkraft-w-m-d-fuer-den-op/
Klinikum Forchheim,"Forchheim, Oberfranken",interdisziplinäre Intensivstation,Pflegefachkraft (w/m/d) für die interdisziplinäre Intensivstation,fachweiterbildung,,Vergütung nach TVöD-K mit allen tariflichen Sozialleistungen des öffentlichen Dienstes,nein,,Voll- oder Teilzeit,staatliche Anerkennung als Gesundheits- und Krankenpfleger oder Pflegefachmann/-frau | Fachweiterbildung Intensiv- und Anästhesiepflege (DKG) oder Bereitschaft diese zu absolvieren,Fachweiterbildung Intensiv- und Anästhesiepflege (DKG) oder Bereitschaft,3,Zuordnung aus dem vorherigen Lauf übernommen; Ort der Stelle nicht belegt,https://www.klinikumforchheim.de/stellenangebot/pflegefachkraft-w-m-d-fuer-die-interdisziplinaere-intensivstation/
Klinikum Forchheim,"Forchheim, Oberfranken",Intermediate Care Station (IMC) und Aufwachraum,Pflegefachkraft (w/m/d) für unsere Intermediate Care Station (IMC),pflegefachkraft,,Vergütung nach TVöD-K mit sämtlichen Vergünstigungen für den öffentlichen Dienst und entsprechender Zusatzversorgung,nein,,Voll- oder Teilzeit,abgeschlossene Ausbildung zum Gesundheits- und Krankenpfleger oder zur Pflegefachkraft,,3,Zuordnung aus dem vorherigen Lauf übernommen; Ort der Stelle nicht belegt,https://www.klinikumforchheim.de/stellenangebot/pflegefachkraft-w-m-d-fuer-unsere-intermediate-care-station-imc/
Klinikum Forchheim,"Forchheim, Oberfranken",zentrale Notaufnahme,Pflegefachmann (w/m/d) oder Notfallsanitäter (w/m/d) für unsere zentrale Notaufnahme,pflegefachkraft,,Mit einer Vergütung nach TVöD-K mit allen tariflichen Sozialleistungen des öffentlichen Dienstes und einer allein durch den Arbeitgeber finanzierten betrieblichen Altersvorsorge,unklar,,vollzeit_teilzeit,"Abgeschlossene Ausbildung zum Gesundheits- und Krankenpfleger (w/m/d), Pflegefachmann (w/m/d) oder Notfallsanitäter (w/m/d) | Sie erkennen Akut- und Grenzsituationen und intervenieren sofort | Eine engagierte und aufgeschlossene Persönlichkeit | Empathisches und souveränes Auftreten auch in schwierigen Situationen | Teamfähigkeit, Zuverlässigkeit, Kooperationsbereitschaft und Flexibilität | Grundsätzliche Bereitschaft zur Schicht-, Sonn- und Feiertagsarbeit",,3,"einzige Klinik am Portal, Ort der Anzeige unbekannt; Ort der Stelle nicht belegt",https://www.klinikumforchheim.de/stellenangebot/pflegefachmann-w-m-d-oder-notfallsanitaeter-w-m-d-fuer-unsere-zentrale-notaufnahme/
Klinikum Forchheim,"Forchheim, Oberfranken",,Zentraler Praxisanleiter (m/w/d),pflegefachkraft,,einer Vergütung nach TVöD-K mit allen tariflichen Sozialleistungen des öffentlichen Dienstes,unklar,,vollzeit_teilzeit,"Eine abgeschlossene Berufsausbildung als Pflegefachkraft (w/m/d) sowie die Zusatzqualifikation als Praxisanleiter (w/m/d) | Selbstständige, flexible und eigenverantwortliche Arbeitsweise | Empathie, Engagement sowie fachliche und interkulturelle Kompetenz",,3,"einzige Klinik am Portal, Ort der Anzeige unbekannt; Ort der Stelle nicht belegt",https://www.klinikumforchheim.de/stellenangebot/zentraler-praxisanleiter-w-m-d/
Klinikum Freising,Freising,Akutgeriatrie / Geriatrie,Pflegefachkraft / Pflegefachperson (m/w/d) für den Fachbereich Akutgeriatrie / Geriatrie,pflegefachkraft,P8,Vergütung nach TVöD-K (VKA) Entgeltgruppe P8 mit Stufenzuordnung entsprechend der Berufserfahrung,ja,Unterstützung bei der Wohnraumsuche durch regionale Wohnraumangebote,unbefristet in Vollzeit / Teilzeit,abgeschlossene Berufsausbildung als Pflegefachkraft / Pflegefachperson | Bereitschaft 3-Schicht-System,,3,Zuordnung aus dem vorherigen Lauf übernommen; Ort der Stelle nicht belegt,https://www.mein-check-in.de/klinikum-freising/position-529609
Klinikum Freising,Freising,Hämatologie & Onkologie,Pflegefachkraft / Pflegefachperson (m/w/d) für den Fachbereich Hämatologie & Onkologie,pflegefachkraft,P8,Vergütung nach TVöD-K (VKA) Entgeltgruppe P8 (ohne Fachweiterbildung) oder Entgeltgruppe 9 (mit Fachweiterbildung Onkologie),ja,Unterstützung bei der Wohnraumsuche durch regionale Wohnraumangebote,unbefristet in Vollzeit / Teilzeit,abgeschlossene Berufsausbildung zum/zur Pflegefachkraft | Bereitschaft 3-Schicht-System,Weiterbildung in der Onkologie wünschenswert,3,Zuordnung aus dem vorherigen Lauf übernommen; Ort der Stelle nicht belegt,https://www.mein-check-in.de/klinikum-freising/position-205751
Klinikum Freising,Freising,Innere Kardiologie & Pneumologie,Pflegefachkraft / Pflegefachperson (m/w/d) für den Fachbereich Innere Kardiologie & Pneumologie,pflegefachkraft,P7,Vergütung nach TVöD-K (VKA) Entgeltgruppe P7 mit Stufenzuordnung entsprechend der Berufserfahrung,ja,Unterstützung bei der Wohnraumsuche durch regionale Wohnraumangebote,unbefristet in Vollzeit / Teilzeit,abgeschlossene Berufsausbildung als Pflegefachkraft / Pflegefachperson | Bereitschaft 3-Schicht-System und Springer-Dienste,Erfahrungen in der Inneren Medizin oder Bereitschaft zur Aneignung spezieller Fachkenntnisse,3,Zuordnung aus dem vorherigen Lauf übernommen; Ort der Stelle nicht belegt,https://www.mein-check-in.de/klinikum-freising/position-212054
Klinikum Freising,Freising,Interdisziplinäre Intensivstation (ITS),Pflegefachkraft / Pflegefachperson (w/m/d) für die interdisziplinäre Intensivstation (ITS),pflegefachkraft,,Vergütung nach TVöD-K (VKA) Entgeltgruppe P8 (ohne Fachweiterbildung) oder Entgeltgruppe P9 (mit Fachweiterbildung Intensiv- / Anästhesiepflege) mit Stufenzuordnung entsprechend der Berufserfahrung,ja,Unterstützung bei der Wohnraumsuche durch regionale Wohnraumangebote,unbefristet in Vollzeit / Teilzeit,abgeschlossene Berufsausbildung zur Pflegefachkraft | Bereitschaft 3-Schicht-System,vorzugsweise Fachweiterbildung Anästhesie und Intensivmedizin,3,"Zuordnung aus dem vorherigen Lauf übernommen; Ort der Stelle nicht belegt · pay_grade auf der Seite nicht gefunden, geleert",https://www.mein-check-in.de/klinikum-freising/position-205691
Klinikum Freising,Freising,Zentrale Notaufnahme (ZNA),Pflegefachkraft / Pflegefachperson / Notfallpflege-Fachkraft (m/w/d) für die interdisziplinäre Zentrale Notaufnahme (ZNA),pflegefachkraft,,Vergütung nach TVöD-K (VKA) Entgeltgruppe P8 (ohne Fachweiterbildung) oder Entgeltgruppe P9 (mit Fachweiterbildung Notfallpflege) mit Stufenzuordnung entsprechend der Berufserfahrung,ja,Unterstützung bei der Wohnraumsuche durch regionale Wohnraumangebote,unbefristet in Vollzeit / Teilzeit,abgeschlossene Berufsausbildung zum/zur Pflegefachkraft | Bereitschaft 3-Schicht-System,Weiterbildung Notfallpflege wünschenswert,3,"Zuordnung aus dem vorherigen Lauf übernommen; Ort der Stelle nicht belegt · pay_grade auf der Seite nicht gefunden, geleert",https://www.mein-check-in.de/klinikum-freising/position-205670
Klinikum Fünfseenland Gauting,Gauting,Psychiatrie und Psychotherapie,Job Krankenpfleger und Gesundheitspfleger,pflegefachkraft,,TVÖD-analoge Vergütung,unklar,,vollzeit_teilzeit,Sie sind examinierte r Gesundheits- und Krankenpfleger und interessieren sich für die Arbeit in der Psychiatrie | Sie bringen Grundkenntnisse in der Pflege von Patientinnen und Patienten mit psychiatrischen Erkrankungen mit | Sie verfügen über gute Kenntnisse in der deutschen Sprache | Sie arbeiten gern mit der Rückendeckung eines kompetenten multiprofessionellen Teams | Sie haben Empathie und Interesse an der Arbeit mit besonderen Menschen in Ausnahmesituationen,,3,"einzige Klinik am Portal, Ort der Anzeige unbekannt; Ort der Stelle nicht belegt",https://klinikum-fuenfseenland.de/job_krankenpfleger/
Klinikum Fünfseenland Gauting,Gauting,,Stellvertretender Stationsleiter VZ (m|w|d),leitung,,,ja,"Wir helfen Ihnen, die Zeit der Wohnungssuche so angenehm wie nur möglich zu machen. Und stellen Ihnen für die Startphase und bis zu sechs Monaten eine möblierte sowie preiswerte Wohnung im Klinikbereich zur Verfügung.",in Vollzeit,Krankenpfleger | Führungspersönlichkeit mit Durchsetzungsvermögen | gute EDV-Kenntnisse,idealerweise bereits einige Jahre Erfahrung im psychiatrischen bzw. klinischen Bereich,3,"Zuordnung aus dem vorherigen Lauf übernommen; Ort der Stelle nicht belegt · pay_text auf der Seite nicht gefunden, geleert",https://klinikum-fuenfseenland.de/stellvertretender-stationsleiter-vz-mwd/
Klinikum Fürstenfeldbruck,Fürstenfeldbruck,Interdisziplinäre Privatstation,Examinierte Pflegefachkraft (m/w/d) für unsere Privatstation,pflegefachkraft,,Bezahlung nach TVÖD sowie Gewährung der „München“-Zulage bei Vollzeittätigkeit in höhe von 270 € monatlich,ja,"Personalunterkunft kann gestellt werden, bzw. Hilfe bei der Wohnraumsuche",in Teilzeit,examinierte Gesundheits- und Krankenpflegekraft (m/w/d),,3,Zuordnung aus dem vorherigen Lauf übernommen; Ort der Stelle nicht belegt,https://www.klinikum-ffb.de/stellenangebote/examinierte-pflegefachkraft-m-w-d-fuer-unsere-privatstation/
Klinikum Fürstenfeldbruck,Fürstenfeldbruck,Akutgeriatrische Abteilung,Examinierte Pflegefachkräfte oder Altenpflegekraft (w/m/d) für die akutgeriatrische Abteilung,pflegefachkraft,,,nein,,,abgeschlossene dreijährige Ausbildung zur examinierten Pflegekraft,"Abgeschlossener Geriatrie-Basislehrgang oder Bereitschaft, diesen zu absolvieren",3,"Zuordnung aus dem vorherigen Lauf übernommen; Ort der Stelle nicht belegt · pay_text auf der Seite nicht gefunden, geleert",https://www.klinikum-ffb.de/stellenangebote/pflegefachkraft-akutgeriatrie/
Klinikum Fürstenfeldbruck,Fürstenfeldbruck,Stroke Unit incl. Intermediate Care,Examinierte/n Gesundheits- und Krankenpfleger/in (m/w/d) oder Pflegefachfrauen und-männer für unsere Stroke Unit incl. Intermediate Care,pflegefachkraft,,,nein,,,Examinierte/r Gesundheits- und Krankenpfleger/in bzw. Pflegefachfrau oder -mann | sicher im Umgang mit medizintechnischen Geräten,,3,"Zuordnung aus dem vorherigen Lauf übernommen; Ort der Stelle nicht belegt · pay_text auf der Seite nicht gefunden, geleert",https://www.klinikum-ffb.de/stellenangebote/examinierte-n-gesundheits-und-krankenpfleger-in-m-w-d-oder-pflegefachfrauen-und-maenner-fuer-unsere-stroke-unit-incl-intermediate-care/
Klinikum Fürstenfeldbruck,Fürstenfeldbruck,Zentrale Notaufnahme,Examinierte/n Pflegefachkraft (w/m/d) für unsere zentrale Notaufnahme,pflegefachkraft,,,nein,,,"examinierte Pflegefachkraft | sehr gute EDV-Kenntnisse | Nacht-, Wochenend- und Feiertagsarbeit",Fachweiterbildung Notfallpflege oder Bereitschaft diese zu absolvieren,3,"Zuordnung aus dem vorherigen Lauf übernommen; Ort der Stelle nicht belegt · pay_text auf der Seite nicht gefunden, geleert",https://www.klinikum-ffb.de/stellenangebote/examinierte-n-pflegefachkraft-w-m-d-als-stellvertretende-stationsleitung-der-zentralen-notaufnahme-2/
Klinikum Fürstenfeldbruck,Fürstenfeldbruck,Zentrale OP-Abteilung,Operationstechnische Assistenten (m/w/d) oder Pflegefachmann/-frau (m/w/d) (in Vollzeit oder auch Teilzeit),ota_ata,,,nein,,in Vollzeit oder auch Teilzeit,examiniert als Operationstechnische/r Assistent/in oder als Pflegefachmann/-frau (m/w/d) | Bereitschaftsdienst,,3,"Zuordnung aus dem vorherigen Lauf übernommen; Ort der Stelle nicht belegt · pay_text auf der Seite nicht gefunden, geleert",https://www.klinikum-ffb.de/stellenangebote/operationstechnische-assistenten-m-w-d-oder-pflegefachmann-frau-m-w-d-in-vollzeit-oder-auch-teilzeit/
Klinikum Fürth,Fürth,Interdisziplinäre Intensivstation,Pflegefachkraft Intensivstation (m/w/d),pflegefachkraft,,Transparente Vergütung nach TVöD,unklar,,"Vollzeit, Teilzeit",Abgeschlossene Ausbildung als Pflegefachkraft oder Gesundheits- und Krankenpfleger,,3,Zuordnung aus dem vorherigen Lauf übernommen; keine Belegzitate,https://jobs.klinikum-fuerth.de/de/jobs/11036
Klinikum Fürth,Fürth,Zentrale Notaufnahme,Pflegefachkraft Zentrale Notaufnahme (m/w/d),pflegefachkraft,,Transparente Vergütung nach TVöD,unklar,,"Vollzeit, Teilzeit",Examinierte Pflegefachkraft oder Gesundheits- und Krankenpfleger (mit und ohne Fachweiterbildung Notfallpflege),,3,Zuordnung aus dem vorherigen Lauf übernommen; keine Belegzitate,https://jobs.klinikum-fuerth.de/de/jobs/11085
Klinikum Fürth,Fürth,Aufwachraum Zentral-OP,Pflegefachkraft für den Aufwachraum im Zentral - OP (m/w/d),pflegefachkraft,,Transparente Vergütung nach TVöD,unklar,,"Vollzeit, Teilzeit","Abgeschlossene Ausbildung zur Pflegefachkraft, gerne mit Anästhesie- und Intensiv- oder IMC-Fachweiterbildung",Erfahrung im Bereich der Anästhesie und Aufwachraum,3,Zuordnung aus dem vorherigen Lauf übernommen; keine Belegzitate,https://jobs.klinikum-fuerth.de/de/jobs/11005
Klinikum Fürth,Fürth,Akutgeriatrie,Pflegefachkraft für die Akutgeriatrie (m/w/d),pflegefachkraft,,Transparente Vergütung nach TVöD,unklar,,"Vollzeit, Teilzeit",Abgeschlossene Ausbildung zur Pflegefachkraft (m/w/d) oder eine vergleichbare Qualifikation,,3,Zuordnung aus dem vorherigen Lauf übernommen; keine Belegzitate,https://jobs.klinikum-fuerth.de/de/jobs/10932
Klinikum Fürth,Fürth,Neurologie,Pflegefachkraft für die Neurologie (m/w/d),pflegefachkraft,,Transparente Vergütung nach TVöD,unklar,,"Vollzeit, Teilzeit",Abgeschlossene Ausbildung zur Pflegefachkraft oder eine vergleichbare Qualifikation,,3,Zuordnung aus dem vorherigen Lauf übernommen; keine Belegzitate,https://jobs.klinikum-fuerth.de/de/jobs/11074
Klinikum Fürth,Fürth,,Pflegerische Berufe Jetzt bewerben,unklar,,,,,,,,3,"einzige Klinik am Portal, Ort der Anzeige unbekannt; Ort der Stelle nicht belegt",https://jobs.klinikum-fuerth.de/de/jobs/9/intro
Klinikum Garmisch-Partenkirchen,82467 Garmisch-Partenkirchen,OP,OTA / Operationstechnischer Assistent (m/w/d),ota_ata,,"Tarifgebundene, sichere Arbeitsverhältnisse (TVöD-K)",ja,Mitarbeiterwohnungen,,,,5,,https://jobs.klinikum-gap.de/jobposting/07a209116aea96ac32323cd3e3cb0fd07f0bd9c8
Klinikum Garmisch-Partenkirchen,82467 Garmisch-Partenkirchen,,Pflegefachhelfer (m/w/d),hilfskraft,,"Tarifgebundene, sichere Arbeitsverhältnisse (TVöD-K)",ja,Mitarbeiterwohnungen,,,,5,,https://jobs.klinikum-gap.de/jobposting/29b1a5c776c4232d42d3c95fef0cc4f348f0b472
Klinikum Garmisch-Partenkirchen,82467 Garmisch-Partenkirchen,Innere Medizin,Pflegefachhelfer (m/w/d) Innere Medizin in Murnau,hilfskraft,,"Tarifgebundene, sichere Arbeitsverhältnisse (TVöD-K)",ja,Mitarbeiterwohnungen,unklar,,,5,,https://jobs.klinikum-gap.de/jobposting/ea1ed57725b608233b8e3aa397f40968ed5455be
Klinikum Garmisch-Partenkirchen,82467 Garmisch-Partenkirchen,Intensivstation,Pflegefachhelfer (m/w/d) Intensivstation,hilfskraft,,"Tarifgebundene, sichere Arbeitsverhältnisse (TVöD-K)",ja,Mitarbeiterwohnungen,,Bewerbe Dich gerne auch mit einer abgeschlossenen Ausbildung als Altenpflegehelfer (m/w/d),,5,,https://jobs.klinikum-gap.de/jobposting/c28d2ffa115d57c925a407f7ccb0a9bc9b383da3
Klinikum Garmisch-Partenkirchen,82467 Garmisch-Partenkirchen,Akutgeriatrie,Pflegefachkraft (m/w/d) Akutgeriatrie,pflegefachkraft,,"Tarifgebundene, sichere Arbeitsverhältnisse (TVöD-K)",ja,Mitarbeiterwohnungen,,"Idealer Weise hast Du geriatrie-spezifische Qualifikationen oder Lust, diese bei uns zu erwerben, bis hin zur Fachweiterbildung",,5,,https://jobs.klinikum-gap.de/jobposting/73ef6b5dda56353319973dab0dd29b99b0c8af34
Klinikum Garmisch-Partenkirchen,82467 Garmisch-Partenkirchen,Chirurgie,Pflegefachkraft (m/w/d) Chirurgie,pflegefachkraft,,Ausfallkonzept mit Bonuskarte,ja,Mitarbeiterwohnungen,,,,5,,https://jobs.klinikum-gap.de/jobposting/cdb1427e177d7a8ba4e10654f2b6c15bdf71ee45
Klinikum Garmisch-Partenkirchen,82467 Garmisch-Partenkirchen,,Pflegefachkraft (m/w/d) Dauernachtdienst,pflegefachkraft,,außertarifliche Zahlung der Wechselschichtzulage,ja,Mitarbeiterwohnungen,,,,5,,https://jobs.klinikum-gap.de/jobposting/79e3389bb9841d0a0f2cc810d94924fa6541ac18
Klinikum Garmisch-Partenkirchen,82467 Garmisch-Partenkirchen,Innere Medizin,Pflegefachkraft (m/w/d) Dauernachtdienst in Murnau,pflegefachkraft,,außertarifliche Zahlung der Wechselschichtzulage,ja,Mitarbeiterwohnungen,,,,5,,https://jobs.klinikum-gap.de/jobposting/a87a60681505b85c69430812f592297211538841
Klinikum Garmisch-Partenkirchen,82467 Garmisch-Partenkirchen,Innere Medizin,Pflegefachkraft (m/w/d) Innere Medizin,pflegefachkraft,,Ausfallkonzept mit Bonuskarte,ja,Mitarbeiterwohnungen,unklar,,,5,,https://jobs.klinikum-gap.de/jobposting/f95ea47eb31c7910b67922f3b8e801e778c5bc20
Klinikum Garmisch-Partenkirchen,82467 Garmisch-Partenkirchen,Intensivstation,Pflegefachkraft (m/w/d) Intensivstation,fachweiterbildung,,"attraktive, außertarifliche Zulage",ja,Mitarbeiterwohnungen,,Idealer Weise abgeschlossene Fachweiterbildung Anästhesie- oder Intensivpflege oder die Bereitschaft die Fachweiterbildung bei uns zu absolvieren,,5,,https://jobs.klinikum-gap.de/jobposting/e19d10f4aa56f0b54666bf90b4e4c95a852eae5c
Klinikum Garmisch-Partenkirchen,82467 Garmisch-Partenkirchen,interdisziplinäre Akutstation,Pflegefachkraft (m/w/d) Interdisziplinäre Akutstation,pflegefachkraft,,"Tarifgebundene, sichere Arbeitsverhältnisse (TVöD-K)",ja,Mitarbeiterwohnungen,,,,5,,https://jobs.klinikum-gap.de/jobposting/32f709a7509f93e705b0ce8654bccb1eeec83ebc
Klinikum Garmisch-Partenkirchen,82467 Garmisch-Partenkirchen,Neonatologie,Pflegefachkraft (m/w/d) Neonatologie,fachweiterbildung,,"Tarifgebundene, sichere Arbeitsverhältnisse (TVöD-K)",ja,Mitarbeiterwohnungen,,Idealer Weise abgeschlossene Fachweiterbildung pädiatrische Intensivpflege,,5,,https://jobs.klinikum-gap.de/jobposting/63cad4df1b7c6a0e3dc4289dd8ca81c05acc4c10
Klinikum Garmisch-Partenkirchen,82467 Garmisch-Partenkirchen,Onkologie,Pflegefachkraft (m/w/d) Onkologie,fachweiterbildung,,"Tarifgebundene, sichere Arbeitsverhältnisse (TVöD-K)",ja,Mitarbeiterwohnungen,,Du hast Berufserfahrung in der Onkologie | Idealer Weise hast Du eine abgeschlossene Fachweiterbildung im Bereich der Onkologie | Du verfügst über Einfühlungsvermögen und psychische Belastbarkeit,Berufserfahrung in der Onkologie,5,,https://jobs.klinikum-gap.de/jobposting/a4b8516ae1f6b00ac65a7d35bed4b0a427b9e8e9
Klinikum Garmisch-Partenkirchen,82467 Garmisch-Partenkirchen,Palliativstation,Pflegefachkraft (m/w/d) Palliativstation,fachweiterbildung,,"Tarifgebundene, sichere Arbeitsverhältnisse (TVöD-K)",ja,Mitarbeiterwohnungen,,Idealer Weise hast Du eine abgeschlossene Weiterbildung Palliative Care | Du hast Berufserfahrung im Umgang mit Schwerstkranken und Sterbenden | Du verfügst über Einfühlungsvermögen und psychische Belastbarkeit,Berufserfahrung im Umgang mit Schwerstkranken und Sterbenden,5,,https://jobs.klinikum-gap.de/jobposting/8b01769cf0f1bf67ce1a7cd58269506f40ea6bc7
Klinikum Garmisch-Partenkirchen,82467 Garmisch-Partenkirchen,Pädiatrie,Pflegefachkraft (m/w/d) Pädiatrie,pflegefachkraft,,"Tarifgebundene, sichere Arbeitsverhältnisse (TVöD-K)",ja,Mitarbeiterwohnungen,,Idealer Weise Vertiefung in der Pädiatrie während der praktischen Ausbildung,,5,,https://jobs.klinikum-gap.de/jobposting/2756dbf2b30d9f56ce7bcec9e78818d06d7c9390
Klinikum Garmisch-Partenkirchen,Garmisch Partenkirchen,Springerpool,Pflegefachkraft (m/w/d) Springerpool,pflegefachkraft,,Attraktive Springerpool-Zulage,ja,Mitarbeiterwohnungen,,Flexibilität und Spaß an verschiedensten Fachbereichen,,5,,https://jobs.klinikum-gap.de/jobposting/cae58652e6ee235177ebff27559de7b2fc3e74da
Klinikum Garmisch-Partenkirchen,82467 Garmisch-Partenkirchen,Urologie,Pflegefachkraft (m/w/d) Urologie,pflegefachkraft,,"Tarifgebundene, sichere Arbeitsverhältnisse (TVöD-K)",ja,Mitarbeiterwohnungen,,,,5,,https://jobs.klinikum-gap.de/jobposting/5ae4daa1fb637b7b4c0a4304a179e3844fb0df97
Klinikum Garmisch-Partenkirchen,Garmisch-Partenkirchen,Komfort-Station,Pflegefachkraft (m/w/d) auf unserer exklusiven Komfort-Station,pflegefachkraft,,"Tarifgebundene, sichere Arbeitsverhältnisse (TVöD-K)",ja,Mitarbeiterwohnungen,,"Du bist eine dreijährig examinierte Pflegefachkraft (m/w/d) | Du besitzt ein hohes Maß an Dienstleistungsorientierung, Qualitätsbewusstsein und hast einen hohen Anspruch an Deine eigene Leistung | Du verfügst über ausgezeichnete Umgangsformen und eine ausgeprägte Kommunikationsfähigkeit | Dein Auftreten ist patienten- und teamorientiert",,5,,https://jobs.klinikum-gap.de/jobposting/d1972ff26b7e06d6907cc672e2a094082fee5bbb
Klinikum Garmisch-Partenkirchen,82467 Garmisch-Partenkirchen,Mutter-Kind-Zentrum,Pflegefachkraft (m/w/d) im Mutter-Kind-Zentrum,pflegefachkraft,,"Tarifgebundene, sichere Arbeitsverhältnisse (TVöD-K)",ja,Mitarbeiterwohnungen,,,,5,,https://jobs.klinikum-gap.de/jobposting/5c7365ce0fe37383b145219d64550fa3d96723c7
Klinikum Garmisch-Partenkirchen,82467 Garmisch-Partenkirchen,Intensivstation,Pflegefachkraft (m/w/d) im Trainee-Programm,pflegefachkraft,,"Tarifgebundene, sichere Arbeitsverhältnisse (TVöD-K)",ja,Mitarbeiterwohnungen,,"Abgeschlossene Ausbildung als Gesundheits- und Krankenpfleger (m/w/d) neu im Beruf, oder schon erfahren ohne Intensivkenntnisse",,5,,https://jobs.klinikum-gap.de/jobposting/b38735ce7923f2879e25a9f734e90cdbe2da993f
Klinikum Garmisch-Partenkirchen,82467 Garmisch-Partenkirchen,Endoskopie (Murnau),Pflegefachkraft (m/w/d) oder OTA (m/w/d) oder MFA (m/w/d) Endoskopie Murnau,ota_ata,,"Tarifgebundene, sichere Arbeitsverhältnisse (TVöD-K)",ja,Mitarbeiterwohnungen,,"Ausbildung als MFA, OTA oder Pflegefachkraft (m/w/d) abgeschlossen | gültiger Führerschein",idealerweise Erfahrung im Arbeitsbereich Endoskopie bzw. die Fachweiterbildung Endoskopie,4,Klinik nach Anzeigenort korrigiert,https://jobs.klinikum-gap.de/jobposting/befa68f4891e9ce50a02f3147bba34dbc00660f8
Klinikum Garmisch-Partenkirchen,82467 Garmisch-Partenkirchen,Pflegeschule,Pflegepädagoge (m/w/d) in unserer Pflegeschule,unklar,,"Tarifgebundene, sichere Arbeitsverhältnisse (TVöD-K)",ja,Mitarbeiterwohnungen,,Du hast Dein Studium der Pflegepädagogik bzw. einen vergleichbaren Abschluss oder die Weiterbildung zum Lehrer (m/w/d) für Pflegeberufe abgeschlossen | und kannst idealer Weise auf mehrere Jahre Berufserfahrung in der praktischen Pflege zurückblicken | Du hast Spaß am theoretischen und praktischen Unterrichten | Du übernimmst gerne organisatorische und administratorische Aufgaben für anstehende Projekte,,5,,https://jobs.klinikum-gap.de/jobposting/72f8e1b7ef814116d01eff1d9b03c6b238fe89cc
Klinikum Garmisch-Partenkirchen,82467 Garmisch-Partenkirchen,Innere Medizin,Pflegerische Leitung (m/w/d) Innere Medizin,leitung,,"Tarifgebundene, sichere Arbeitsverhältnisse (TVöD-K)",ja,Mitarbeiterwohnungen,,Du hast Deine Ausbildung als Pflegefachkraft (m/w/d) abgeschlossen | Du kannst auf eine mehrjährige Berufs- und Führungserfahrung zurückgreifen | Du hast eine DKG-anerkannte Qualifikation zur Leitung oder ein abgeschlossenes Studium im Bereich Pflegemanagement,mehrjährige Berufs- und Führungserfahrung,5,,https://jobs.klinikum-gap.de/jobposting/fb88f9053b1425a7bc347d0e327b7e9653321324
Klinikum Garmisch-Partenkirchen,82467 Garmisch-Partenkirchen,Urologie,Pflegerische Leitung (m/w/d) Urologie,leitung,,"Tarifgebundene, sichere Arbeitsverhältnisse (TVöD-K)",ja,Mitarbeiterwohnungen,,Du hast Deine Ausbildung als Pflegefachkraft (m/w/d) abgeschlossen | Du kannst auf eine mehrjährige Berufs- und Führungserfahrung zurückgreifen | Du hast eine DKG-anerkannte Qualifikation zur Leitung oder ein abgeschlossenes Studium im Bereich Pflegemanagement,mehrjährige Berufs- und Führungserfahrung,5,,https://jobs.klinikum-gap.de/jobposting/e76906d100200d4a82a1e1f689e462aae6672e1f
Klinikum Garmisch-Partenkirchen,82467 Garmisch-Partenkirchen,,Zentraler Praxisanleiter (m/w/d),fachweiterbildung,,"Tarifgebundene, sichere Arbeitsverhältnisse (TVöD-K)",ja,Mitarbeiterwohnungen,,Du bist examinierter Gesundheits- und Krankenpfleger (m/w/d) und verfügst über mindestens zwei Jahre Berufserfahrung | Du hast eine berufspädagogische Zusatzqualifikation als Praxisanleiter oder ein pflegepädagogisches Studium abgeschlossen,mindestens zwei Jahre Berufserfahrung,5,,https://jobs.klinikum-gap.de/jobposting/13291267452a80857a3d75c15f90a61211f99ae7
Klinikum Garmisch-Partenkirchen,82467 Garmisch-Partenkirchen,Pädiatrie,Zentraler Praxisanleiter (m/w/d) Pädiatrie,unklar,,"Tarifgebundene, sichere Arbeitsverhältnisse (TVöD-K)",ja,Mitarbeiterwohnungen,,Du bist examinierter Gesundheits- und Kinderkrankenpfleger (m/w/d) und verfügst über mindestens zwei Jahre Berufserfahrung in der Pädiatrie | Du hast eine berufspädagogische Zusatzqualifikation als Praxisanleiter oder ein pflegepädagogisches Studium abgeschlossen,mindestens zwei Jahre Berufserfahrung in der Pädiatrie,5,,https://jobs.klinikum-gap.de/jobposting/9c7d98d113940a81a7ef61aea6fe6c9a47f7ae58
Klinikum Kaufbeuren,Kaufbeuren,,s057dea0c 81fb 4208 bb97 2ef0d25759a9 pflegepaedagoge lehrkraft fuer pflegeberufe mwd,leitung,,,,,,,,5,,https://www.kliniken-oal-kf.de/karriere/karriereportal/stellenangebote/s057dea0c-81fb-4208-bb97-2ef0d25759a9--pflegepaedagoge-lehrkraft-fuer-pflegeberufe-mwd
Klinikum Kaufbeuren,Kaufbeuren,interdisziplinäre Intensivstation,s5b42465b 5383 4e97 af15 67079f6c97d8 pflegefachkraft mwd fuer die interdisziplinaere intensivstation,pflegefachkraft,,,,,,,,5,,https://www.kliniken-oal-kf.de/karriere/karriereportal/stellenangebote/s5b42465b-5383-4e97-af15-67079f6c97d8--pflegefachkraft-mwd-fuer-die-interdisziplinaere-intensivstation
Klinikum Kaufbeuren,Kaufbeuren,Kinder- und Jugendpsychosomatik,s6ac9b143 a57a 4e18 88ed 79a0e54ae58e pflegefachkraft mwd fuer die kinder und jugendpsychosomatik,pflegefachkraft,,,,,,,,5,,https://www.kliniken-oal-kf.de/karriere/karriereportal/stellenangebote/s6ac9b143-a57a-4e18-88ed-79a0e54ae58e--pflegefachkraft-mwd-fuer-die-kinder-und-jugendpsychosomatik
Klinikum Kaufbeuren,Kaufbeuren,Operationsdienst (OP),s7e235ed0 712d 471f 887f 05faa7686555 pflegefachkraft operationstechnische r assistent in mwd im operationsdienst op,ota_ata,,,,,,,,5,,https://www.kliniken-oal-kf.de/karriere/karriereportal/stellenangebote/s7e235ed0-712d-471f-887f-05faa7686555--pflegefachkraft-operationstechnische-r-assistent-in-mwd-im-operationsdienst-op
Klinikum Kempten,Kempten (Allgäu),Zentrale Interdisziplinäre Notaufnahme,1531,pflegefachkraft,,,unklar,,vollzeit_teilzeit,"Abgeschlossene Ausbildung zur/m: Examinierten Pflegefachkraft (m/w/d) Notfallsanitäter (m/w/d) | Du arbeitest gerne in einem Team und möchtest Deine hohe Fach-und Sozialkompetenz gerne an unseren PatientInnen anwenden. | Du hast Spaß am Organisieren, bist zuverlässig und verantwortungsbewusst. | Du bist bereit, Dich mit Fort-und Weiterbildungen weiterzuentwickeln.",,3,"Klinik über Stadt, nicht über Portal; Ort der Stelle nicht belegt",https://karriere-im.klinikverbund-allgaeu.de/karriere-detail/Immenstadt/Pflegefachkraft-mwd-oder-Notfallsanitter-mwd-fr-die-Zentrale-Interdisziplinre-Notaufnahme/1531?cHash=b7049de2ad1b8fbfeaac9322d8119851
Klinikum Kempten,Kempten (Allgäu),neonatologische Intensivstation,1581,fachweiterbildung,,,unklar,,vollzeit_teilzeit,"Abgeschlossene Ausbildung als Pflegefachkraft – idealerweise mit pädiatrischer Qualifikation | Interesse oder Erfahrung in der Neonatologie und pädiatrischen Intensivpflege | Eine strukturierte und verantwortungsbewusste Arbeitsweise | Empathie und Feingefühl im Umgang mit Kindern und ihren Familien | Teamgeist, Verlässlichkeit und eine offene Kommunikation | Motivation, dich fachlich weiterzuentwickeln und dein Wissen einzubringen | Fachweiterbildung pädiatrische Intensiv- und Anästhesiepflege ist willkommen – wir unterstützen dich gerne auf dem Weg dorthin | Emotionale Stabilität und Resilienz, um auch in belastenden Situationen sicher und professionell handeln zu können",Interesse oder Erfahrung in der Neonatologie und pädiatrischen Intensivpflege,4,Ort der Stelle nicht belegt,https://karriere-im.klinikverbund-allgaeu.de/karriere-detail/Kempten/Pflegefachkraft-mwd-fr-unsere-neonatologische-Intensivstation/1581?cHash=2739abad53f16d53874f88fae432fcc8
Klinikum Kempten,Kempten (Allgäu),urologische Funktionsabteilung,1586,pflegefachkraft,,Vergütung nach TVÖD,unklar,,vollzeit_teilzeit,"Abgeschlossene Ausbildung als Pflegefachkraft (m/w/d), OTA (m/w/d) oder MFA (m/w/d) | Belastbarkeit, Qualitätsbewusstsein, Organisationstalent und Teamfähigkeit | Selbstständiges und gewissenhaftes Arbeiten | Bereitschaft zur Übernahme von Rufdiensten ist Voraussetzung",,4,Ort der Stelle nicht belegt,https://karriere-im.klinikverbund-allgaeu.de/karriere-detail/Kempten/MFA-Pflegefachkraft-OTA-mwd-fr-die-urologische-Funktionsabteilung-/1586?cHash=1292130ef79748d7ae2abbb7243bddc8
Klinikum Kempten,Kempten (Allgäu),,2128,fachweiterbildung,,,unklar,,vollzeit_teilzeit,"Du verfügst über eine abgeschlossene Ausbildung als Gesundheits- und Krankenpfleger (m/w/d) mit intensivmedizinischer Erfahrung | und/oder der Zusatzqualifikation Intensiv-/Anästhesiefachkurs mit der Absicht die Ausbildung zum Atmungstherapeut (m/w/d) zu absolvieren | Soziale Kompetenz im Umgang mit pneumologisch kranken Patienten, Flexibilität und Zuverlässigkeit gehört für Dich zum Arbeitsalltag dazu | Außerdem besitzt Du ein hohes Maß an Engagement, Teamgeist und Motivation",,4,Ort der Stelle nicht belegt,https://karriere-im.klinikverbund-allgaeu.de/karriere-detail/Immenstadt-Kempten/Atmungstherapeut--Respiratory-Therapist-mwd-/2128?cHash=a59b6fa8f73d0af8d73449b56cd177b2
Klinikum Kempten,Kempten (Allgäu),,2244,unklar,,,unklar,,vollzeit_teilzeit,"Zur pädagogischen Qualifikation eine abgeschlossene Ausbildung als examinierte Pflegefachkraft | Ein generalistisches Pflegeverständnis und Freude am interdisziplinären Arbeiten | Fachliche und pädagogische Kompetenz für einen lebendigen Unterricht und eine starke Praxisausbildung | Kreativität, Teamgeist und Lust, neue Wege zu gehen | Motivation, die innovativen Konzepte der BFS aktiv umzusetzen (Skills-Training; PBL; Simulation und OSCE) | Eigeninitiative und Freude an persönlicher und beruflicher Weiterentwicklung",,4,Ort der Stelle nicht belegt,https://karriere-im.klinikverbund-allgaeu.de/karriere-detail/Kempten/Pflegepdagogen-Medizinpdagogen-BachelorMasterDiplom-oder-Lehrer-fr-Pflegeberufe-mwd-/2244?cHash=55c107ea0e6854c029f29c7a57f80b05
Klinikum Kempten,Kempten (Allgäu),Endoskopie,2245,pflegefachkraft,,Attraktive Vergütung nach TVÖD-K,unklar,,vollzeit_teilzeit,"Abgeschlossene Ausbildung zum Gesundheits- und Krankenpfleger / Medizinische Fachangestellte / OTA (m/w/d) | Hohe Sozialkompetenz und gute Teamfähigkeit | Bereitschaft zu Rufdiensten | Erfahrung in der Gastroenterologie / Endoskopie ist von Vorteil | Belastbarkeit und Konzentrationsfähigkeit | Eine engagierte und motivierte Persönlichkeit mit hoher fachlicher und sozialer Kompetenz | Hohe Einsatz- und Verantwortungsbereitschaft, Flexibilität und Innovationsfähigkeit | Teamgeist und die Fähigkeit zur Koordination fachübergreifender Arbeitsabläufe, prozessorientiertes und wirtschaftliches Handeln",Erfahrung in der Gastroenterologie / Endoskopie ist von Vorteil,4,Ort der Stelle nicht belegt,https://karriere-im.klinikverbund-allgaeu.de/karriere-detail/Kempten/Pflegefachkraft--Medizinische-Fachangestellte-mwd--OTA-mwd-fr-die-Endoskopie/2245?cHash=9e5ac556c31c687959cf5f84684c7755
Klinikum Kempten,Kempten (Allgäu),kardiologische Funktion,2324,pflegefachkraft,,Vergütung nach TVÖD,unklar,,teilzeit,"Abgeschlossene Ausbildung zum Gesundheits- und Krankenpfleger (m/w/d) / Medizinische Fachangestellte (m/w/d) | Hohe Sozialkompetenz und gute Teamfähigkeit | Hohe Verantwortungsbereitschaft, Belastbarkeit und Flexibilität | Fähigkeit zur Koordination fachübergreifender Arbeitsabläufe, prozessorientiertes und wirtschaftliches Handeln",,4,Ort der Stelle nicht belegt,https://karriere-im.klinikverbund-allgaeu.de/karriere-detail/Kempten/Pflegefachkraft-mwd--Medizinische-Fachangestellte-mwd-fr-die-kardiologische-Funktion-in-Teilzeit/2324?cHash=70bcc3e170b8e36f8928c9e8d474f9e2
Klinikum Kempten,Kempten (Allgäu),,2461,unklar,,,unklar,,vollzeit_teilzeit,"Abgeschlossenes Studium der Pflegepädagogik, Medizinpädagogik oder Berufspädagogik (Bachelor oder Master) | Alternativ: vergleichbare pädagogische Qualifikation | Berufserfahrung im OP wünschenswert | Freude an moderner, kompetenzorientierter Wissensvermittlung | Teamgeist, Organisationsstärke und Begeisterung für die Arbeit mit jungen Menschen",Berufserfahrung im OP wünschenswert,4,Ort der Stelle nicht belegt,https://karriere-im.klinikverbund-allgaeu.de/karriere-detail/Kempten/Lehrkraft-fr-OTA-Pflegepdagoge-Medizinpdagoge-Berufspdagoge-mwd/2461?cHash=30893e5849a31200e0f6c4ad3e8386ab
Klinikum Kempten,Kempten (Allgäu),Ambulantes OP-Zentrum,2619,pflegefachkraft,,,unklar,,vollzeit_teilzeit,Abgeschlossene Ausbildung als Pflegefachkraft / Gesundheits- und Krankenpfleger (m/w/d) | Fachpflegekraft für Anästhesie und Intensivpflege (m/w/d) | Anästhesietechnische Assistenz (ATA) (m/w/d) | Verantwortungsbewusstsein und Teamgeist | Strukturierte und patientenorientierte Arbeitsweise | Freude an interdisziplinärer Zusammenarbeit,,4,Ort der Stelle nicht belegt,https://karriere-im.klinikverbund-allgaeu.de/karriere-detail/Kempten/Krankenschwester-oder-Pflegefachkraft--ATA-mwd-fr-unser-Ambulantes-OP-Zentrum/2619?cHash=6d1d05b6db6583e137943b8c6281518d
Klinikum Kempten,Kempten (Allgäu),Schmerztherapie,Pain Nurse (m/w/d) Klinikverbund Allgäu gGmbH Kempten ab sofort Vollzeit; Teilzeit,fachweiterbildung,,,unklar,,vollzeit_teilzeit,"Eine abgeschlossene Ausbildung als Pflegefachkraft (m/w/d) | Idealerweise eine abgeschlossene Weiterbildung zur Pain Nurse (m/w/d) bzw. Algesiologischen Fachkraft (m/w/d) oder Du hast Interesse, diese zu absolvieren | Du verfügst über erste Kenntnisse und Erfahrungen in der Arbeit mit chronischen Schmerzpatienten | bringst Vorerfahrung in der Leitung und Führung von Gruppen mit | Eine hohe Bereitschaft zur engen interdisziplinären Zusammenarbeit und ein hohes Maß an Engagement, Flexibilität, Kommunikationsvermögen und Teamfähigkeit",Erfahrungen in der Arbeit mit chronischen Schmerzpatienten,4,Ort der Stelle nicht belegt,https://karriere-im.klinikverbund-allgaeu.de/karriere-detail/Kempten/Pain-Nurse-mwd/1688?cHash=85db755bf3a357a363e6887727a37e7d
Klinikum Kempten,Kempten (Allgäu),C04 - Pädiatrie,Pflegefachkraft (m/w/d) für den Bereich C04 - Pädiatrie Klinikverbund Allgäu gGmbH Kempten ab sofort Vollzeit; Teilzeit,pflegefachkraft,,,unklar,,vollzeit_teilzeit,"Du verfügst über eine abgeschlossene Ausbildung zur examinierten Pflegefachkraft (m/w/d) | Du arbeitest gerne in einem Team und möchtest Deine hohe Fach-und Sozialkompetenz an unseren Patienten anwenden | Du hast Spaß am Organisieren, bist zuverlässig und verantwortungsbewusst | Du bist bereit, Dich in Fort-und Weiterbildungen weiterzuentwickeln",,4,Ort der Stelle nicht belegt,https://karriere-im.klinikverbund-allgaeu.de/karriere-detail/Kempten/Pflegefachkraft-mwd-fr-den-Bereich-C---Pdiatrie/2173?cHash=439ca0367f36c0866b6e95aab1d9aa28
Klinikum Kulmbach,Kulmbach,Zentral-OP,OP-Pflegefachkraft oder Operationstechnischer Assistent (m/w/d) für unseren Zentral-OP in Voll-/Teilzeit,ota_ata,,Vergütung nach TVÖD-K mit sämtlichen Vergünstigungen für den öffentlichen Dienst,unklar,,"Voll-/Teilzeit, unbefristeter Arbeitsvertrag","Abgeschlossene Ausbildung als Pflegefachkraft (m/w/d) idealerweise mit abgeschlossener Fachweiterbildung OP-Pflege, oder als Operationstechnischer Assistent (m/w/d)",Fachweiterbildung OP-Pflege idealerweise,4,Zuordnung aus dem vorherigen Lauf übernommen,https://klinikumkulmbach.softgarden.io/job/64033503?l=de
Klinikum Kulmbach,Kulmbach,Pflegestationen der Gastroenterologie,Pflegefachkraft (m/w/d) für Pflegestationen der Gastroenterologie in Voll-/Teilzeit,pflegefachkraft,,Vergütung nach TVöD-K mit sämtlichen Vergünstigungen für den öffentlichen Dienst,unklar,,"Voll-/Teilzeit, unbefristeter Arbeitsvertrag",Abgeschlossene Ausbildung zum Gesundheits- und Krankenpfleger (m/w/d) oder zur Pflegefachkraft (m/w/d),,4,Zuordnung aus dem vorherigen Lauf übernommen,https://klinikumkulmbach.softgarden.io/job/54322893?l=de
Klinikum Kulmbach,Kulmbach,Intensivstationen (operative und internistische),Pflegefachkraft (m/w/d) für unsere Intensivstationen (operative und internistische) in Voll-/Teilzeit,pflegefachkraft,,Vergütung nach TVöD-K mit sämtlichen Vergünstigungen für den öffentlichen Dienst,unklar,,"Voll-/Teilzeit, unbefristeter Arbeitsvertrag",Abgeschlossene Ausbildung zum Gesundheits- und Krankenpfleger (m/w/d) oder zur Pflegefachkraft (m/w/d),Berufserfahrung im Bereich der Intensivpflege erwünscht; Fachweiterbildung erwünscht oder Bereitschaft diese zu absolvieren,4,Zuordnung aus dem vorherigen Lauf übernommen,https://klinikumkulmbach.softgarden.io/job/54395988?l=de
Klinikum Kulmbach,Kulmbach,Intermediate Care Station (IMC) mit Stroke Unit,Pflegefachkraft (m/w/d) für unsere Intermediate Care Station (IMC) mit Stroke Unit in Voll-/Teilzeit,pflegefachkraft,,Vergütung nach TVöD-K mit sämtlichen Vergünstigungen für den öffentlichen Dienst,unklar,,"Voll-/Teilzeit, unbefristeter Arbeitsvertrag",Abgeschlossene Ausbildung zum Gesundheits- und Krankenpfleger (m/w/d) oder zur Pflegefachkraft (m/w/d),,4,Zuordnung aus dem vorherigen Lauf übernommen,https://klinikumkulmbach.softgarden.io/job/52407150?l=de
Klinikum Kulmbach,Kulmbach,"Station 2-A (Urologie, Thoraxchirurgie)","Pflegefachkraft (m/w/d) oder Pflegefachhelfer (m/w/d) für unsere Station 2-A (Urologie, Thoraxchirurgie) in Voll-/Teilzeit",pflegefachkraft,,Vergütung nach TVöD-K mit sämtlichen Vergünstigungen für den öffentlichen Dienst,unklar,,"Voll-/Teilzeit, unbefristeter Arbeitsvertrag",Abgeschlossene Ausbildung zur Pflegefachkraft (m/w/d) oder zum Pflegefachhelfer (m/w/d),,4,Zuordnung aus dem vorherigen Lauf übernommen,https://klinikumkulmbach.softgarden.io/job/63039334?l=de
Klinikum Landkreis Erding,Erding,Pflege / Funktionsdienst / OP und Anästhesie,Pflege / Funktionsdienst / OP und Anästhesie (15),unklar,,eine leistungsgerechte Vergütung nach TVöD-K oder TV-Ärzte/VKA (Marburger Bund) sowie Erding Zulage,unklar,,,,,4,Ort der Stelle nicht belegt,https://www.mein-check-in.de/klinikum-erding/x/stellenangebote/pflege
Klinikum Landkreis Erding,Erding,,Pflegefachhelfer (m/w/d) - für Menschen mit Demenz,hilfskraft,P6,es ist eine leistungsgerechte Vergütung nach TVöD - Pflege Entgelttabelle P6 vorgesehen.,,,vollzeit_teilzeit,einer abgeschlossenen Ausbildung als Pflegefach- oder Krankenpflegehelfer (w/m/d) | Erfahrung in der Betreuung und Versorgung von an Demenz erkrankten Menschen wünschenswert oder die Bereitschaft eine Demenzweiterbildung zu absolvieren | hohes Verantwortungsbewusstsein | Beobachtungsgabe und Wahrnehmungsfähigkeit,,4,Ort der Stelle nicht belegt,https://www.mein-check-in.de/klinikum-erding/position-443161
Klinikum Landkreis Erding,Erding,Intensiv- und Intermediate-Care-Station (IMC),Pflegefachkraft (m/w/d) - Intensiv- und Intermediate Care Station,fachweiterbildung,P7,"es ist eine leistungsgerechte Vergütung nach TVöD - Pflege Entgelttabelle P7 vorgesehen, bei vorhandener Fachwiterbildung bis zur P9.",,,vollzeit_teilzeit,einer erfolgreich abgeschlossenen Ausbildung in der Gesundheits- und Krankenpflege | der Fachweiterbildung oder die Bereitschaft diese zu erwerben | Engagement und Teamfähigkeit | Organisationsgeschick und einem hohen Maß an Zuverlässigkeit | hoher fachlicher und sozialer Kompetenz,,4,Ort der Stelle nicht belegt,https://www.mein-check-in.de/klinikum-erding/position-55287
Klinikum Landkreis Erding,Erding,Schlaganfalleinheit,Pflegefachkraft (m/w/d) - Schlaganfalleinheit,pflegefachkraft,P7,es ist eine leistungsgerechte Vergütung nach TVöD - Pflege Entgelttabelle bis zur P7 vorgesehen.,,,vollzeit_teilzeit,"einer abgeschlossenen Ausbildung in der Gesundheits- und Krankenpflege | Stroke Kurs oder die Bereitschaft diesen zu absolvieren | einer Persönlichkeit mit pflegerischer Fachkompetenz | Erfahrung in Bobath wünschenswert | der Fähigkeit zu interdisziplinärem Denken und Handeln | guten PC Kenntnissen (Microsoft Office) | Teamfähigkeit, Gewissenhaftigkeit soiw hoher Sozialkompetenz | Interesse an Fort- und Weiterbildung",,4,Ort der Stelle nicht belegt,https://www.mein-check-in.de/klinikum-erding/position-55278
Klinikum Landkreis Erding,Erding,,Pflegefachkraft (m/w/d) - für Menschen mit Demenz / gerontopsychiatrische Fachkraft,pflegefachkraft,P7,es ist eine leistungsgerechte Vergütung nach TVöD - Pflege Entgelttabelle bis zur P7 vorgesehen.,,,vollzeit_teilzeit,einer abgeschlossenen Ausbildung als Pflegefachkraft (w/m/d) mit Berufserfahrung | Erfahrung in der Betreuung und Versorgung von an Demenz erkrankten Menschen | Weiterbildung zur gerontopsychiatrischen / geriatrischen Fachkraft wünschenswert oder die Bereitschaft eine Demenzweiterbildung zu absolvieren | hohes Verantwortungsbewusstsein | Selbstständigkeit und innovativer Arbeitsweise,,4,Ort der Stelle nicht belegt,https://www.mein-check-in.de/klinikum-erding/position-443143
Klinikum Landkreis Erding,Erding,Geriatrie,Pflegefachkraft (m/w/d) – Geriatrie,pflegefachkraft,P7,"es ist eine leistungsgerechte Vergütung nach TVöD - Pflege Entgelttabelle bis zur P7 vorgesehen, bei vorhandener Zusaztqualifikation bis zur P8.",,,vollzeit_teilzeit,"einer erfolgreich abgeschl. Berufsausbildung zum Pflegefachmann/frau oder Altenpfleger/in | einer Geriatrie-spezifischen Zusatzqualifikation nach OPS 8-550, bzw. die Bereitschaft diese zu erwerben | einer hohen pflegerischen und sozialen Kompetenz sowie Freude am Umgang und der Betreuung von Menschen | der Fähigkeit zur selbstständigen, organisierten, interdisziplinären und nachhaltigen Arbeit",,4,Ort der Stelle nicht belegt,https://www.mein-check-in.de/klinikum-erding/position-210701
Klinikum Landkreis Erding,Erding,Funktionsdiagnostik,Pflegefachkraft / MTA (m/w/d) für die Funktionsdiagnostik - Herzkatheterlabor,pflegefachkraft,P8,es ist eine leistungsgerechte Vergütung nach TVöD - Pflege Entgelttabelle bis zur P8 vorgesehen.,,,teilzeit,einer 3-jährigen abgeschlossenen Ausbildung zur Pflegefachkraft (m/w/d) | einer abgeschlossenen Ausbildung MTA (m/w/d) für Funktionsdiagnostik | Erfahrung in der Überwachung und pflegerischen Versorgung der Patienten | Engagement und einem hohen Maß an Zuverlässigkeit | Einfühlungsvermögen im Umgang mit Patienten | Kooperations- und Kommunikationsfähigkeit sowie Belastbarkeit | einem kollegialen und teamorientierten Verhalten,,4,Ort der Stelle nicht belegt,https://www.mein-check-in.de/klinikum-erding/position-423716
Klinikum Landkreis Erding,Erding,Zentrale Notaufnahme,Pflegefachkraft / Notfallsanitäter (m/w/d) - Zentrale Notaufnahme,pflegefachkraft,P8,es ist eine leistungsgerechte Vergütung nach TVöD - Pflege Entgelttabelle bis zur P8 vorgesehen.,,,vollzeit_teilzeit,"einer erfolgreich abgeschlossenen Ausbildung zur Pflegefachkraft oder FWB-Notfallpflege | idealerweise Berufserfahrung in der Notaufnahme | hoher fachlicher Kompetenz und der Bereitschaft zur eigenständigen Entscheidungsfindung | Verantwortungsbewusstsein, Belastbarkeit und einer ausgeprägten Kommunikationsfähigkeit | Interesse an der kontinuierlichen Fort- und Weiterbildung",idealerweise Berufserfahrung in der Notaufnahme,4,Ort der Stelle nicht belegt,https://www.mein-check-in.de/klinikum-erding/position-344399
Klinikum Landkreis Erding,Erding,Innere Medizin und Onkologie,Pflegefachkräfte (m/w/d) - Innere Medizin und Onkologie in Dorfen,pflegefachkraft,P7,es ist eine leistungsgerechte Vergütung nach TVöD - Pflege Entgelttabelle P7 vorgesehen.,,,,"einer erfolgreich abgeschlossenen Berufsausbildung als Pflegefachkraft | einer hohen pflegerischen und sozialen Kompetenz sowie Freude am Umgang mit und an der Betreuung von Menschen | der Fähigkeit zur selbstständigen, organisierten, interdisziplinären und nachhaltigen Arbeit",,4,Ort der Stelle nicht belegt,https://www.mein-check-in.de/klinikum-erding/position-482672
Klinikum Landkreis Erding,Erding,Flexipool,Pflegefachkräfte (m/w/d) für den Flexipool – (bis zu 400 Euro extra),pflegefachkraft,P7,es ist eine leistungsgerechte Vergütung nach TVöD - Pflege Entgelttabelle P7 vorgesehen.,unklar,,vollzeit_teilzeit,"einer erfolgreich abgeschlossenen 3jährig examinierte Berufsausbildung zur Pflegefachkraft (m/w/d) | hoher pflegerischer und sozialer Kompetenz | hoher Flexibilität für die Arbeit im 3 Schichtsystem in verschiedenen Fachabteilungen | der Fähigkeit zur selbstständigen, organisierten, interdisziplinären und nachhaltigen Arbeit",,4,Ort der Stelle nicht belegt,https://www.mein-check-in.de/klinikum-erding/position-149657
Klinikum Landkreis Erding,Erding,,Pflegefachkräfte (m/w/d) für verschiedene Bereiche:,pflegefachkraft,P7,es ist eine leistungsgerechte Vergütung nach TVöD - Pflege Entgelttabelle P7 vorgesehen.,,,,"einer erfolgreich abgeschlossenen Berufsausbildung als Pflegefachkraft | einer hohen pflegerischen und sozialen Kompetenz sowie Freude am Umgang mit und an der Betreuung von Menschen | der Fähigkeit zur selbstständigen, organisierten, interdisziplinären und nachhaltigen Arbeit",,4,Ort der Stelle nicht belegt,https://www.mein-check-in.de/klinikum-erding/position-218054
Klinikum Landkreis Erding,Erding,Zentral OP,Pflegefachkräfte mit OP Fachweiterbildung / OTA / MFA sowie einen Stellv. OP Koordinator (m/w/d),fachweiterbildung,P8,"leistungsgerechte Vergütung nach TVöD - Pflege Entgelttabelle bis zur P8 möglich, MFA OP in der EG6 vorgesehen",unklar,,"Vollzeit/Teilzeit, unbefristet",abgeschlossene Ausbildung als Operationstechnischer Assistent oder Pflegefachkraft (m/w/d) mit Fachweiterbildung im Operationsdienst,Fachweiterbildung im Operationsdienst; Qualifikation zum OP Manager oder Bereitschaft,3,Zuordnung aus dem vorherigen Lauf übernommen; Ort der Stelle nicht belegt,https://www.mein-check-in.de/klinikum-erding/position-149645
Klinikum Landsberg am Lech,Landsberg am Lech,Station für Kinder- und Jugendmedizin,Pflegefachkraft (m/w/d) Kinderstation / Voll- oder Teilzeit,pflegefachkraft,,Attraktive tarifvertragliche Vergütung inklusive diverser Zulagen und planbarer Gehaltsentwicklung sowie betriebliche Altersversorgung,unklar,,vollzeit_teilzeit,"Abgeschlossene Ausbildung als Pflegefachfrau / Kinder-Krankenpflegerin / Gesundheits- und Krankenpflegerin (m/w/d) (dreijährig examiniert) | Erfahrung in der Neonatologie wünschenswert, aber nicht Voraussetzung | Sorgfältige, zuverlässige und verantwortungsbewusste Arbeitsweise | Bereitschaft zur Teilnahme an fachbezogenen Fort- und Weiterbildungen | EDV-Kenntnisse und technisches Verständnis | Freundlichkeit, Teamfähigkeit und Leistungsbereitschaft","Erfahrung in der Neonatologie wünschenswert, aber nicht Voraussetzung",5,,https://karriere.klinikum-landsberg.de/jobposting/41878a755e9991f9934085eeadde2cf49c6624c50?ref=homepage
Klinikum Landsberg am Lech,Landsberg am Lech,Innere Medizin oder Premiumstation,Pflegefachkraft / Altenpfleger (m/w/d) Innere Medizin od. Premiumstation in Voll- od. Teilzeit,pflegefachkraft,,Attraktive tarifvertragliche Vergütung inklusive diverser Zulagen und planbarer Gehaltsentwicklung sowie betriebliche Altersversorgung,unklar,,vollzeit_teilzeit,"Abgeschlossene Ausbildung zum Gesundheits- und Krankenpfleger, Pflegefachmann / Pflegefachfrau oder Altenpfleger (m/w/d) | Persönliche und soziale Kompetenz sowie die Bereitschaft zur verantwortlichen und engagierten Teamarbeit | Offenheit für Neues sowie Bereitschaft zur Fort- und Weiterbildung | Aufgeschlossen, freundlich, empathisch und mit Eigeninitiative",,5,,https://karriere.klinikum-landsberg.de/jobposting/fe88252845be935dea8e369595e13300e0c2e7d60?ref=homepage
Klinikum Landsberg am Lech,Landsberg am Lech,Anästhesiepflege,Pflegefachkraft Anästhesiepflege (m/w/d) Teilzeit | Landsberg a. Lech u. Augsburg,fachweiterbildung,,,unklar,,teilzeit,"Abgeschlossene Ausbildung als Pflegefachmann / Pflegefachfrau bzw. Gesundheits- und Krankenpfleger mit Fachweiterbildung Anästhesie oder als Rettungsassistent / Notfallsanitäter mit mehrjähriger Berufserfahrung (m/w/d) | Bereitschaft zur verantwortlichen und engagierten interdisziplinären Teamarbeit | Hohes Maß an Eigeninitiative, Aufgeschlossenheit, Empathie und Freundlichkeit",,5,,https://karriere.klinikum-landsberg.de/jobposting/e7ec0b3bcf948849b104e51f776cf131195219cb0?ref=homepage
Klinikum Landsberg am Lech,Landsberg am Lech,Brustzentrum,Pflegefachkraft Onkologie / Onkologische Fachpflegekraft (m/w/d) in Vollzeit,fachweiterbildung,,Attraktive tarifvertragliche Vergütung und betriebliche Altersversorgung,unklar,,vollzeit,"Abgeschlossene Ausbildung als Pflegefachmann / Pflegefachfrau bzw. Gesundheits- und Krankenpfleger (m/w/d) | Anerkennung als Onkologische Fachpflegekraft (m/w/d) durch abgeschlossene Weiterbildung als onkologische Fachpflegekraft gemäß bayerischer Regelung oder dem Muster für eine landesrechtliche Ordnung der Deutschen Krankenhausgesellschaft e.V. (DKG) oder Advanced Practice Nurse (Master-Titel) plus 2 Jahre praktische Berufserfahrung (VK äquivalent) im Brustkrebszentrum | Bereitschaft zur verantwortlichen und engagierten interdisziplinären Teamarbeit | Hohes Maß an Eigeninitiative, Aufgeschlossenheit, Empathie und Freundlichkeit",plus 2 Jahre praktische Berufserfahrung (VK äquivalent) im Brustkrebszentrum,5,,https://karriere.klinikum-landsberg.de/jobposting/dd2477c28f843ab30c25483bd0191466413641f70?ref=homepage
Klinikum Landsberg am Lech,Landsberg am Lech,Stabsstelle Hygienefachkraft,Pflegefachkraft als Hygienefachkraft (m/w/d) in Teilzeit (50 %),pflegefachkraft,,Attraktive tarifvertragliche Vergütung und betriebliche Altersversorgung,unklar,,teilzeit,"Examinierte Pflegefachkraft mit mindestens 5 Jahren Berufserfahrung | Erfolgreich absolvierte Weiterbildung zur Hygienefachkraft (m/w/d) zwingend erforderlich | Teamfähigkeit und Kommunikationsstärke | Selbstständige, strukturierte Arbeitsweise",Examinierte Pflegefachkraft mit mindestens 5 Jahren Berufserfahrung,5,,https://karriere.klinikum-landsberg.de/jobposting/4110769f5113bfd8c3a0a32183ce140c9ebe75570?ref=homepage
Klinikum Main-Spessart Lohr,Lohr am Main,,Pflegefachhelfer (w/m/d) für alle Bereiche,hilfskraft,P6,,unklar,,vollzeit_teilzeit,"Ausbildung oder Qualifizierung als Pflegehelfer oder Pflegeassistent, Gesundheits- und Krankenpflegehelfer | Engagierte, motivierte und einfühlsame Persönlichkeit | Selbstständiges, verantwortungsbewusstes Arbeiten im Team | Wertschätzender Umgang mit Patienten, Angehörigen und Kollegen | Freundliches Auftreten und ein hohes Maß an sozialer Kompetenz",,3,"einzige Klinik am Portal, Ort der Anzeige unbekannt; Ort der Stelle nicht belegt · pay_text auf der Seite nicht gefunden, geleert",https://www.klinikum-msp.de/karriere/stellenboerse/detail/pflegefachhelfer-w-m-d-fur-alle-bereiche
Klinikum Main-Spessart Lohr,Lohr am Main,Geriatrie,Pflegefachkraft (w/m/d) Geriatrie,fachweiterbildung,P7,,unklar,,vollzeit_teilzeit,"Abgeschlossene Ausbildung als examinierte Pflegekraft oder Gesundheits- und Krankenpfleger (w/m/d) | Idealerweise bereits Fachweiterbildung Zercur oder der Bereitschaft, diese berufsbegleitend bei uns zu erlangen | Empathie, Zuverlässigkeit und Spaß an der Arbeit im Team | Freude am Umgang mit geriatrischen Patienten | Engagement und Einsatzbereitschaft",,3,"einzige Klinik am Portal, Ort der Anzeige unbekannt; Ort der Stelle nicht belegt · pay_text auf der Seite nicht gefunden, geleert",https://www.klinikum-msp.de/karriere/stellenboerse/detail/pflegefachkraft-w-m-d-geriatrie
Klinikum Main-Spessart Lohr,Lohr am Main,Gynäkologie,Pflegefachkraft (w/m/d) Gynäkologie,pflegefachkraft,P7,,unklar,,vollzeit_teilzeit,"Abgeschlossene Ausbildung zur examinierten Pflegefachkraft | Eine hohe Fach- und Sozialkompetenz | Engagiertes, motiviertes und freundliches Auftreten | Selbstständiges, verantwortungsbewusstes Arbeiten im Team sowie Organisationstalent | Eigenständige Bedienung von medizinischen/technischen Geräten, z. B. Monitorüberwachung | Wertschätzender Umgang mit Patienten, Angehörigen und Kollegen",,3,"einzige Klinik am Portal, Ort der Anzeige unbekannt; Ort der Stelle nicht belegt · pay_text auf der Seite nicht gefunden, geleert",https://www.klinikum-msp.de/karriere/stellenboerse/detail/pflegefachkraft-w-m-d-gynakologie
Klinikum Main-Spessart Lohr,Lohr am Main,Gastroenterologie,Pflegefachkraft (w/m/d) für die Gastroenterologie,pflegefachkraft,P7,,unklar,,vollzeit_teilzeit,"Abgeschlossene Berufsausbildung zur examinierten Pflegefachkraft (w/m/d) | Eine hohe Fach- und Sozialkompetenz | Engagement und Einsatzbereitschaft | Patientenorientiertes Arbeiten | Selbstständige, verantwortungsvolle und flexible Arbeitsweise | Kommunikations- und Teamfähigkeit",,3,"einzige Klinik am Portal, Ort der Anzeige unbekannt; Ort der Stelle nicht belegt · pay_text auf der Seite nicht gefunden, geleert",https://www.klinikum-msp.de/karriere/stellenboerse/detail/pflegefachkraft-w-m-d-fur-die-gastroenterologie
Klinikum Main-Spessart Lohr,Lohr am Main,Intensivabteilung,Pflegefachkraft (w/m/d) für die Intensivabteilung,fachweiterbildung,P8,,unklar,,vollzeit_teilzeit,"Abgeschlossene Ausbildung zur examinierten Pflegefachkraft oder zum Gesundheits- und Krankenpfleger (w/m/d) | Eine Fachweiterbildung für Intensivmedizin wäre wünschenswert | Engagiertes, motiviertes und freundliches Auftreten | Selbstständiges, verantwortungsbewusstes Arbeiten im Team sowie Organisationstalent | Ausgeprägte Patienten- und Serviceorientierung | Gute kommunikative Fähigkeiten sowie ein hohes Maß an Sozialkompetenz",,3,"einzige Klinik am Portal, Ort der Anzeige unbekannt; Ort der Stelle nicht belegt · pay_text auf der Seite nicht gefunden, geleert",https://www.klinikum-msp.de/karriere/stellenboerse/detail/pflegefachkraft-w-m-d-fur-die-intensivabteilung
Klinikum Main-Spessart Lohr,Lohr am Main,Stroke Unit,Pflegefachkraft (w/m/d) für die Stroke Unit,fachweiterbildung,P8,,unklar,,vollzeit_teilzeit,"Abgeschlossene Ausbildung zur examinierten Pflegefachkraft | Weiterbildung zur Stroke Nurse oder Bereitschaft diese zu absolvieren | Eine hohe Fach- und Sozialkompetenz | Engagiertes, motiviertes und freundliches Auftreten | Selbstständiges, verantwortungsbewusstes Arbeiten im Team sowie Organisationstalent | Eigenständige Bedienung von medizinischen/technischen Geräten, z. B. Monitorüberwachung | Wertschätzender Umgang mit Patienten, Angehörigen und Kollegen",,3,"einzige Klinik am Portal, Ort der Anzeige unbekannt; Ort der Stelle nicht belegt · pay_text auf der Seite nicht gefunden, geleert",https://www.klinikum-msp.de/karriere/stellenboerse/detail/pflegefachkraft-w-m-d-fur-die-stroke-unit
Klinikum Main-Spessart Lohr,Lohr am Main,interdisziplinäre Aufnahmestation,Pflegefachkraft (w/m/d) interdisziplinäre Aufnahmestation,pflegefachkraft,P7,,,,vollzeit_teilzeit,"Abgeschlossene Berufsausbildung zur examinierten Pflegefachkraft (w/m/d) oder vergleichbare Qualifikation | Hohes Interesse an der interdisziplinären Zusammenarbeit sowie eine positive und freundliche Ausstrahlung | Engagement und Einsatzbereitschaft | Patientenorientiertes Arbeiten | Selbstständige, verantwortungsvolle und flexible Arbeitsweise | Kommunikations- und Teamfähigkeit",,3,"einzige Klinik am Portal, Ort der Anzeige unbekannt; Ort der Stelle nicht belegt · pay_text auf der Seite nicht gefunden, geleert",https://www.klinikum-msp.de/karriere/stellenboerse/detail/pflegefachkraft-w-m-d-interdisziplinare-aufnahmestation
Klinikum Main-Spessart Lohr,Lohr am Main,,Pflegefachkraft als Dauernachtwache (w/m/d) für alle Fachbereiche,pflegefachkraft,P7,,unklar,,vollzeit_teilzeit,"Abgeschlossene Ausbildung zur examinierten Pflegefachkraft | Berufserfahrung in der Kranken- und/oder Altenpflege | Engagierte, motivierte und einfühlsame Persönlichkeit | Selbstständiges, verantwortungsbewusstes Arbeiten im Team | Wertschätzender Umgang mit Patienten, Angehörigen und Kollegen | Freundliches Auftreten und ein hohes Maß an sozialer Kompetenz",Berufserfahrung in der Kranken- und/oder Altenpflege,3,"einzige Klinik am Portal, Ort der Anzeige unbekannt; Ort der Stelle nicht belegt · pay_text auf der Seite nicht gefunden, geleert",https://www.klinikum-msp.de/karriere/stellenboerse/detail/pflegefachkraft-als-dauernachtwache-w-m-d-fur-alle-fachbereiche
Klinikum Main-Spessart Lohr,Lohr am Main,Chest Pain Unit,Pflegefachkraft in der Chest Pain Unit (w/m/d),fachweiterbildung,P8,,unklar,,vollzeit_teilzeit,"Abgeschlossene Berufsausbildung zur examinierten Pflegefachkraft (w/m/d) | Weiterbildung zum/-r Pflegeexperten/-in CPU oder die Bereitschaft diese zu absolvieren ist wünschenswert | Engagement und Einsatzbereitschaft | Patientenorientiertes Arbeiten | Selbstständige, verantwortungsvolle und flexible Arbeitsweise | Kommunikations- und Teamfähigkeit",,3,"einzige Klinik am Portal, Ort der Anzeige unbekannt; Ort der Stelle nicht belegt · pay_text auf der Seite nicht gefunden, geleert",https://www.klinikum-msp.de/karriere/stellenboerse/detail/pflegefachkraft-in-der-chest-pain-unit-w-m-d
Klinikum Main-Spessart Lohr,Lohr am Main,OP,Pflegefachkraft/OTA (w/m/d) für den OP,ota_ata,P8,,unklar,,vollzeit_teilzeit,"Abgeschlossene Ausbildung zur examinierten Pflegefachkraft oder zum Gesundheits- und Krankenpfleger (w/m/d) mit Fachweiterbildung OP oder Berufserfahrung im Funktionsdienst OP oder eine Ausbildung als OTA | Engagiertes, motiviertes und freundliches Auftreten | Selbstständiges, verantwortungsbewusstes Arbeiten im Team sowie Organisationstalent | Ausgeprägte Patienten- und Serviceorientierung | Gute kommunikative Fähigkeiten sowie ein hohes Maß an Sozialkompetenz",,3,"einzige Klinik am Portal, Ort der Anzeige unbekannt; Ort der Stelle nicht belegt · pay_text auf der Seite nicht gefunden, geleert",https://www.klinikum-msp.de/karriere/stellenboerse/detail/pflegefachkraft-ota-w-m-d-fur-den-op
Klinikum Main-Spessart Lohr,Lohr am Main,"Innere Medizin, Intensivmedizin, Funktionsbereich OP und Anästhesie",Pflegefachkräfte/ Gesundheits- und Krankenpfleger (w/m/d),pflegefachkraft,P7,,,,vollzeit_teilzeit,"Sie sind examinierte Gesundheits- und Krankenpflegekraft (m/w/d) oder examinierte Altenpflegefachkraft (m/w/d) | Sie haben eine eigenverantwortliche, empathische und patientenorientierte Arbeitsweise | Sie haben ein freundliches, empathisches Auftreten und Freude in einem zukunftsorientierten Unternehmen mitzuarbeiten | Sie pflegen eine wertschätzende Kommunikationskultur und sind teamfähig",,3,"einzige Klinik am Portal, Ort der Anzeige unbekannt; Ort der Stelle nicht belegt · pay_text auf der Seite nicht gefunden, geleert",https://www.klinikum-msp.de/karriere/stellenboerse/detail/pflegefachkrafte-gesundheits-und-krankenpfleger-w-m-d
Klinikum Memmingen,Memmingen,Herzkathetermessplatz mit EPU-Labor und Angiographielabor,03. September Pflegefachkraft / MTA-F (m/w/d) Herzkatheterlabor 01.10.2026 oder nächstmöglichen Termin,pflegefachkraft,,"Vergütung nach dem TVöD einschließlich der im öffentlichen Dienst üblichen Sozialleistungen, betriebliche Altersvorsorge sowie tarifliche Jahressonderzahlung",unklar,,vollzeit,"Sie haben eine abgeschlossene Ausbildung zur Pflegefachkraft oder MTA-F (m/w/d) | Einschlägige berufliche Erfahrung im Bereich Herzkatheter, Angiographie und EPU wäre wünschenswert, ist aber kein Ausschlußkriterium | Engagement, Flexibilität und Eigeninitiative sind Ihnen vertraute Eigenschaften | Einfühlungsvermögen und wertschätzender, respektvoller Umgang mit den Patienten und deren Angehörigen sind selbstverständlich | Offenheit für Neues sowie die Bereitschaft zur Fort- und Weiterbildung | Bereitschaft zur Teilnahme an Rufdiensten | Zusätzlich bei Bewerber (m/w/d) ab 01.01.1971 geboren: ausreichender Impfschutz oder Immunität gegen Masern","Einschlägige berufliche Erfahrung im Bereich Herzkatheter, Angiographie und EPU wäre wünschenswert, ist aber kein Ausschlußkriterium",3,"einzige Klinik am Portal, Ort der Anzeige unbekannt; Ort der Stelle nicht belegt",https://www.klinikum-memmingen.de/ausbildung-karriere/stellenangebote/detail/pflegefachkraft-mta-f-m-w-d-herzkatheterlabor
Klinikum Memmingen,Memmingen,bettenführenden Stationen,06. Juli Pflegefachkräfte (m/w/d) B.A. oder B.Sc. zum nächstmöglichen Zeitpunkt in Voll- oder Teilzeit,pflegefachkraft,,"Vergütung nach dem TVöD einschließlich der im öffentlichen Dienst üblichen Sozialleistungen, betriebliche Altersvorsorge sowie tarifliche Jahressonderzahlung",unklar,,vollzeit_teilzeit,"Abgeschlossenes Hochschulstudium in einem pflegerischen Studiengang mit klinischer Ausrichtung, akademischer Grad B.A. oder B.Sc. | Interesse an der Mitwirkung wissenschaftsbasierten Entwicklung und Implementierung innovativer Handlungsansätze zur Verbesserung der pflegerischen Versorgung | Weiterentwicklung und Reflexion der Pflegeplanung und Leistungserfassung | Pflege im Rahmen der digitalen Akte | Kollegialer Pflegeberatung und Mitarbeit in Arbeitsgruppen / Qualitätszirkel / Projektgruppen | Aufbau und Weiterentwicklung an einer evidenzbasierten Pflegebasis | Zusätzlich bei Bewerber (m/w/d) ab 01.01.1971 geboren: ausreichender Impfschutz oder Immunität gegen Masern",,3,"einzige Klinik am Portal, Ort der Anzeige unbekannt; Ort der Stelle nicht belegt",https://www.klinikum-memmingen.de/ausbildung-karriere/stellenangebote/detail/pflegefachkraefte-m-w-d-b-a-oder-b-sc
Klinikum Memmingen,Memmingen,pädiatrische und neonatologische Intensivstation K5 (Level 1),13. August Pflegefachkraft (m/w/d) Kinderintensivstation K5 zum nächstmöglichen Zeitpunkt in Voll- / Teilzeit,pflegefachkraft,,"Vergütung nach dem TVöD einschließlich der im öffentlichen Dienst üblichen Sozialleistungen, betriebliche Altersvorsorge sowie tarifliche Jahressonderzahlung",unklar,,vollzeit_teilzeit,"abgeschlossene 3-jährige Ausbildung in der Pflege vorzugsweise mit Vertiefung Pädiatrie | Weiterbildung pädiatrische Intensiv- und Anästhesiepflege oder die Bereitschaft diese zu machen | selbständige Arbeitsweise, Organisationstalent und Teamfähigkeit | freundlicher Umgang mit Patienten und Angehörigen | zuverlässig, diskret und loyal | Stressresistenz in Phasen erhöhten Arbeitsaufkommens",,3,"einzige Klinik am Portal, Ort der Anzeige unbekannt; Ort der Stelle nicht belegt",https://www.klinikum-memmingen.de/ausbildung-karriere/stellenangebote/detail/pflegefachkraft-m-w-d-kinderintensivstation-k5
Klinikum Memmingen,Memmingen,Dialyse,25. August Stationsleitung (m/w/d) Dialyse zum 01.03.2027 in Vollzeit,leitung,,"Vergütung nach dem TVöD einschließlich der im öffentlichen Dienst üblichen Sozialleistungen, betriebliche Altersvorsorge sowie tarifliche Jahressonderzahlung",unklar,,vollzeit,"eine abgeschlossene 3jährige pflegerische Ausbildung - Weiterbildung als nephrologische Fachpflegekraft wäre wünschenswert, kann aber auch nachgeholt werden | Erfahrung in der Leitung einer Station oder eines Funktionsbereiches (eine Weiterbildung kann in angemessener Frist nachgeholt werden) | Engagement, Flexibilität und Eigeninitiative bei der Ausübung Ihrer Tätigkeit | Einfühlungsvermögen und wertschätzender, respektvoller Umgang mit den Patienten und deren Angehörigen | ein hohes Maß an Sozial-, Fach- und kommunikativer Kompetenz | Offenheit für Neues sowie die Bereitschaft zur Fort- und Weiterbildung | Erfahrung im Bereich Dialyse wünschenswert aber nicht zwingend erforderlich | Zusätzlich bei Bewerber (m/w/d) ab 01.01.1971 geboren: ausreichender Impfschutz oder Immunität gegen Masern",Erfahrung in der Leitung einer Station oder eines Funktionsbereiches,3,"einzige Klinik am Portal, Ort der Anzeige unbekannt; Ort der Stelle nicht belegt",https://www.klinikum-memmingen.de/ausbildung-karriere/stellenangebote/detail/stationsleitung-m-w-d-dialyse
Klinikum Memmingen,Memmingen,Anästhesie-Pflege,Anaesthesie Pflege,pflegefachkraft,P8/P9,Stellenbewertung ab Entgeltgruppe P8/P9 TVöD,unklar,,vollzeit_teilzeit,"abgeschlossene Ausbildung in den o.g. Berufen | verantwortungsbewusstes und teamorientiert interdisziplinäres Denken und Handeln | hohes Maß an Qualitätsbewusstsein, Freundlichkeit und Patientenorientierung | Berufserfahrung (wünschenswert) | Bereitschaft und Interesse an kontinuierlicher Fortbildung | Zusätzlich bei Bewerbern (m/w/d) ab 01.01.1971 geboren: ausreichender Impfschutz oder Immunität gegen Masern",Berufserfahrung (wünschenswert),3,"einzige Klinik am Portal, Ort der Anzeige unbekannt; Ort der Stelle nicht belegt",https://www.klinikum-memmingen.de/ausbildung-karriere/stellenangebote/detail/Anaesthesie-Pflege
Klinikum Memmingen,Memmingen,OP-Bereich,OP Pflege,pflegefachkraft,,Vergütung nach dem TVöD einschließlich der im öffentlichen Dienst üblichen Sozialleistungen sowie Vergütung von Zusatzqualifikationen (MPG/PA),unklar,,vollzeit_teilzeit,,,3,"einzige Klinik am Portal, Ort der Anzeige unbekannt; Ort der Stelle nicht belegt",https://www.klinikum-memmingen.de/ausbildung-karriere/stellenangebote/detail/OP-Pflege
Klinikum Memmingen,Memmingen,Abteilung Hygiene und Mikrobiologie,gesundheits und krankenpfleger w m d zur weiterbildung zur hygienefachkraft,pflegefachkraft,,"Vergütung nach dem TVöD einschließlich der im öffentlichen Dienst üblichen Sozialleistungen, betriebliche Altersvorsorge sowie tarifliche Jahressonderzahlung",unklar,,vollzeit,"3 Jahre Berufserfahrung und die Bereitschaft zur Weiterbildung zur Hygienefachkraft | Gute EDV-Kenntnisse sowie Eigeninitiative, sicheres Auftreten und Durchsetzungsvermögen | Engagement, Teamfähigkeit, Kooperationsfähigkeit und Flexibilität | Gutes sprachliches und schriftliches Ausdrucksvermögen | Zusätzlich bei Bewerber (m/w/d) ab 01.01.1971 geboren: ausreichender Impfschutz oder Immunität gegen Masern",3 Jahre Berufserfahrung,3,"einzige Klinik am Portal, Ort der Anzeige unbekannt; Ort der Stelle nicht belegt",https://www.klinikum-memmingen.de/ausbildung-karriere/stellenangebote/detail/gesundheits-und-krankenpfleger-w-m-d-zur-weiterbildung-zur-hygienefachkraft
Klinikum Neumarkt,Neumarkt in der Oberpfalz,interdisziplinäre Intensivstation,(Fach-) Pflegefachperson (w/m/d) für die interdisziplinäre Intensivstation,fachweiterbildung,,,unklar,,vollzeit_teilzeit,"Abgeschlossene Berufsausbildung zur Pflegefachperson (m/w/d) | Berufserfahrung auf einer Intensivstation wünschenswert | Fachweiterbildung Anästhesie & Intensivmedizin bzw. die Bereitschaft, diese zu erwerben | Fachliche, persönliche und soziale Kompetenz | Motivation und Einsatzbereitschaft | Kooperative Zusammenarbeit in einem multiprofessionellen, intensivmedizinischen Team | EDV-Kenntnisse und fundiertes technisches Verständnis",,3,"einzige Klinik am Portal, Ort der Anzeige unbekannt; Ort der Stelle nicht belegt",https://klinikum-neumarkt.dvinci-hr.com/de/jobs/90513/fach-pflegefachperson-wmd-fur-die-interdisziplinare-intensivstation
Klinikum Neumarkt,Neumarkt in der Oberpfalz,interdisziplinäre Intensivstation,(Fach-) Pflegefachperson (w/m/d) für die interdisziplinäre Intensivstation,fachweiterbildung,,,unklar,,Teilzeit- oder Vollzeitbeschäftigung,Abgeschlossene Berufsausbildung zur Pflegefachperson (m/w/d),"Fachweiterbildung Anästhesie & Intensivmedizin bzw. die Bereitschaft, diese zu erwerben; Berufserfahrung auf einer Intensivstation wünschenswert",2,Zuordnung aus dem vorherigen Lauf übernommen; Ort der Stelle nicht belegt; keine Belegzitate,https://klinikum-neumarkt.dvinci-hr.com/de/jobs/90513
Klinikum Neumarkt,Neumarkt in der Oberpfalz,gefäßchirurgische Station,Pflegefachperson (w/m/d) für die gefäßchirurgische Station,pflegefachkraft,,Vergütung nach TVöD,unklar,,vollzeit_teilzeit,Abgeschlossene Ausbildung zur Pflegefachperson (w/m/d) | Hohe Sozialkompetenz und Einfühlungsvermögen | Sehr gute Kommunikations‑ und Teamfähigkeit | Bereitschaft zur Fort‑ und Weiterbildung | Motivation zur aktiven Mitgestaltung und Weiterentwicklung der Pflege,,3,"einzige Klinik am Portal, Ort der Anzeige unbekannt; Ort der Stelle nicht belegt",https://klinikum-neumarkt.dvinci-hr.com/de/jobs/90784/pflegefachperson-wmd-fur-die-gefachirurgische-station
Klinikum Neumarkt,Neumarkt in der Oberpfalz,gefäßchirurgische Station,Pflegefachperson (w/m/d) für die gefäßchirurgische Station,pflegefachkraft,,Vergütung nach TVöD,unklar,,Vollzeit- oder Teilzeitbeschäftigung,Abgeschlossene Ausbildung zur Pflegefachperson (w/m/d),,3,Zuordnung aus dem vorherigen Lauf übernommen; Ort der Stelle nicht belegt,https://klinikum-neumarkt.dvinci-hr.com/de/jobs/90784
Klinikum Neumarkt,Neumarkt in der Oberpfalz,konservative Wahlleistungsstation,Pflegefachperson (w/m/d) für die konservative Wahlleistungsstation,pflegefachkraft,,Vergütung nach TVöD,unklar,,vollzeit_teilzeit,Abgeschlossene Ausbildung zur Pflegefachperson (w/m/d) | Hohe Sozialkompetenz und Einfühlungsvermögen | Sehr gute Kommunikations‑ und Teamfähigkeit | Bereitschaft zur Fort‑ und Weiterbildung | Motivation zur aktiven Mitgestaltung und Weiterentwicklung der Pflege,,3,"einzige Klinik am Portal, Ort der Anzeige unbekannt; Ort der Stelle nicht belegt",https://klinikum-neumarkt.dvinci-hr.com/de/jobs/90789/pflegefachperson-wmd-fur-die-konservative-wahlleistungsstation
Klinikum Neumarkt,Neumarkt in der Oberpfalz,urologische Station,Pflegefachperson (w/m/d) für eine urologische Station,pflegefachkraft,,Vergütung nach TVöD,unklar,,vollzeit_teilzeit,Abgeschlossene Ausbildung zur Pflegefachperson (w/m/d) | Hohe Sozialkompetenz und Einfühlungsvermögen | Sehr gute Kommunikations- und Teamfähigkeit | Bereitschaft zur Fort und Weiterbildung | Motivation zur aktiven Mitgestaltung und Weiterentwicklung der Pflege,,3,"einzige Klinik am Portal, Ort der Anzeige unbekannt; Ort der Stelle nicht belegt",https://klinikum-neumarkt.dvinci-hr.com/de/jobs/90824/pflegefachperson-wmd-fur-eine-urologische-station
Klinikum Neumarkt,Neumarkt in der Oberpfalz,urologische Station,Pflegefachperson (w/m/d) für eine urologische Station,pflegefachkraft,,Vergütung nach TVöD,unklar,,Vollzeit- oder Teilzeitbeschäftigung,Abgeschlossene Ausbildung zur Pflegefachperson (w/m/d),,3,Zuordnung aus dem vorherigen Lauf übernommen; Ort der Stelle nicht belegt,https://klinikum-neumarkt.dvinci-hr.com/de/jobs/90824
Klinikum Neumarkt,Neumarkt in der Oberpfalz,Akutgeriatrie mit Unfallchirurgie,Pflegefachperson / Altenpfleger (w/m/d) für die Akutgeriatrie mit Unfallchirurgie,pflegefachkraft,,,unklar,,vollzeit_teilzeit,Abgeschlossene Berufsausbildung zur Pflegefachperson / Altenpfleger (w/m/d) | Einfühlungsvermögen und hohe Sozialkompetenz | Kommunikations- und Teamfähigkeit | Bereitschaft zur Fort- und Weiterbildung | Bereitschaft zur aktiven Mitarbeit bei der Weiterentwicklung der Pflege | Bereitschaft zur Zusammenarbeit im multiprofessionellen Team,,3,"einzige Klinik am Portal, Ort der Anzeige unbekannt; Ort der Stelle nicht belegt",https://klinikum-neumarkt.dvinci-hr.com/de/jobs/90735/pflegefachperson-altenpfleger-wmd-fur-die-akutgeriatrie-mit-unfallchirurgie
Klinikum Neumarkt,Neumarkt in der Oberpfalz,Akutgeriatrie mit Unfallchirurgie,Pflegefachperson / Altenpfleger (w/m/d) für die Akutgeriatrie mit Unfallchirurgie,pflegefachkraft,,,unklar,,Teilzeit- oder Vollzeitbeschäftigung,Abgeschlossene Berufsausbildung zur Pflegefachperson / Altenpfleger (w/m/d),,2,Zuordnung aus dem vorherigen Lauf übernommen; Ort der Stelle nicht belegt; keine Belegzitate,https://klinikum-neumarkt.dvinci-hr.com/de/jobs/90735
Klinikum Neumarkt,Neumarkt in der Oberpfalz,Kardiologie und Gastroenterologie,Stv. Stationsleitung (w/m/d) für eine Station mit den Fachgebieten Kardiologie und Gastroenterologie - kommissarisch,leitung,,Vergütung nach TVöD,unklar,,vollzeit_teilzeit,"Mehrjährige Berufspraxis als examinierte Pflegefachperson (m/w/d) | Führungsqualifikation (Studium, Weiterbildung) oder die Bereitschaft diese zu erwerben | Leitungserfahrung von Vorteil | Kooperative Führungspersönlichkeit mit ausgeprägter Sozialkompetenz und Kommunikationsfähigkeit | Organisationsgeschick, Flexibilität und Durchsetzungsvermögen | Hohe Motivation und Kreativität",Mehrjährige Berufspraxis als examinierte Pflegefachperson (m/w/d),3,"einzige Klinik am Portal, Ort der Anzeige unbekannt; Ort der Stelle nicht belegt",https://klinikum-neumarkt.dvinci-hr.com/de/jobs/90791/stv-stationsleitung-wmd-fur-eine-station-mit-den-fachgebieten-kardiologie-und-gastroenterologie-kommissarisch
Klinikum Neumarkt,Neumarkt in der Oberpfalz,Station Kardiologie und Gastroenterologie,Stv. Stationsleitung (w/m/d) für eine Station mit den Fachgebieten Kardiologie und Gastroenterologie - kommissarisch,leitung,,Vergütung nach TVöD,unklar,,Vollzeit- oder Teilzeitbeschäftigung mindestens 75%,"Mehrjährige Berufspraxis als examinierte Pflegefachperson (m/w/d) | Führungsqualifikation (Studium, Weiterbildung) oder die Bereitschaft diese zu erwerben",Mehrjährige Berufspraxis; Leitungserfahrung von Vorteil,3,Zuordnung aus dem vorherigen Lauf übernommen; Ort der Stelle nicht belegt,https://klinikum-neumarkt.dvinci-hr.com/de/jobs/90791
Klinikum Nürnberg Nord,Nürnberg,"Klinik für Psychiatrie, Psychosomatik und Psychotherapie im Kindes- und Jugendalter","Pflegefachkraft (m/w/d) Klinik für Psychiatrie, Psychosomatik und Psychotherapie im Kindes- und Jugendalter",pflegefachkraft,,,unklar,,Voll- oder Teilzeit / unbefristet,Abgeschlossene Ausbildung als Pflegefachfrau/Pflegefachmann bzw. als Gesundheits- und Krankenpfleger/in | Bereitschaft zur Arbeit im Schichtdienst,,2,Zuordnung aus dem vorherigen Lauf übernommen; Ort der Stelle nicht belegt; keine Belegzitate,https://karriere.klinikum-nuernberg.de/jobs/21920/pflegefachkraft-mwd-klinik-fur-psychiatrie-psychosomatik-und-psychotherapie-im-kindes-und-jugendalter/
Klinikum Passau,Passau,"Angiographie, Institut für Diagnostische und Interventionelle Radiologie / Neuroradiologie",MFA/MTR oder Pflegefachmann/-frau (m/w/d) in Vollzeit,pflegefachkraft,,"Gehalt und Arbeitsbedingungen nach dem Tarifvertrag für den öffentlichen Dienst (TVöD); Eine attraktive Vergütung nach TVöD Allgemeiner Teil und TVöD-VKA (Gehalt von 3.240,30 – 4.979,97 Euro monatlich, brutto Vollzeit)",ja,Auf Wunsch eine kostengünstige Unterkunft im Personalwohnheim des Klinikums,in Vollzeit,Eine abgeschlossene Berufsausbildung zum MFA/MTR oder zum Pflegefachmann/-frau | Teilnahme am Rufbereitschaftsdienst,,3,Zuordnung aus dem vorherigen Lauf übernommen; Ort der Stelle nicht belegt,https://www.klinikum-passau.de/jobs/?jobid=2762&type=2500
Klinikum Penzberg,Penzberg,Notaufnahme,Gesundheits- und Krankenpfleger (m/w/d) für unsere Notaufnahme,pflegefachkraft,,"Attraktive Vergütung inkl. zusätzlicher betrieblicher Altersvorsorge (4,8 %)",unklar,,Vollzeit,Abgeschlossene Ausbildung als Gesundheits- und Krankenpfleger/in – Pflegefachmann/Pflegefachfrau,,4,Zuordnung aus dem vorherigen Lauf übernommen,https://starnberger-kliniken-karriereportalmein-check-in.career.softgarden.de/jobs/54536823/
Klinikum Penzberg,Penzberg,Notaufnahme,Gesundheits- und Krankenpfleger (m/w/d) mit Fachweiterbildung Notfallpflege,fachweiterbildung,,"Attraktive Vergütung inkl. zusätzlicher betrieblicher Altersvorsorge (4,8 %)",unklar,,Vollzeit,Abgeschlossene Ausbildung als Gesundheits- und Krankenpfleger/in – Pflegefachmann/Pflegefachfrau | Fachweiterbildung für Notfallpflege,Fachweiterbildung für Notfallpflege,4,Zuordnung aus dem vorherigen Lauf übernommen,https://starnberger-kliniken-karriereportalmein-check-in.career.softgarden.de/jobs/54536568/
Klinikum Penzberg,Penzberg,Intensivstation,"Gesundheits- und Krankenpfleger*in, Pflegefachfrau/Pflegefachmann (m/w/d) für unsere Intensivstation",pflegefachkraft,,"Attraktive Vergütung inkl. zusätzlicher betrieblicher Altersvorsorge (4,8 %)",unklar,,"Vollzeit, unbefristet","Abgeschlossene Ausbildung als Gesundheits- und Krankenpfleger*in, Pflegefachfrau/Pflegefachmann",Fachweiterbildung Intensiv- und Anästhesie wünschenswert,4,Zuordnung aus dem vorherigen Lauf übernommen,https://starnberger-kliniken-karriereportalmein-check-in.career.softgarden.de/jobs/54537983/
Klinikum Seefeld,Seefeld,allgemeinchirurgische Stationen,Gesundheits- und Krankenpfleger (m/w/d) für unsere allgemeinchirurgischen Stationen,pflegefachkraft,,"Attraktive Vergütung inkl. zusätzlicher betrieblicher Altersvorsorge (4,8 %)",nein,,unbefristet | zum nächstmöglichen Termin in Voll- oder Teilzeit,"Abgeschlossene Ausbildung als exam. Gesundheits- und (Kinder-) Krankenpfleger/in, exam. Altenpfleger/in oder Pflegefachmann/-frau | Masernschutz nach IfSG",,4,Zuordnung aus dem vorherigen Lauf übernommen,https://starnberger-kliniken-karriereportalmein-check-in.career.softgarden.de/jobs/54618663/
Klinikum St. Elisabeth Straubing,Straubing,Springerpool,Examinierte Pflegefachkraft für den Springerpool,pflegefachkraft,,Neben einer tarifgerechten Bezahlung nach AVR mit starken Sozialleistungen erhalten sie je nach Umfang ihrer Einsatzflexibilität eine zusätzliche Flexibilitäts-Zulage sowie zusätzliche Urlaubstage,unklar,Wir unterstützen bei der Wohnungssuche,vollzeit_teilzeit,"Ausbildung zum/r Pflegefachfrau/Pflegefachmann bzw. Gesundheits- und Krankenpfleger/in | Idealerweise mehrjährige Erfahrung (mind. 1 Jahr) im innerklinischen Setting | Freude an abwechslungsreichen Einsatzbereichen & die Bereitschaft Ihr Fachwissen flexibel in unterschiedlichen Teams einzubringen | Eine selbstständige, strukturierte & eigenverantwortliche Arbeitsweise | Bereitschaft, sich schnell in neue Teams & Arbeitsabläufe einzufinden | Hohe Teamfähigkeit, Engagement, Kommunikationsstärke & Belastbarkeit | Bereitschaft sich kontinuierlich weiterzubilden | Identifikation mit den Zielsetzungen eines katholischen Krankenhauses",Idealerweise mehrjährige Erfahrung (mind. 1 Jahr) im innerklinischen Setting,4,Ort der Stelle nicht belegt,https://www.klinikum-straubing.de/karriere/offene-stellen/detail/j/examinierte-pflegefachkraft-fuer-den-springerpool-189552729.html
Klinikum St. Elisabeth Straubing,Straubing,"Normalstationen, Intensivstation, NFZ / Chest Pain Unit, Anästhesie und den OP",Pflegefachfrau/Pflegefachmann,pflegefachkraft,,Bezahlung nach AVR mit attraktiven Sozialleistungen,unklar,Unterstützung bei der Wohnungssuche,vollzeit_teilzeit,Ausbildung zum/r Pflegefachfrau/Pflegefachmann bzw. Gesundheits- und Krankenpfleger/in | Bereitschaft zur interdisziplinären und fachübergreifenden Zusammenarbeit | Engagement und Belastbarkeit | Hinsichtlich einer Tätigkeit auf der Palliativstation die Bereitschaft zur Weiterbildung Palliative Care | Bereitschaft sich kontinuierlich weiterzubilden | Identifikation mit den Zielsetzungen eines katholischen Krankenhauses,,4,Ort der Stelle nicht belegt,https://www.klinikum-straubing.de/karriere/offene-stellen/detail/j/pflegefachfrau/pflegefachmann-9929482.html
Klinikum St. Elisabeth Straubing,Straubing,Anästhesie,Pflegefachfrau/Pflegefachmann für die Anästhesie / ATA,fachweiterbildung,,Bezahlung nach AVR mit attraktiven Sozialleistungen,unklar,Unterstützung bei der Wohnungssuche,vollzeit_teilzeit,"Ausbildung als Pflegefachfrau/mann bzw. Gesundheits- und Krankenpfleger/in | Bereitschaft zur interdisziplinären und fachübergreifenden Zusammenarbeit | Engagement | Zuverlässigkeit, Freude am selbständigen Arbeiten und Teamfähigkeit | Identifikation mit den Zielsetzungen eines katholischen Krankenhauses | Bereitschaft zur Absolvierung der Fachweiterbildung",,4,Ort der Stelle nicht belegt,https://www.klinikum-straubing.de/karriere/offene-stellen/detail/j/pflegefachfrau/pflegefachmann-fuer-die-anaesthesie-/-ata-153969936.html
Klinikum St. Elisabeth Straubing,Straubing,Intensivstation,Pflegefachfrau/Pflegefachmann für die Intensivstation,fachweiterbildung,,Attraktive Vergütung nach AVR mit vielen Sozialleistungen und Benefits,unklar,Wir unterstützen Sie bei der Wohnungssuche,vollzeit_teilzeit,Ausbildung zum/r Pflegefachfrau/Pflegefachmann bzw. Gesundheits- und Krankenpfleger/in | Wünschenswert ist eine absolvierte Fachweiterbildung für Intensiv- und Anästhesiepflege bzw. die Bereitschaft diese zeitnah zu absolvieren | Hohes Maß an Motivation und Engagement | Kommunikationsstärke und hohes Verantwortungsbewusstsein | Bereitschaft sich kontinuierlich weiterzubilden | Identifikation mit den Zielsetzungen eines katholischen Krankenhauses,,4,Ort der Stelle nicht belegt,https://www.klinikum-straubing.de/karriere/offene-stellen/detail/j/pflegefachfrau/pflegefachmann-fuer-die-intensivstation-144907778.html
Klinikum St. Elisabeth Straubing,Straubing,OP,Pflegefachkraft für den OP,pflegefachkraft,,Attraktive Bezahlung nach AVR mit vielen Sozialleistungen und Benefits,unklar,Unterstützung bei der Wohnungssuche,,"Abgeschlossene Ausbildung als Gesundheits- und Krankenpfleger/in | Erfahrung im OP-Bereich von Vorteil | Zuverlässigkeit, selbstständiges Arbeiten und Teamfähigkeit | Identifikation mit den Zielsetzungen eines katholischen Krankenhauses",Erfahrung im OP-Bereich von Vorteil,4,Ort der Stelle nicht belegt,https://www.klinikum-straubing.de/karriere/offene-stellen/detail/j/pflegefachkraft-fuer-den-op-172774782.html
Klinikum St. Elisabeth Straubing,Straubing,Palliativstation,Pflegefachkräfte für unsere Palliativstation,pflegefachkraft,,Bezahlung nach AVR mit attraktiven Sozialleistungen,unklar,Unterstützung bei der Wohnungssuche,vollzeit_teilzeit,Ausbildung zum/r Pflegefachfrau/Pflegefachmann bzw. Gesundheits- und Krankenpfleger/in | Bereitschaft zur interdisziplinären und fachübergreifenden Zusammenarbeit | Einfühlungsvermögen im Umgang mit Patienten und Angehörigen* | Identifikation mit den Zielsetzungen eines christlichen Krankenhauses,,4,Ort der Stelle nicht belegt,https://www.klinikum-straubing.de/karriere/offene-stellen/detail/j/pflegefachkraefte-fuer-unsere-palliativstation-173331131.html
Klinikum St. Marien Amberg,Amberg,Intensivstation D1 (Schwerpunkt Innere Medizin),Pflegefachfrau /-mann (m/w/d) für Intensivstation,fachweiterbildung,,Entgelt und Arbeitsbedingungen nach dem Tarifvertrag für den öffentlichen Dienst (TVöD-K),unklar,,"Teilzeit, Vollzeit",Pflegefachfrau /-mann mit abgeschlossener Fachweiterbildung Anästhesie und Intensivpflege bzw. die Bereitschaft diese zu absolvieren,mindestens 2 Jahre Berufserfahrung wünschenswert,4,Zuordnung aus dem vorherigen Lauf übernommen,https://karriere.klinikum-amberg.de/jobposting/cfde4a73f7cd5a17817abe0b409fa641daf56437
Klinikum St. Marien Amberg,Amberg,Anästhesie,Pflegefachfrau /-mann (m/w/d) für die Anästhesiepflege oder Anästhesietechnische Assistentin (m/w/d),fachweiterbildung,,Entgelt und Arbeitsbedingungen nach dem Tarifvertrag für den öffentlichen Dienst (TVöD-K),unklar,,"Vollzeit, Teilzeit",Pflegefachfrau/-mann mit abgeschlossener Fachweiterbildung Anästhesie und Intensivpflege oder Ausbildung zur/zum Anästhesietechnischen Assistentin/-en,Fachweiterbildung Anästhesie und Intensivpflege,4,Zuordnung aus dem vorherigen Lauf übernommen,https://karriere.klinikum-amberg.de/jobposting/3c39696c7453ffd5ecd63b9bc5eec041704959ee
Klinikum St. Marien Amberg,Amberg,Endoskopie,Pflegefachfrau /-mann / MFA (m/w/d) für die Endoskopie,pflegefachkraft,,Entgelt und Arbeitsbedingungen nach dem Tarifvertrag für den öffentlichen Dienst (TVöD-K),unklar,,"Teilzeit, Vollzeit",Abgeschlossene 3-jährige Ausbildung als Pflegefachfrau /-mann (alternativ MFA) | Sedierungskurs bzw. Bereitschaft,Mindestens 2 - 3 Jahre einschlägige Berufserfahrung wünschenswert,4,Zuordnung aus dem vorherigen Lauf übernommen,https://karriere.klinikum-amberg.de/jobposting/e397d666938b8a6007ddf5ca3835f8534fd4128b
Klinikum St. Marien Amberg,Amberg,Kinderintensivstation,Pflegefachfrau /-mann mit Vertiefung Pädiatrie (m/w/d) für Kinderintensivstation,fachweiterbildung,,Entgelt und Arbeitsbedingungen nach dem Tarifvertrag für den öffentlichen Dienst (TVöD-K),unklar,,"Teilzeit, Vollzeit",3-jährige Ausbildung zur/zum Pflegefachfrau/-mann mit Vertiefung Pädiatrie oder in Gesundheits- und Kinderkrankenpflege,"abgeschlossene Fachweiterbildung Pädiatrische Intensivpflege, bzw. die Bereitschaft diese zu absolvieren",4,Zuordnung aus dem vorherigen Lauf übernommen,https://karriere.klinikum-amberg.de/jobposting/672ea9f1ef5187f1594fee2583a3c938c44de65b
Klinikum St. Marien Amberg,Amberg,Kinderstation B9,Stellvertretende Stationsleitung für die Kinderstation (m/w/d),leitung,,Entgelt und Arbeitsbedingungen nach dem Tarifvertrag für den öffentlichen Dienst (TVöD-K),unklar,,Vollzeit,3-jährige Ausbildung Pflegefachfrau/-mann mit Vertiefung Pädiatrie / Gesundheits- und Kinderkrankenpfleger | Weiterbildung Stationsleitung bzw. Bereitschaft,Mehrjährige Berufserfahrung auf einer Kinder- oder Kinderintensivstation,4,Zuordnung aus dem vorherigen Lauf übernommen,https://karriere.klinikum-amberg.de/jobposting/e955113e47d5fafc79ccf435807b6be238b8423c
Klinikum Starnberg,Starnberg,Kardiologie inkl. IMC,"Neu Starnberg 03.09.2026 Pflegefachkraft – Kardiologie inkl. IMC (m/w/d) Berufserfahrene Pflege, Therapie und Assistenz",pflegefachkraft,,Attraktive Vergütung nach TVöD inkl. LOB,ja,Personalwohnung (nach Verfügbarkeit),vollzeit_teilzeit,"Abgeschlossene Ausbildung als Pflegefachfrau, Pflegefachmann, Krankenschwester, Krankenpfleger, Gesundheits- und Krankenpfleger (m/w/d) | Hohes soziales Engagement und empathisches Auftreten | Motivation und Freude im interdisziplinären Team an der Arbeit mit kardiologisch erkrankten Patientinnen und Patienten | Deutschkenntnisse in Wort und Schrift auf B2-Niveau sind Voraussetzung",,5,,https://starnberger-kliniken-karriereportalmein-check-in.career.softgarden.de/jobs/54625058/Pflegefachkraft-%E2%80%93-Kardiologie-inkl-IMC-m-w-d-/
Klinikum Starnberg,Starnberg,internistische 29-Betten-Station mit 6 Palliativbetten,Pflegefachkraft,pflegefachkraft,,Attraktive Vergütung nach TVöD inkl. LOB,ja,Personalwohnung (nach Verfügbarkeit),vollzeit_teilzeit,"Abgeschlossene Ausbildung als Pflegefachfrau, Pflegefachmann, Krankenschwester, Krankenpfleger, Gesundheits- und Krankenpfleger, Altenpfleger (m/w/d) | hohes soziales Engagement und empathisches Auftreten | Motivation und Freude am Arbeiten im interdisziplinären Team | Deutschkenntnisse in Wort und Schrift auf B2-Niveau sind Voraussetzung",,5,,https://starnberger-kliniken-karriereportalmein-check-in.career.softgarden.de/jobs/54626343/Pflegefachkraft-%E2%80%93-Innere-Medizin-inkl-Palliativbetten-m-w-d-/
Klinikum Starnberg,Starnberg,Intensivstation,Pflegefachkraft - Intensivstation (m/w/d),pflegefachkraft,,,unklar,,"Voll- oder Teilzeit, unbefristet","Abgeschlossene Ausbildung als Gesundheits- und Krankenpfleger*in, Krankenschwester oder Krankenpfleger, Pflegefachkraft oder vergleichbare Ausbildung",Fachweiterbildung wünschenswert,3,Zuordnung aus dem vorherigen Lauf übernommen; keine Belegzitate,https://starnberger-kliniken-karriereportalmein-check-in.career.softgarden.de/jobs/54546263/Pflegefachkraft---Intensivstation-m-w-d-/
Klinikum Starnberg,Starnberg,neonatologische Intensivstation Level II,Pflegefachkraft - neonatologische Intensivstation -Level II (m/w/d),pflegefachkraft,,Attraktive Vergütung nach TVöD inkl. LOB,ja,Personalwohnung (nach Verfügbarkeit),"Voll- oder Teilzeit, unbefristet","Abgeschlossene Ausbildung als Gesundheits- und (Kinder-)Krankenpflegerin, GKP, Pflegefachkraft (m/w/d)",Erfahrung im Bereich Neonatologie von Vorteil; gerne mit Weiterbildung IBCLC,4,Zuordnung aus dem vorherigen Lauf übernommen,https://starnberger-kliniken-karriereportalmein-check-in.career.softgarden.de/jobs/54545203/Pflegefachkraft---neonatologische-Intensivstation--Level-II-m-w-d-/
Klinikum Starnberg,Starnberg,Gynäkologie / Urologie (Station A2),Pflegefachkraft – Gynäkologie / Urologie (m/w/d),pflegefachkraft,,Attraktive Vergütung nach TVöD inkl. LOB,unklar,,"Voll- oder Teilzeit, unbefristet",abgeschlossene 3-jährige Pflegeausbildung | Deutschkenntnisse B2-Niveau,,4,Zuordnung aus dem vorherigen Lauf übernommen,https://starnberger-kliniken-karriereportalmein-check-in.career.softgarden.de/jobs/54631128/Pflegefachkraft-%E2%80%93-Gyn%C3%A4kologie-Urologie-m-w-d-/
Klinikum Starnberg,Starnberg,Orthopädie / Unfallchirurgie (Station A4),Pflegefachkraft – Orthopädie / Unfallchirurgie (m/w/d),pflegefachkraft,,Attraktive Vergütung nach TVöD inkl. LOB,unklar,,"Voll- oder Teilzeit, unbefristet",abgeschlossene 3-jährige Pflegeausbildung | Deutschkenntnisse B2-Niveau,,4,Zuordnung aus dem vorherigen Lauf übernommen,https://starnberger-kliniken-karriereportalmein-check-in.career.softgarden.de/jobs/54631638/Pflegefachkraft-%E2%80%93-Orthop%C3%A4die-Unfallchirurgie-m-w-d-/
Klinikum Starnberg,Starnberg,Intensivstation,Stationsleitung Prozesse,leitung,,Attraktive Vergütung nach TVöD inkl. LOB,ja,Personalwohnung (nach Verfügbarkeit),vollzeit_teilzeit,"Abgeschlossene Ausbildung als Gesundheits- und Krankenpfleger (m/w/d) mit Fachweiterbildung für Intensiv- und Anästhesiepflege | Abgeschlossene Weiterbildung zur Stationsleitung wünschenswert | Zusatzqualifikation oder nachgewiesene Erfahrung im Bereich Prozess- oder Qualitätsmanagement von Vorteil | Ausgeprägtes Organisationstalent, Kommunikationsstärke und Freude an interdisziplinärer Zusammenarbeit | Analytisches Denken sowie Interesse an Prozessoptimierung und digitalen Tools",,5,,https://starnberger-kliniken-karriereportalmein-check-in.career.softgarden.de/jobs/56411392/Stationsleitung-Prozesse---Intensivstation-m-w-d-/
Klinikum Traunstein,Traunstein,Zentrale Praxisanleitung,Freigestellte Praxisanleitung (w/m/d) Zentrale Praxisanleitung,fachweiterbildung,,Attraktive Vergütung nach TVöD,unklar,,Voll- oder Teilzeit,Berufspädagogische Zusatzqualifikation zur Praxisanleitung im Umfang von mind. 200 h | Flexibilität (Einsatz an allen vier KSOB-Standorten),mindestens 2-jährige Berufserfahrung,4,Klinik nach Anzeigenort korrigiert,https://jobs.kliniken-suedostbayern.de/Freigestellte-Praxisanleitung-wmd-Zentrale-Praxisanleitung-de-j2269.html
Klinikum Traunstein,Traunstein,Operationsdienst / OP,Gesundheits- und Krankenpfleger (w/m/d) / Operationstechnische Assistenz (OTA) (w/m/d),ota_ata,,Ihre Vergütung nach TVöD,unklar,,"Voll- oder Teilzeit, unbefristet",Erfolgreich abgeschlossene Ausbildung als Pflegefachkraft / GKP mit oder ohne Fachweiterbildung oder als Operationstechnische Assistenz (OTA),Mehrjährige Berufserfahrung wünschenswert,4,Zuordnung aus dem vorherigen Lauf übernommen,https://jobs.kliniken-suedostbayern.de/Gesundheits-und-Krankenpfleger-wmd-Operationstechnische-As-de-j540.html
Klinikum Traunstein,Traunstein,Chirurgische Stationen,Pflegefachkraft (w/m/d) Chirurgische Stationen,pflegefachkraft,,Eingruppierung nach TVöD sowie überdurchschnittliche betriebliche Altersvorsorge,unklar,,Voll- oder Teilzeit,"Abgeschlossene Ausbildung als Gesundheits- und Krankenpfleger, Altenpfleger oder Pflegefachmann/-frau | Bereitschaft zur Arbeit im Schichtsystem",,4,Zuordnung aus dem vorherigen Lauf übernommen,https://jobs.kliniken-suedostbayern.de/Pflegefachkraft-wmd-Chirurgische-Stationen-de-j915.html
Klinikum Traunstein,Traunstein,Internistische Stationen,Pflegefachkraft (w/m/d) Internistische Stationen,pflegefachkraft,,Eingruppierung nach TVöD sowie überdurchschnittliche betriebliche Altersvorsorge,unklar,,Voll- oder Teilzeit,"Abgeschlossene Ausbildung als Gesundheits- und Krankenpfleger, Altenpfleger oder Pflegefachmann/-frau | Bereitschaft zur Arbeit im Schichtsystem",,4,Zuordnung aus dem vorherigen Lauf übernommen,https://jobs.kliniken-suedostbayern.de/Pflegefachkraft-wmd-Internistische-Stationen-de-j914.html
Klinikum Traunstein,Traunstein,Zentrale Notaufnahme,Pflegefachkraft (w/m/d) Zentrale Notaufnahme,pflegefachkraft,,Attraktive Vergütung nach TVöD,unklar,,Voll- oder Teilzeit (vorerst befristet bis zum 01.08.2027),Abgeschlossene Ausbildung in der Gesundheits- und Krankenpflege | Erfahrung in der Notfallpflege,Erfahrung in der Notfallpflege; Fachweiterbildung Notfallpflege wünschenswert,4,Zuordnung aus dem vorherigen Lauf übernommen,https://jobs.kliniken-suedostbayern.de/Pflegefachkraft-wmd-Zentrale-Notaufnahme-de-j2162.html
Klinikum Traunstein,Traunstein,Medizinische Intensivstation,Stellvertretende Stationsleitung (w/m/d) Medizinische Intensivstation,leitung,,Attraktive Vergütung nach TVöD,unklar,,Vollzeit,Abgeschlossene Weiterbildung zur Intensiv- und Anästhesiepflege | Weiterbildung zur pflegerischen Leitung oder Studium Pflegemanagement wünschenswert,Fachweiterbildung Intensiv- und Anästhesiepflege,4,Zuordnung aus dem vorherigen Lauf übernommen,https://jobs.kliniken-suedostbayern.de/Stellvertretende-Stationsleitung-wmd-Medizinische-Intensiv-de-j2316.html
Klinikum Würzburg Mitte,Würzburg,Zentral-OP (beide Standorte),OTA (m/w/d) oder Pflegefachkraft (m/w/d) für unsere Teams des Zentral-OPs,ota_ata,,ein Entgelt nach TV-L,unklar,,"Vollzeit / Teilzeit, unbefristetes Arbeitsverhältnis",die abgeschlossene 3-jährige Ausbildung zur Pflegefachkraft (m/w/d) oder zum Operationstechnischen Assistenten (m/w/d),,3,Zuordnung aus dem vorherigen Lauf übernommen; Ort der Stelle nicht belegt,https://www.kwm-klinikum.de/beruf-chancen/stellenanzeigen/pflege-und-funktionsdienst/details/?job=ebdc3501-e772-4fa8-b78e-ada51da87be9
Klinikum Würzburg Mitte,Würzburg,Palliativstation (Juliusspital),Pflegefachkraft (m/w/d) für die Palliativversorgung,pflegefachkraft,,ein Entgelt nach TV-L,unklar,,Vollzeit,die abgeschlossene Ausbildung als Pflegefachmann (m/w/d),zweijährige Berufserfahrung wünschenswert; Palliative-Care-Weiterbildung oder Bereitschaft diese zu absolvieren,3,Zuordnung aus dem vorherigen Lauf übernommen; Ort der Stelle nicht belegt,https://www.kwm-klinikum.de/beruf-chancen/stellenanzeigen/pflege-und-funktionsdienst/details/?job=a0c87a45-d5b8-464e-bd9e-064000b1f113
Klinikum Würzburg Mitte,Würzburg,Wochenbettstation (Missioklinik),Pflegefachkraft (m/w/d) für die Wochenbettstation,pflegefachkraft,,ein Entgelt nach TV-L,unklar,,"Vollzeit / Teilzeit, unbefristetes Arbeitsverhältnis",abgeschlossene 3-jährige Ausbildung zur Pflegefachkraft mit optionalem pädiatrischen Schwerpunkt (m/w/d),,3,Zuordnung aus dem vorherigen Lauf übernommen; Ort der Stelle nicht belegt,https://www.kwm-klinikum.de/beruf-chancen/stellenanzeigen/pflege-und-funktionsdienst/details/?job=e30a97ce-2190-4bcb-a999-44d5b494b835
Klinikum Würzburg Mitte,Würzburg,Stroke Unit (Juliusspital),Pflegefachkraft (m/w/d) für unser Team der zertifizierten Stroke Unit,pflegefachkraft,,ein Entgelt nach TV-L,unklar,,"Vollzeit, unbefristetes Arbeitsverhältnis",abgeschlossenes Examen als Pflegefachkraft (m/w/d) oder Gesundheits- und Krankenpfleger (m/w/d),Qualifikationslehrgang „Spezielle Pflege auf Stroke Units“ oder Bereitschaft diesen zu absolvieren,3,Zuordnung aus dem vorherigen Lauf übernommen; Ort der Stelle nicht belegt,https://www.kwm-klinikum.de/beruf-chancen/stellenanzeigen/pflege-und-funktionsdienst/details/?job=1acb3b7a-4522-490f-ac5e-ed2df9a6b299
Klinikum Würzburg Mitte,Würzburg,Intensivstationen (beide Standorte),Pflegefachkräfte (m/w/d) für unsere Teams der Intensivstationen,fachweiterbildung,,ein Entgelt nach TV-L,unklar,,"Vollzeit / Teilzeit, unbefristetes Arbeitsverhältnis",abgeschlossenes Examen als Pflegefachmann/-frau (m/w/d),abgeschlossene Fachweiterbildung Anästhesie- und Intensivpflege (DKG) oder die Bereitschaft diese zu absolvieren,3,Zuordnung aus dem vorherigen Lauf übernommen; Ort der Stelle nicht belegt,https://www.kwm-klinikum.de/beruf-chancen/stellenanzeigen/pflege-und-funktionsdienst/details/?job=24686e70-76fd-4798-9614-d0daf45cc82d
Klinikum am Europakanal,Erlangen,Abteilung für Hörgeschädigte,Pflegefachfrau / Pflegefachmann (m/w/d) - Abteilung für Hörgeschädigte,pflegefachkraft,P8,,unklar,,voll- oder teilzeitbeschäftigt,abgeschlossene Ausbildung Pflegefachfrau/Pflegefachmann bzw. Gesundheits- und Krankenpfleger | Bereitschaft 3-Schichtsystem | Bereitschaft Gebärdensprache zu erlernen,,4,"Zuordnung aus dem vorherigen Lauf übernommen · pay_text auf der Seite nicht gefunden, geleert",https://jobs.bezirkskliniken-mfr.de/index.php?ac=jobad&id=880
Klinikum am Europakanal,Erlangen,"Flex-Unit (Psychiatrie und Neurologie, wechselnde Stationen)",Pflegefachfrau / Pflegefachmann (m/w/d) für unsere Flex-Unit,pflegefachkraft,P8,,unklar,,voll- oder teilzeitbeschäftigt,"abgeschlossene Ausbildung Pflegefachfrau/Pflegefachmann, Gesundheits- und Krankenpfleger bzw. Altenpfleger | mind. 4 Std. pro Schicht | Beschäftigungsumfang 25-100%",,4,"Zuordnung aus dem vorherigen Lauf übernommen · pay_text auf der Seite nicht gefunden, geleert",https://jobs.bezirkskliniken-mfr.de/index.php?ac=jobad&id=745
Klinikum am Europakanal,Erlangen,"Fachbereich Altersmedizin - Klinik für Psychiatrie, Sucht, Psychotherapie und Psychosomatik",Pflegefachkraft (m/w/d) bzw. Altenpfleger (m/w/d) - Fachbereich Altersmedizin,pflegefachkraft,,,unklar,,voll- oder teilzeitbeschäftigt,abgeschlossene Ausbildung Pflegefachmann bzw. Altenpfleger,"Erfahrung in der Somatik erwünscht, Berufseinsteiger möglich",4,"Zuordnung aus dem vorherigen Lauf übernommen · pay_text auf der Seite nicht gefunden, geleert · pay_grade auf der Seite nicht gefunden, geleert",https://jobs.bezirkskliniken-mfr.de/index.php?ac=jobad&id=858
Klinikum am Europakanal,Erlangen,psychotherapeutische Station G2,Pflegefachkraft (m/w/d) psychotherapeutische Station G2 - Klinikum am Europakanal,pflegefachkraft,P8,,unklar,,voll- oder teilzeitbeschäftigt,"abgeschlossene Ausbildung Pflegefachfrau/Pflegefachmann, Gesundheits- und Krankenpfleger bzw. Altenpfleger",erste Berufserfahrung,4,"Zuordnung aus dem vorherigen Lauf übernommen · pay_text auf der Seite nicht gefunden, geleert",https://jobs.bezirkskliniken-mfr.de/index.php?ac=jobad&id=898
Klinikum am Europakanal,Erlangen,Intensivstation Zentrum für Neurologie und Neurologische Rehabilitation,Pflegefachmann / Pflegefachfrau (m/w/d) - Intensivstation des Zentrums für Neurologie und Neurologische Rehabilitation,pflegefachkraft,P8,,unklar,,voll- oder teilzeitbeschäftigt,abgeschlossene Berufsausbildung Gesundheits- und Krankenpfleger,Berufserfahrung Intensivmedizin bzw. Neurologie wünschenswert; Fachweiterbildung Intensiv/Anästhesie ergibt P9,4,"Zuordnung aus dem vorherigen Lauf übernommen · pay_text auf der Seite nicht gefunden, geleert",https://jobs.bezirkskliniken-mfr.de/index.php?ac=jobad&id=884
Klinikum rechts der Isar der Technischen Universität München,München,Kardiologische Intensivstation,119 pflegefachkraft kardiologische intensivstation,fachweiterbildung,,,unklar,,vollzeit_teilzeit,Verantwortungsbewusstsein und Organisationstalent | Patientenorientiertes Pflegeverständnis und hohe soziale Kompetenz | Eine teamfähige Persönlichkeit mit schneller Auffassungsgabe | Bereitschaft zur regelmäßigen Teilnahme an Fort- und Weiterbildungen | Erfolgreich abgeschlossene dreijährige Berufsausbildung in einem Pflegeberuf oder duales Studium Pflege | Wünschenswert ist eine Fachweiterbildung für die Intensivpflege und Anästhesie (DKG) oder die Bereitschaft diese zu absolvieren,Sie haben noch wenig bis keine Berufserfahrung? Auch dann sind Sie in unserem Team herzlich willkommen.,3,"einzige Klinik am Portal, Ort der Anzeige unbekannt; Ort der Stelle nicht belegt",https://karriere.tumklinikum.de/de/jobs/119-pflegefachkraft-kardiologische-intensivstation
Klinikum rechts der Isar der Technischen Universität München,München,Neonatologische Intensivstation,121 pflegefachkraft neonatologische intensivstation,pflegefachkraft,,,unklar,,vollzeit_teilzeit,Erfolgreich abgeschlossene dreijährige Berufsausbildung in einem Pflegeberuf oder duales Studium Pflege | Gerne mit Berufserfahrung in der stationären Gesundheits- und Kinderkrankenpflege | Verantwortungsbewusstsein und Organisationstalent | Patientenorientiertes Pflegeverständnis und hohe soziale Kompetenz | Eine teamfähige Persönlichkeit mit schneller Auffassungsgabe | Bereitschaft zur regelmäßigen Teilnahme an Fort- und Weiterbildungen,Gerne mit Berufserfahrung in der stationären Gesundheits- und Kinderkrankenpflege,3,"einzige Klinik am Portal, Ort der Anzeige unbekannt; Ort der Stelle nicht belegt",https://karriere.tumklinikum.de/de/jobs/121-pflegefachkraft-neonatologische-intensivstation
Klinikum rechts der Isar der Technischen Universität München,München,Internistische Überwachungseinheit Toxikologie,125 pflegefachkraft internistische uberwachungseinheit toxikologie,pflegefachkraft,,,unklar,,vollzeit_teilzeit,Erfolgreich abgeschlossene dreijährige Berufsausbildung in einem Pflegeberuf oder duales Studium Pflege | Bereitschaft zur Teilnahme an Qualitätszirkeln | Kenntnisse in der prozess- und zielorientierten pflegerischen und medizinischen Versorgung unserer Patientinnen und Patienten | Patientenorientiertes Pflegeverständnis und hohe soziale Kompetenz | Eine teamfähige Persönlichkeit mit schneller Auffassungsgabe | Bereitschaft zur regelmäßigen Teilnahme an Fort- und Weiterbildungen,,3,"einzige Klinik am Portal, Ort der Anzeige unbekannt; Ort der Stelle nicht belegt",https://karriere.tumklinikum.de/de/jobs/125-pflegefachkraft-internistische-uberwachungseinheit-toxikologie
Klinikum rechts der Isar der Technischen Universität München,München,Unfallchirurgie,127 advanced practice nurse m w d unfallchirurgie,unklar,,,unklar,,vollzeit_teilzeit,"Erfolgreich abgeschlossenes Studium ANP/APN oder Pflegewissenschaft | sowie dreijährige Berufsausbildung in Gesundheits- und (Kinder-)Krankenpflege oder Altenpflege | Engagement und Begeisterung für Pflege und deren Weiterentwicklung | Fachliche, methodische und soziale Kompetenzen zur Umsetzung pflegewissenschaftlicher Forschungs- und Implementierungsprojekte | Fundierte Kenntnisse wissenschaftlicher Arbeitsweise, besonders in systematischer Literaturrecherche und -analyse | Erfahrung im Projektmanagement sowie in Implementierungs- und Praxisentwicklungswissenschaft | Ausgeprägte Teamfähigkeit, soziale Kompetenz, analytisches Denkvermögen, verantwortungsbewusste und selbstständige Arbeitsweise | sowie Bereitschaft zu Wochenend-, Feiertags- und Schichtdiensten",,3,"einzige Klinik am Portal, Ort der Anzeige unbekannt; Ort der Stelle nicht belegt",https://karriere.tumklinikum.de/de/jobs/127-advanced-practice-nurse-m-w-d-unfallchirurgie
Klinikum rechts der Isar der Technischen Universität München,München,Internistische Intensivstation Toxikologie,129 pflegefachkraft internistische intensivstation toxikologie,fachweiterbildung,,,unklar,,vollzeit_teilzeit,"Erfolgreich abgeschlossene dreijährige Berufsausbildung in einem Pflegeberuf oder duales Studium Pflege | Fachweiterbildung Intensivpflege und Anästhesie ist wünschenswert | Idealerweise Erfahrung in der Intensivmedizin | Einfühlungsvermögen im Umgang mit schwerstkranken Patientinnen und Patienten sowie Geschick und Interesse bei der Anwendung von komplexen medizinischen Geräten | Teamfähigkeit, Engagement und Eigeninitiative sowie der Wunsch, sich persönlich weiterzuentwickeln",Idealerweise Erfahrung in der Intensivmedizin,3,"einzige Klinik am Portal, Ort der Anzeige unbekannt; Ort der Stelle nicht belegt",https://karriere.tumklinikum.de/de/jobs/129-pflegefachkraft-internistische-intensivstation-toxikologie
Klinikum rechts der Isar der Technischen Universität München,München,Unfallchirurgie,135 pflegefachperson als praxisanleiter m w d unfallchirurgie,leitung,,,unklar,,vollzeit_teilzeit,"Erfolgreich abgeschlossene Pflegeausbildung oder Studium, idealerweise mit Weiterbildung in Praxisanleitung/Pflegepädagogik | Freude an der klinischen Ausbildung zukünftiger Kolleginnen und Kollegen | Bereitschaft zu Fort- und Weiterbildungen | Begeisterung für Pflege und deren Weiterentwicklung | Verantwortungsbewusstsein, Organisationstalent und Teamfähigkeit | Patientenorientierung und soziale Kompetenz",,3,"einzige Klinik am Portal, Ort der Anzeige unbekannt; Ort der Stelle nicht belegt",https://karriere.tumklinikum.de/de/jobs/135-pflegefachperson-als-praxisanleiter-m-w-d-unfallchirurgie
Klinikum rechts der Isar der Technischen Universität München,München,Gastroenterologische Intensivstation,136 pflegefachkraft gastroenterologische intensivstation,fachweiterbildung,,,unklar,,vollzeit_teilzeit,Erfolgreich abgeschlossene dreijährige Berufsausbildung in einem Pflegeberuf oder duales Studium Pflege | Wünschenswert ist eine Fachweiterbildung für die Intensivpflege und Anästhesie (DKG) oder die Bereitschaft diese zu absolvieren | Verantwortungsbewusstsein und Organisationstalent | Patientenorientiertes Pflegeverständnis und hohe soziale Kompetenz | Eine teamfähige Persönlichkeit mit schneller Auffassungsgabe | Bereitschaft zur regelmäßigen Teilnahme an Fort- und Weiterbildungen,,3,"einzige Klinik am Portal, Ort der Anzeige unbekannt; Ort der Stelle nicht belegt",https://karriere.tumklinikum.de/de/jobs/136-pflegefachkraft-gastroenterologische-intensivstation
Klinikum rechts der Isar der Technischen Universität München,München,interdisziplinäre Intensivstation L1a/K1a,144 pflegefachkraft interdisziplinare intensivstation l1a k1a,pflegefachkraft,,,unklar,,vollzeit_teilzeit,"Eine erfolgreich abgeschlossene dreijährige Ausbildung als Gesundheits- und Krankenpfleger/in, Pflegefachmann/frau oder duales Studium Pflege | Einfühlungsvermögen im Umgang mit schwerstkranken Patientinnen und Patienten sowie Geschick und Interesse bei der Anwendung von komplexen medizinischen Geräten. | Hohe persönliche - und pflegefachliche Kompetenz | Bereitschaft zur regelmäßigen Teilnahme an Fort- und Weiterbildungen | Teamfähigkeit, Engagement und Eigeninitiative sowie der Wunsch, sich persönlich weiterzuentwickeln",Noch wenig bis keine Berufserfahrung? Auch dann sind Sie in unserem Team herzlich willkommen.,3,"einzige Klinik am Portal, Ort der Anzeige unbekannt; Ort der Stelle nicht belegt",https://karriere.tumklinikum.de/de/jobs/144-pflegefachkraft-interdisziplinare-intensivstation-l1a-k1a
Klinikum rechts der Isar der Technischen Universität München,München,,172 pflegefachkraft als integrations und anerkennungsmanager m w d,leitung,,,unklar,,vollzeit_teilzeit,"Abgeschlossene dreijährige Berufsausbildung in einem Pflegeberuf als z.B. Gesundheits- und Krankenpfleger/in, Pflegefachperson (m/w/d), Krankenschwester (m/w/d) | Abgeschlossene Weiterbildung zur Praxisanleitung in der Pflege | Berufserfahrung in der klinischen Pflege, idealerweise mit interkultureller Zusammenarbeit | Interesse an der Kombination aus pflegerischer Tätigkeit und pädagogischer Begleitung neuer Mitarbeitender","Berufserfahrung in der klinischen Pflege, idealerweise mit interkultureller Zusammenarbeit",3,"einzige Klinik am Portal, Ort der Anzeige unbekannt; Ort der Stelle nicht belegt",https://karriere.tumklinikum.de/de/jobs/172-pflegefachkraft-als-integrations-und-anerkennungsmanager-m-w-d
Klinikum rechts der Isar der Technischen Universität München,München,ATA-Berufsfachschule,233 berufs oder pflegepadagoge m w d ata berufsfachschule,leitung,,,unklar,,vollzeit_teilzeit,"Erfolgreich abgeschlossene dreijährige Berufsausbildung als Anästhesietechnischer Assistent (m/w/d) oder Pflegefachkraft (m/w/d) | Erfolgreich abgeschlossenes Bachelor- bzw. Masterstudium in Medizin-, Berufs- oder Pflegepädagogi k | Mehrjährige Berufserfahrung in den Funktionsbereichen OP und Anästhesie | Pädagogische und fachliche Berufserfahrung in der Umsetzung moderner Bildungskonzepte | Sicherer Umgang mit MS-Office, Lernmanagementsystemen, vertiefte Kenntnisse in PowerPoint sowie Erfahrungen im Umgang mit Videokonferenztools (z. B. Webex) | Hohes Maß an Sozialkompetenz, Interesse an Teamarbeit und Freude am Kontakt mit Auszubildenden",Mehrjährige Berufserfahrung in den Funktionsbereichen OP und Anästhesie,3,"einzige Klinik am Portal, Ort der Anzeige unbekannt; Ort der Stelle nicht belegt",https://karriere.tumklinikum.de/de/jobs/233-berufs-oder-pflegepadagoge-m-w-d-ata-berufsfachschule
Klinikum rechts der Isar der Technischen Universität München,München,"Mund-, Kiefer- und Gesichtschirurgie",288 pflegefachkraft mund kiefer und gesichtschirurgie,pflegefachkraft,,,unklar,,vollzeit_teilzeit,"Erfolgreich abgeschlossene dreijährige Berufsausbildung als Pflegefachkraft (m/w/d), Gesundheits- und Krankenpfleger (m/w/d) | Verantwortungsbewusstsein, Einfühlungsvermögen und Organisationstalent | Patientenorientiertes Pflegeverständnis und hohe soziale Kompetenz, insbesondere im Umgang mit Patientinnen und Patienten mit funktionellen Einschränkungen (z. | Gute Kommunikations- und Ausdrucksfähigkeit in deutscher Sprache | Eine teamfähige Persönlichkeit mit schneller Auffassungsgabe",,3,"einzige Klinik am Portal, Ort der Anzeige unbekannt; Ort der Stelle nicht belegt",https://karriere.tumklinikum.de/de/jobs/288-pflegefachkraft-mund-kiefer-und-gesichtschirurgie
Klinikum rechts der Isar der Technischen Universität München,München,,379 initiativbewerbung pflege und funktionsdienst,pflegefachkraft,,,unklar,,vollzeit_teilzeit,"Sie arbeiten patientenorientiert und haben ein hohes Maß an Einfühlungsvermögen und sozialer Kompetenz | Eine selbständige, team- und lösungsorientierte sowie strukturierte Arbeitsweise ist für Sie selbstverständlich. | Sie besitzen Kenntnisse in der prozess- und zielorientierten pflegerischen und medizinischen Versorgung | Eine erfolgreich abgeschlossene Berufsausbildung als Gesundheits- und Krankenpfleger/in, Pflegefachmann/frau, Altenpfleger/in, Pflegefachhelfer/in",Sie haben noch wenig bis keine Berufserfahrung? Auch dann sind Sie in unserem Team herzlich willkommen.,3,"einzige Klinik am Portal, Ort der Anzeige unbekannt; Ort der Stelle nicht belegt",https://karriere.tumklinikum.de/de/jobs/379-initiativbewerbung-pflege-und-funktionsdienst
Klinikum rechts der Isar der Technischen Universität München,München,Neonatologische Überwachungsstation,448 pflegefachkraft neonatologische uberwachungsstation,pflegefachkraft,,,unklar,,vollzeit_teilzeit,Erfolgreich abgeschlossene dreijährige Berufsausbildung in einem Pflegeberuf oder duales Studium Pflege | Verantwortungsbewusstsein und Organisationstalent | Patientenorientiertes Pflegeverständnis und hohe soziale Kompetenz | Eine teamfähige Persönlichkeit mit schneller Auffassungsgabe | Bereitschaft zur regelmäßigen Teilnahme an Fort- und Weiterbildungen,Gerne mit Berufserfahrung in der stationären Gesundheits- und Kinderkrankenpflege,3,"einzige Klinik am Portal, Ort der Anzeige unbekannt; Ort der Stelle nicht belegt",https://karriere.tumklinikum.de/de/jobs/448-pflegefachkraft-neonatologische-uberwachungsstation
Klinikum rechts der Isar der Technischen Universität München,München,Anästhesiologische operative Intensivstation,565 stellv stationsleitung anasthesiologische operative intensivstation,leitung,,,unklar,,vollzeit,"Erfolgreich abgeschlossene dreijährige Berufsausbildung als Pflegefachperson (m/w/d), Gesundheits- und Krankenpfleger (m/w/d) | Abgeschlossene Fachweiterbildung für Intensiv- und Anästhesiepflege | Wünschenswert sind erste Leitungserfahrungen sowie die Motivation zur Weiterqualifizierung im Leitungsbereich | Führungskompetenz sowie Verantwortungsbereitschaft für Personal-, Organisations- und Vertretungsaufgaben | Sicherer Umgang mit pflegerischen und organisatorischen Prozessen sowie aktive Mitgestaltung im Qualitätsmanagement | Kommunikationsstärke und Fähigkeit zur konstruktiven Zusammenarbeit im interdisziplinären Team",mit Erfahrung im intensivmedizinischen Bereich,3,"einzige Klinik am Portal, Ort der Anzeige unbekannt; Ort der Stelle nicht belegt",https://karriere.tumklinikum.de/de/jobs/565-stellv-stationsleitung-anasthesiologische-operative-intensivstation
Klinikum rechts der Isar der Technischen Universität München,München,Interdisziplinäre Intensivstation,595 pflegefachkraft interdisziplinare intensivstation,pflegefachkraft,,,unklar,,vollzeit_teilzeit,"Eine erfolgreich abgeschlossene dreijährige Ausbildung als Gesundheits- und Krankenpfleger/in, Pflegefachmann/frau oder duales Studium Pflege | Einfühlungsvermögen im Umgang mit schwerstkranken Patientinnen und Patienten sowie Geschick und Interesse bei der Anwendung von komplexen medizinischen Geräten | Hohe persönliche - und pflegefachliche Kompetenz | Bereitschaft zur regelmäßigen Teilnahme an Fort- und Weiterbildungen | Teamfähigkeit, Engagement und Eigeninitiative sowie der Wunsch, sich persönlich weiterzuentwickeln",Noch wenig bis keine Berufserfahrung? Auch dann sind Sie in unserem Team herzlich willkommen.,3,"einzige Klinik am Portal, Ort der Anzeige unbekannt; Ort der Stelle nicht belegt",https://karriere.tumklinikum.de/de/jobs/595-pflegefachkraft-interdisziplinare-intensivstation
Klinikum rechts der Isar der Technischen Universität München,München,Funktionsdienst Anästhesie,596 pflegefachkraft ata m w d funktionsdienst anasthesie,ota_ata,,,unklar,,vollzeit_teilzeit,"Erfolgreich abgeschlossene dreijährige Berufsausbildung als Pflegefachkraft oder ATA (m/w/d) oder ein duales Studium in der Pflege | Idealerweise Berufserfahrung in der Anästhesie oder eine Fachweiterbildung in Intensiv- und Anästhesiepflege | Sicherer Umgang mit komplexen medizinischen Geräten sowie Interesse an deren Anwendung | Verantwortungsbewusste, zuverlässige und präzise Arbeitsweise | Flexibilität, eine strukturierte Arbeitsweise und hohe Selbstständigkeit | Engagement und Leidenschaft für die Pflege sowie deren kontinuierliche Weiterentwicklung | Teamfähigkeit, ausgeprägte Kommunikationsfähigkeiten und hohe soziale Kompetenz",Idealerweise Berufserfahrung in der Anästhesie oder eine Fachweiterbildung in Intensiv- und Anästhesiepflege,3,"einzige Klinik am Portal, Ort der Anzeige unbekannt; Ort der Stelle nicht belegt",https://karriere.tumklinikum.de/de/jobs/596-pflegefachkraft-ata-m-w-d-funktionsdienst-anasthesie
Klinikum rechts der Isar der Technischen Universität München,München,,99 pflegefachkraft m w d mit weiterbildung notfallpflege,fachweiterbildung,,,unklar,,vollzeit_teilzeit,"Erfolgreich abgeschlossene dreijährige Ausbildung in der Gesundheits- und Krankenpflege | Abgeschlossene Fachweiterbildung Notfallpflege | Teamfähigkeit und Bereitschaft zur interdisziplinären Zusammenarbeit | Zuverlässigkeit, ein hohes Maß an Selbstreflektion und Engagement | Patientenorientiertes Pflegeverständnis und hohe soziale Kompetenz | Bereitschaft zur regelmäßigen Teilnahme an Fort- und Weiterbildungen",,3,"einzige Klinik am Portal, Ort der Anzeige unbekannt; Ort der Stelle nicht belegt",https://karriere.tumklinikum.de/de/jobs/99-pflegefachkraft-m-w-d-mit-weiterbildung-notfallpflege
Klinikum rechts der Isar der Technischen Universität München,München,,FLEXTEAM Anästhesietechnischer Assistent (m/w/d) - FLEXTEAM unbefristet Voll- und Teilzeit Berufserfahrene Absolventen,ota_ata,,Dein Gehalt : Tarifliche Vergütung nach TV-L mit Universitätszulage und einer Jahressonderzahlung.,unklar,,vollzeit_teilzeit,"Eine abgeschlossene Ausbildung als Anästhesietechnischer Assistent (m/w/d) | Interesse an der Arbeit in verschiedenen Teams und Fachbereichen | Verantwortungsbewusstsein, Engagement und kooperative Zusammenarbeit mit allen Berufsgruppen",,3,"einzige Klinik am Portal, Ort der Anzeige unbekannt; Ort der Stelle nicht belegt",https://karriere.tumklinikum.de/de/jobs/185-anasthesietechnischer-assistent-m-w-d-flexteam
Klinikum rechts der Isar der Technischen Universität München,München,,FLEXTEAM Operationstechnischer Assistent (m/w/d) - FLEXTEAM unbefristet Voll- und Teilzeit Berufserfahrene Absolventen,ota_ata,,Dein Gehalt : Tarifliche Vergütung nach TV-L mit Universitätszulage sowie einer Jahressonderzahlung.,unklar,,vollzeit_teilzeit,"Eine abgeschlossene Ausbildung als OTA (m/w/d) | Interesse an der Arbeit in verschiedenen Teams und Fachbereichen | Verantwortungsbewusstsein, Engagement und kooperative Zusammenarbeit mit allen Berufsgruppen",,3,"einzige Klinik am Portal, Ort der Anzeige unbekannt; Ort der Stelle nicht belegt",https://karriere.tumklinikum.de/de/jobs/187-operationstechnischer-assistent-m-w-d-flexteam
Klinikum rechts der Isar der Technischen Universität München,München,,FLEXTEAM Pflegefachhelfer (m/w/d) - FLEXTEAM unbefristet Voll- und Teilzeit Berufserfahrene Absolventen,hilfskraft,,Dein Gehalt: Tarifliche Vergütung nach TV-L mit Universitätszulage sowie einer Jahressonderzahlung.,unklar,,vollzeit_teilzeit,"Eine abgeschlossene Ausbildung als Pflegefachhelfer (m/w/d) | Interesse an der Arbeit in verschiedenen Teams und Fachbereichen | Verantwortungsbewusstsein, Engagement und kooperative Zusammenarbeit mit allen Berufsgruppen",,3,"einzige Klinik am Portal, Ort der Anzeige unbekannt; Ort der Stelle nicht belegt",https://karriere.tumklinikum.de/de/jobs/188-pflegefachhelfer-m-w-d-flexteam
Klinikum rechts der Isar der Technischen Universität München,München,,FLEXTEAM Pflegefachkraft - FLEXTEAM unbefristet Voll- und Teilzeit Berufserfahrene Absolventen,pflegefachkraft,,Dein Gehalt: Tarifliche Vergütung nach TV-L mit Universitätszulage sowie einer Jahressonderzahlung.,unklar,,vollzeit_teilzeit,"Eine dreijährige abgeschlossene Ausbildung als Gesundheits- und (Kinder)Krankenpfleger*in, Pflegefachperson (m/w/d), Pflegefachkraft (m/w/d), Altenpfleger*in | Interesse an der Arbeit in verschiedenen Teams und Fachbereichen | Verantwortungsbewusstsein, Engagement und kooperative Zusammenarbeit mit allen Berufsgruppen",,3,"einzige Klinik am Portal, Ort der Anzeige unbekannt; Ort der Stelle nicht belegt",https://karriere.tumklinikum.de/de/jobs/186-pflegefachkraft-flexteam
Klinikum rechts der Isar der Technischen Universität München,München,Neurochirurgie,Neurochirurgie OTA / ATA / examinierte Pflegekraft (m/w/d) unbefristet Voll- und Teilzeit Berufserfahrene,ota_ata,,,unklar,,vollzeit_teilzeit,"Sie haben eine abgeschlossene Ausbildung als examinierte Pflegekraft, ATA (m/w/d) bzw. OTA (m/w/d) | Sie verfügen über gute Deutschkenntnisse (min B2) | Sie arbeiten patientenorientiert und haben ein hohes Maß an Einfühlungsvermögen und sozialer Kompetenz | selbstständige, team- und lösungsorientierte sowie strukturierte Arbeitsweise zeichnen Sie aus",,3,"einzige Klinik am Portal, Ort der Anzeige unbekannt; Ort der Stelle nicht belegt",https://karriere.tumklinikum.de/de/jobs/266-ota-ata-examinierte-pflegekraft-m-w-d
Klinikum rechts der Isar der Technischen Universität München,München,(Endo-)Vaskuläre Chirurgie,Pflegedirektion Advanced Practice Nurse – (Endo-)Vaskuläre Chirurgie unbefristet Voll- und Teilzeit Berufserfahrene,leitung,,,unklar,,vollzeit_teilzeit,"Masterabschluss in APN oder Pflegewissenschaft sowie eine abgeschlossene dreijährige Pflegeausbildung | Dem Hochschulabschluss entsprechende gute Fach-, Methoden- und Sozialkompetenzen zur Umsetzung von pflegewissenschaftlichen Forschungs- | Profunde Kenntnisse der wissenschaftlichen Arbeitsweise, insbesondere systematische Literaturrecherche und -analyse | Gute Kenntnisse im Projektmanagement und in der Implementierungs- und Praxisentwicklungswissenschaft | Bereitschaft, auch Wochenend-, Feiertags- und Schichtdienste zu übernehmen",,3,"einzige Klinik am Portal, Ort der Anzeige unbekannt; Ort der Stelle nicht belegt",https://karriere.tumklinikum.de/de/jobs/91-advanced-practice-nurse-endo-vaskulare-chirurgie
Klinikum rechts der Isar der Technischen Universität München,München,Gynäkologie,Pflegedirektion Dauernachtwache – Gynäkologie unbefristet Voll- und Teilzeit Berufserfahrene,pflegefachkraft,,,unklar,,vollzeit_teilzeit,"Erfolgreich abgeschlossene dreijährige Berufsausbildung als Pflegefachkraft, Gesundheits- und Krankenpfleger/in (m/w/d), Krankenschwester, Pfleger/in | Berufserfahrung, idealerweise im Fachbereich der Frauenheilkunde | Freude an der Arbeit im Nachtdienst | Selbstständige, zuverlässige und strukturierte Arbeitsweise","Berufserfahrung, idealerweise im Fachbereich der Frauenheilkunde",3,"einzige Klinik am Portal, Ort der Anzeige unbekannt; Ort der Stelle nicht belegt",https://karriere.tumklinikum.de/de/jobs/601-dauernachtwache-gynakologie
Klinikum rechts der Isar der Technischen Universität München,München,Gynäkologie,Pflegedirektion Pflegefachhelfer (m/w/d) – Gynäkologie unbefristet Voll- und Teilzeit Berufserfahrene Absolventen,hilfskraft,,,unklar,,vollzeit_teilzeit,Erfolgreich abgeschlossene einjährige Berufsausbildung als Pflegefachhelfer (m/w/d) | Verantwortungsbewusstsein im Umgang mit kritisch erkrankten Patientinnen und Patienten | Ausgeprägtes hygienisches Verständnis sowie sorgfältige und strukturierte Arbeitsweise,,3,"einzige Klinik am Portal, Ort der Anzeige unbekannt; Ort der Stelle nicht belegt",https://karriere.tumklinikum.de/de/jobs/518-pflegefachhelfer-m-w-d-gynakologie
Klinikum rechts der Isar der Technischen Universität München,München,Neurochirurgie,Pflegedirektion Pflegefachhelfer (m/w/d) – Neurochirurgie unbefristet Voll- und Teilzeit Berufserfahrene Absolventen,hilfskraft,,,unklar,,vollzeit_teilzeit,"Abgeschlossene Ausbildung als Pflegefachhelfer/in oder vergleichbare Ausbildung | Freude an der Arbeit mit Patientinnen und Patienten sowie Interesse an pflegerischen Aufgaben | Verantwortungsbewusstsein, Teamfähigkeit und Empathie | Bereitschaft, in einem interdisziplinären Team zu arbeiten und Neues zu lernen",,3,"einzige Klinik am Portal, Ort der Anzeige unbekannt; Ort der Stelle nicht belegt",https://karriere.tumklinikum.de/de/jobs/590-pflegefachhelfer-m-w-d-neurochirurgie
Klinikum rechts der Isar der Technischen Universität München,München,Unfallchirurgie,Pflegedirektion Pflegefachhelfer (m/w/d) – Unfallchirurgie unbefristet Voll- und Teilzeit Berufserfahrene,hilfskraft,,,unklar,,vollzeit_teilzeit,Erfolgreich abgeschlossene einjährige Berufsausbildung als Pflegefachhelfer/in | Bereitschaft zur regelmäßigen Teilnahme an Fort- und Weiterbildungen | Verantwortungsbewusstsein und Organisationstalent | Teamfähigkeit und Zuverlässigkeit | Patientenorientiertes Pflegeverständnis und hohe soziale Kompetenz,Sie haben noch wenig bis keine Berufserfahrung? Auch dann sind Sie in unserem Team herzlich willkommen.,3,"einzige Klinik am Portal, Ort der Anzeige unbekannt; Ort der Stelle nicht belegt",https://karriere.tumklinikum.de/de/jobs/554-pflegefachhelfer-m-w-d-unfallchirurgie
Klinikum rechts der Isar der Technischen Universität München,München,Unfallchirurgie,Pflegedirektion Pflegefachhelfer (m/w/d) – Unfallchirurgie unbefristet Voll- und Teilzeit Berufserfahrene Absolventen,hilfskraft,,,unklar,,vollzeit_teilzeit,Erfolgreich abgeschlossene einjährige Berufsausbildung als Pflegefachhelfer/in | Bereitschaft zur regelmäßigen Teilnahme an Fort- und Weiterbildungen | Verantwortungsbewusstsein und Organisationstalent | Teamfähigkeit und Zuverlässigkeit | Patientenorientiertes Pflegeverständnis und hohe soziale Kompetenz,Sie haben noch wenig bis keine Berufserfahrung? Auch dann sind Sie in unserem Team herzlich willkommen.,3,"einzige Klinik am Portal, Ort der Anzeige unbekannt; Ort der Stelle nicht belegt",https://karriere.tumklinikum.de/de/jobs/615-pflegefachhelfer-m-w-d-unfallchirurgie
Klinikum rechts der Isar der Technischen Universität München,München,Urologie,Pflegedirektion Pflegefachhelfer (m/w/d) – Urologie unbefristet Voll- und Teilzeit Berufserfahrene Absolventen,hilfskraft,,,unklar,,vollzeit_teilzeit,"Erfolgreich abgeschlossene einjährige Berufsausbildung als Pflegefachhelfer (m/w/d) | Zuverlässige, verantwortungsbewusste und strukturierte Arbeitsweise | Freundlicher Umgang mit Patientinnen und Patienten sowie sicheres Agieren im Team | Bereitschaft zur regelmäßigen Teilnahme an Fort- und Weiterbildungen",,3,"einzige Klinik am Portal, Ort der Anzeige unbekannt; Ort der Stelle nicht belegt",https://karriere.tumklinikum.de/de/jobs/521-pflegefachhelfer-m-w-d-urologie
Klinikum rechts der Isar der Technischen Universität München,München,Psychiatrie,Pflegedirektion Pflegefachkraft (m/w/d) – Psychiatrie unbefristet Voll- und Teilzeit Berufserfahrene Absolventen,pflegefachkraft,,,unklar,,vollzeit_teilzeit,"Erfolgreich abgeschlossene dreijährige Berufsausbildung als Pflegefachkraft, Gesundheits- und Krankenpfleger (m/w/d), Krankenschwester, Pfleger (m/w/d) | Patientenorientiertes Pflegeverständnis mit Empathie und sozialer Kompetenz | Verantwortungsbewusste, selbstständige und strukturierte Arbeitsweise | Teamfähigkeit und kooperative Zusammenarbeit mit verschiedenen Berufsgruppen | Hohe fachliche und persönliche Kompetenz sowie Fortbildungsbereitschaft | Sehr gute deutsche Kommunikations- und Ausdrucksfähigkeit",,3,"einzige Klinik am Portal, Ort der Anzeige unbekannt; Ort der Stelle nicht belegt",https://karriere.tumklinikum.de/de/jobs/593-pflegefachkraft-m-w-d-psychiatrie
Klinikum rechts der Isar der Technischen Universität München,München,Urologie,Pflegedirektion Pflegefachkraft (m/w/d) – Urologie unbefristet Voll- und Teilzeit Berufserfahrene Absolventen,pflegefachkraft,,,unklar,,vollzeit_teilzeit,Kenntnisse in der prozess- und zielorientierten pflegerischen und medizinischen Versorgung | Patientenorientiertes Pflegeverständnis und hohe soziale Kompetenz | Eine teamfähige Persönlichkeit mit schneller Auffassungsgabe | Bereitschaft zur regelmäßigen Teilnahme an Fort- und Weiterbildungen | Erfolgreich abgeschlossene dreijährige Berufsausbildung in einem Pflegeberuf oder duales Studium Pflege,Sie haben noch wenig bis keine Berufserfahrung? Auch dann sind Sie in unserem Team herzlich willkommen.,3,"einzige Klinik am Portal, Ort der Anzeige unbekannt; Ort der Stelle nicht belegt",https://karriere.tumklinikum.de/de/jobs/585-pflegefachkraft-m-w-d-urologie
Klinikum rechts der Isar der Technischen Universität München,München,Intensivstation,Pflegedirektion Pflegefachkraft - Intensivstation unbefristet Voll- und Teilzeit Berufserfahrene Absolventen,fachweiterbildung,,,unklar,,vollzeit_teilzeit,"Erfolgreich abgeschlossene dreijährige Berufsausbildung als Gesundheits- und Krankenpfleger/in, Pflegefachkraft, Krankenschwester | Wünschenswert ist eine Fachweiterbildung für die Intensivpflege und Anästhesie (DKG) oder die Bereitschaft diese zu absolvieren | Verantwortungsbewusstsein und Organisationstalent | Patientenorientiertes Pflegeverständnis und hohe soziale Kompetenz | Eine teamfähige Persönlichkeit mit schneller Auffassungsgabe | Bereitschaft zur regelmäßigen Teilnahme an Fort- und Weiterbildungen",,3,"einzige Klinik am Portal, Ort der Anzeige unbekannt; Ort der Stelle nicht belegt",https://karriere.tumklinikum.de/de/jobs/456-pflegefachkraft-intensivstation
Klinikum rechts der Isar der Technischen Universität München,München,Neurologie,Pflegedirektion Pflegefachkraft - Neurologie unbefristet Voll- und Teilzeit Berufserfahrene Absolventen,pflegefachkraft,,,unklar,,vollzeit_teilzeit,"Erfolgreich abgeschlossene dreijährige Berufsausbildung als Pflegefachkraft, Gesundheits- und Krankenpfleger (m/w/d), Krankenschwester, Pfleger (m/w/d) | Gute Kommunikations- und Ausdrucksfähigkeit in deutscher Sprache | Verantwortungsbewusstsein, Einfühlungsvermögen und Organisationstalent | Patientenorientiertes Pflegeverständnis und hohe soziale Kompetenz | Eine teamfähige Persönlichkeit mit schneller Auffassungsgabe | Bereitschaft zur regelmäßigen Teilnahme an Fort- und Weiterbildungen",Sie haben noch wenige bis keine Berufserfahrung? Auch dann sind Sie in unserem Team herzlich willkommen.,3,"einzige Klinik am Portal, Ort der Anzeige unbekannt; Ort der Stelle nicht belegt",https://karriere.tumklinikum.de/de/jobs/592-pflegefachkraft-neurologie
Klinikum rechts der Isar der Technischen Universität München,München,Nuklearmedizin,Pflegedirektion Pflegefachkraft - Nuklearmedizin unbefristet Voll- und Teilzeit Berufserfahrene Absolventen,pflegefachkraft,,,unklar,,vollzeit_teilzeit,"Sie arbeiten patientenorientiert und haben ein hohes Maß an Einfühlungsvermögen und sozialer Kompetenz | Eine selbständige, team- und lösungsorientierte sowie strukturierte Arbeitsweise ist für Sie selbstverständlich | Sie besitzen Kenntnisse in der prozess- und zielorientierten pflegerischen und medizinischen Versorgung | Eine erfolgreich abgeschlossene Berufsausbildung als Gesundheits- und Krankenpfleger/in, Pflegefachperson, Altenpfleger/in oder eine vergleichbare Qualifikation",Sie haben noch wenig bis keine Berufserfahrung? Auch dann sind Sie in unserem Team herzlich willkommen.,3,"einzige Klinik am Portal, Ort der Anzeige unbekannt; Ort der Stelle nicht belegt",https://karriere.tumklinikum.de/de/jobs/98-pflegefachkraft-nuklearmedizin
Klinikum rechts der Isar der Technischen Universität München,München,Transplantationsstation,Pflegedirektion Pflegefachkraft - Transplantationsstation unbefristet Voll- und Teilzeit Berufserfahrene Absolventen,pflegefachkraft,,,unklar,,vollzeit_teilzeit,"Sie arbeiten patientenorientiert und haben ein hohes Maß an Einfühlungsvermögen und sozialer Kompetenz | Eine selbständige, team- und lösungsorientierte sowie strukturierte Arbeitsweise sind für Sie selbstverständlich. | Sie besitzen Kenntnisse in der prozess- und zielorientierten pflegerischen und medizinischen Versorgung | Eine erfolgreich abgeschlossene Berufsausbildung als Gesundheits- und Krankenpfleger/in, Pflegefachkraft, Altenpfleger/in | oder eine vergleichbare Qualifikation bringen Sie bereits mit.",Sie haben noch wenig bis keine Berufserfahrung? Auch dann sind Sie in unserem Team herzlich willkommen.,3,"einzige Klinik am Portal, Ort der Anzeige unbekannt; Ort der Stelle nicht belegt",https://karriere.tumklinikum.de/de/jobs/130-pflegefachkraft-transplantationsstation
Klinikum rechts der Isar der Technischen Universität München,München,Viszeralchirurgie,Pflegedirektion Pflegefachkraft - Viszeralchirurgie unbefristet Voll- und Teilzeit Berufserfahrene Absolventen,pflegefachkraft,,,unklar,,vollzeit_teilzeit,"Eine erfolgreich abgeschlossene Berufsausbildung als Gesundheits- und Krankenpfleger (m/w/d), Pflegefachkraft, Altenpfleger (m/w/d) | Sie arbeiten patientenorientiert und haben ein hohes Maß an Einfühlungsvermögen und sozialer Kompetenz | Eine selbständige, team- und lösungsorientierte sowie strukturierte Arbeitsweise sind für Sie selbstverständlich | Sie besitzen Kenntnisse in der prozess- und zielorientierten pflegerischen und medizinischen Versorgung",Sie haben noch wenig bis keine Berufserfahrung? Auch dann sind Sie in unserem Team herzlich willkommen.,3,"einzige Klinik am Portal, Ort der Anzeige unbekannt; Ort der Stelle nicht belegt",https://karriere.tumklinikum.de/de/jobs/609-pflegefachkraft-viszeralchirurgie
Klinikum rechts der Isar der Technischen Universität München,München,OP,Pflegedirektion Pflegefachkraft / OTA (m/w/d) – OP unbefristet Voll- und Teilzeit Berufserfahrene Absolventen,ota_ata,,,unklar,,vollzeit_teilzeit,"Eine erfolgreich abgeschlossene dreijährige Berufsausbildung als Gesundheits- und Krankenpfleger (m/w/d), Pflegefachkraft (m/w/d), Krankenschwester / Pfleger | Teamfähigkeit, Verantwortungsbewusstsein und Zuverlässigkeit | Strukturierte und sorgfältige Arbeitsweise","Sie sind neu im OP? Bei uns werden Sie strukturiert, individuell und umfassend eingearbeitet",3,"einzige Klinik am Portal, Ort der Anzeige unbekannt; Ort der Stelle nicht belegt",https://karriere.tumklinikum.de/de/jobs/598-pflegefachkraft-ota-m-w-d-op
Klinikum rechts der Isar der Technischen Universität München,München,Gefäßchirurgie,Pflegedirektion Pflegefachkraft B.Sc. – Gefäßchirurgie unbefristet Voll- und Teilzeit Berufserfahrene Absolventen,pflegefachkraft,,,unklar,,vollzeit_teilzeit,"Abgeschlossenes Bachelorstudium im Bereich Pflege sowie eine dreijährige Berufsausbildung in der Gesundheits- und Krankenpflege (m/w/d) | Fundierte Fach- und Methodenkompetenzen zur Umsetzung pflegewissenschaftlicher Projekte sowie zur Implementierung evidenzbasierter Inhalte in die Praxis | Fähigkeit, wissenschaftliche Literatur gezielt zu recherchieren, kritisch zu bewerten und für die Praxis nutzbar zu machen | Kenntnisse im Projektmanagement sowie in der Implementierungs- und Praxisentwicklungswissenschaft | Teamfähigkeit, Sozialkompetenz, analytisches Denkvermögen sowie eine strukturierte und selbstständige Arbeitsweise",,3,"einzige Klinik am Portal, Ort der Anzeige unbekannt; Ort der Stelle nicht belegt",https://karriere.tumklinikum.de/de/jobs/234-pflegefachkraft-b-sc-gefa-chirurgie
Klinikum rechts der Isar der Technischen Universität München,München,(Endo-)Vaskuläre Chirurgie,Pflegedirektion Pflegefachkraft – (Endo-)Vaskuläre Chirurgie unbefristet Voll- und Teilzeit Berufserfahrene,pflegefachkraft,,,unklar,,vollzeit_teilzeit,Eine erfolgreich abgeschlossene dreijährige Berufsausbildung in einem Pflegeberuf oder ein abgeschlossenes Studium im Bereich der Pflege | Patientenorientiertes Pflegeverständnis und hohe soziale Kompetenz | Bereitschaft zur regelmäßigen Teilnahme an Fort- und Weiterbildungen | Gute Kommunikations- und Ausdrucksfähigkeit in deutscher Sprache,Sie haben noch wenig bis keine Berufserfahrung? Auch dann sind Sie in unserem Team herzlich willkommen.,3,"einzige Klinik am Portal, Ort der Anzeige unbekannt; Ort der Stelle nicht belegt",https://karriere.tumklinikum.de/de/jobs/88-pflegefachkraft-endo-vaskulare-chirurgie
Klinikum rechts der Isar der Technischen Universität München,München,Dermatologie,Pflegedirektion Pflegefachkraft – Dermatologie unbefristet Voll- und Teilzeit Berufserfahrene Absolventen,pflegefachkraft,,,unklar,,vollzeit_teilzeit,Verantwortungsbewusstsein und Organisationstalent | Teamfähigkeit und Zuverlässigkeit | Patientenorientiertes Pflegeverständnis und hohe soziale Kompetenz | Bereitschaft zur regelmäßigen Teilnahme an Fort- und Weiterbildungen | Erfolgreich abgeschlossene dreijährige Berufsausbildung in einem Pflegeberuf oder ein duales Studium der Pflege,Sie haben noch wenig bis keine Berufserfahrung? Auch dann sind Sie in unserem Team herzlich willkommen.,3,"einzige Klinik am Portal, Ort der Anzeige unbekannt; Ort der Stelle nicht belegt",https://karriere.tumklinikum.de/de/jobs/152-pflegefachkraft-dermatologie
Klinikum rechts der Isar der Technischen Universität München,München,Endoskopie,Pflegedirektion Pflegefachkraft – Endoskopie unbefristet Voll- und Teilzeit Berufserfahrene Absolventen,pflegefachkraft,,,unklar,,vollzeit_teilzeit,"Erfolgreich abgeschlossene dreijährige Berufsausbildung in einem Pflegeberuf als z.B. Gesundheits- und Krankenpfleger (m/w/d), Pflegefachperson (m/w/d) | Kenntnisse in der prozess- und zielorientierten pflegerischen und medizinischen Versorgung, vorzugsweise in der Endoskopie | Interesse an diagnostischen und therapeutischen Abläufen in der Endoskopie | Sie arbeiten gerne im Team, erfassen neue Inhalte schnell und setzen diese sicher im Arbeitsalltag um | Bereitschaft zur regelmäßigen Teilnahme an Fort- und Weiterbildungen",,3,"einzige Klinik am Portal, Ort der Anzeige unbekannt; Ort der Stelle nicht belegt",https://karriere.tumklinikum.de/de/jobs/182-pflegefachkraft-endoskopie
Klinikum rechts der Isar der Technischen Universität München,München,Gastroenterologie,Pflegedirektion Pflegefachkraft – Gastroenterologie unbefristet Voll- und Teilzeit Berufserfahrene Absolventen,pflegefachkraft,,,unklar,,vollzeit_teilzeit,Verantwortungsbewusstsein und Organisationstalent | Teamfähigkeit und Zuverlässigkeit | Patientenorientiertes Pflegeverständnis und hohe soziale Kompetenz | Bereitschaft zur regelmäßigen Teilnahme an Fort- und Weiterbildungen | Erfolgreich abgeschlossene dreijährige Berufsausbildung in einem Pflegeberuf oder ein duales Studium der Pflege,Sie haben noch wenig bis keine Berufserfahrung? Auch dann sind Sie in unserem Team herzlich willkommen.,3,"einzige Klinik am Portal, Ort der Anzeige unbekannt; Ort der Stelle nicht belegt",https://karriere.tumklinikum.de/de/jobs/137-pflegefachkraft-gastroenterologie
Klinikum rechts der Isar der Technischen Universität München,München,Geriatrie im Aufbau,Pflegedirektion Pflegefachkraft – Geriatrie im Aufbau unbefristet Voll- und Teilzeit Berufserfahrene,pflegefachkraft,,,unklar,,vollzeit_teilzeit,"Eine erfolgreich abgeschlossene dreijährige Berufsausbildung als Gesundheits- und Krankenpfleger (m/w/d), Pflegefachkraft | Verantwortungsbewusste, selbstständige und strukturierte Arbeitsweise | Gute Deutschkenntnisse sowie sichere Kommunikationsfähigkeit | Sicheres fachliches Auftreten sowie Bereitschaft zur Fort- und Weiterbildung",,3,"einzige Klinik am Portal, Ort der Anzeige unbekannt; Ort der Stelle nicht belegt",https://karriere.tumklinikum.de/de/jobs/479-pflegefachkraft-geriatrie-im-aufbau
Klinikum rechts der Isar der Technischen Universität München,München,Gynäkologie,Pflegedirektion Pflegefachkraft – Gynäkologie unbefristet Voll- und Teilzeit Berufserfahrene Absolventen,fachweiterbildung,,,unklar,,vollzeit_teilzeit,"Erfolgreich abgeschlossene dreijährige Berufsausbildung als Pflegefachkraft, Pflegefachfrau/-mann, Gesundheits- und Krankenpfleger/in | Interesse am Fachbereich der Gynäkologie und Frauengesundheit | Verantwortungsbewusstsein, Einfühlungsvermögen und Organisationstalent | Gute Kommunikations- und Ausdrucksfähigkeit | Interesse für eine Teilnahme an der Fachweiterbildung Onkologie (DKG) oder eine bereits erfolgreich abgeschlossene Fachweiterbildung",,3,"einzige Klinik am Portal, Ort der Anzeige unbekannt; Ort der Stelle nicht belegt",https://karriere.tumklinikum.de/de/jobs/348-pflegefachkraft-gynakologie
Klinikum rechts der Isar der Technischen Universität München,München,Hämatologie & Onkologie,Pflegedirektion Pflegefachkraft – Hämatologie & Onkologie unbefristet Voll- und Teilzeit Berufserfahrene Absolventen,fachweiterbildung,,,unklar,,vollzeit_teilzeit,"Bereitschaft zur Teilnahme an Qualitätszirkeln | Kenntnisse in der prozess- und zielorientierten pflegerischen und medizinischen Versorgung unserer Patientinnen und Patienten | Eine teamfähige Persönlichkeit mit schneller Auffassungsgabe | Bereitschaft zur regelmäßigen Teilnahme an Fort- und Weiterbildungen | Erfolgreich abgeschlossene dreijährige Berufsausbildung in einem Pflegeberuf oder duales Studium Pflege | Abgeschlossene Fachweiterbildung Onkologie (DKG) oder die Bereitschaft, diese zu absolvieren",,3,"einzige Klinik am Portal, Ort der Anzeige unbekannt; Ort der Stelle nicht belegt",https://karriere.tumklinikum.de/de/jobs/163-pflegefachkraft-hamatologie-onkologie
Klinikum rechts der Isar der Technischen Universität München,München,KMT Einheit,Pflegedirektion Pflegefachkraft – KMT Einheit unbefristet Voll- und Teilzeit Berufserfahrene Absolventen,fachweiterbildung,,,unklar,,vollzeit_teilzeit,"Sie sind ein Organisationstalent und verantwortungsbewusst. | Sie arbeiten patientenorientiert und haben ein hohes Maß an Einfühlungsvermögen und sozialer Kompetenz. | Sie sind eine teamfähige Persönlichkeit mit einer schnellen Auffassungsgabe. | Sie bringen den Wunsch sich regelmäßig fort- und weiterzubilden mit. | Berufserfahrung in der Onkologie, eine abgeschlossene Fachweiterbildung Onkologie (DKG) oder die Bereitschaft diese zu absolvieren | Eine erfolgreich abgeschlossene dreijährige Berufsausbildung in der Gesundheits- und Krankenpflege oder ein duales Studium Pflege","Berufserfahrung in der Onkologie, eine abgeschlossene Fachweiterbildung Onkologie (DKG) oder die Bereitschaft diese zu absolvieren",3,"einzige Klinik am Portal, Ort der Anzeige unbekannt; Ort der Stelle nicht belegt",https://karriere.tumklinikum.de/de/jobs/160-pflegefachkraft-kmt-einheit
Klinikum rechts der Isar der Technischen Universität München,München,Kardiologie,Pflegedirektion Pflegefachkraft – Kardiologie unbefristet Voll- und Teilzeit Berufserfahrene Absolventen,pflegefachkraft,,,unklar,,vollzeit_teilzeit,Verantwortungsbewusstsein und Organisationstalent | Patientenorientiertes Pflegeverständnis und hohe soziale Kompetenz | Eine teamfähige Persönlichkeit mit schneller Auffassungsgabe | Bereitschaft zur regelmäßigen Teilnahme an Fort- und Weiterbildungen | Erfolgreich abgeschlossene dreijährige Berufsausbildung in einem Pflegeberuf oder duales Studium Pflege,Sie haben noch wenig bis keine Berufserfahrung? Auch dann sind Sie in unserem Team herzlich willkommen.,3,"einzige Klinik am Portal, Ort der Anzeige unbekannt; Ort der Stelle nicht belegt",https://karriere.tumklinikum.de/de/jobs/142-pflegefachkraft-kardiologie
Klinikum rechts der Isar der Technischen Universität München,München,Neurochirurgie,Pflegedirektion Pflegefachkraft – Neurochirurgie unbefristet Voll- und Teilzeit Berufserfahrene Absolventen,pflegefachkraft,,,unklar,,vollzeit_teilzeit,"Erfolgreich abgeschlossene dreijährige Berufsausbildung als Pflegefachkraft, Gesundheits- und Krankenpfleger (m/w/d) oder ein abgeschlossenes Studium im | Hohes Verantwortungsbewusstsein, Belastbarkeit und Organisationstalent | Ausgeprägtes patientenorientiertes und empathisches Pflegeverständnis | Sehr gute Kommunikationsfähigkeit in deutscher Sprache | Teamorientierte Persönlichkeit mit schneller Auffassungsgabe und sicherem Handeln",,3,"einzige Klinik am Portal, Ort der Anzeige unbekannt; Ort der Stelle nicht belegt",https://karriere.tumklinikum.de/de/jobs/591-pflegefachkraft-neurochirurgie
Klinikum rechts der Isar der Technischen Universität München,München,Notfallzentrum,Pflegedirektion Pflegefachkraft – Notfallzentrum unbefristet Voll- und Teilzeit Berufserfahrene Absolventen,pflegefachkraft,,,unklar,,vollzeit_teilzeit,"Eine erfolgreich abgeschlossene dreijährige Berufsausbildung als Gesundheits- und Krankenpfleger (m/w/d), Pflegefachkraft | Teamfähigkeit, Verantwortungsbewusstsein und Zuverlässigkeit | Strukturierte und sorgfältige Arbeitsweise | Bereitschaft zur regelmäßigen Teilnahme an Fort- und Weiterbildungen",,3,"einzige Klinik am Portal, Ort der Anzeige unbekannt; Ort der Stelle nicht belegt",https://karriere.tumklinikum.de/de/jobs/473-pflegefachkraft-notfallzentrum
Klinikum rechts der Isar der Technischen Universität München,München,Orthopädie,Pflegedirektion Pflegefachkraft – Orthopädie unbefristet Voll- und Teilzeit Berufserfahrene Absolventen,pflegefachkraft,,,unklar,,vollzeit_teilzeit,Verantwortungsbewusstsein und Organisationstalent | Patientenorientiertes Pflegeverständnis und hohe soziale Kompetenz | Teamfähige Persönlichkeit mit schneller Auffassungsgabe | Gute Kommunikations- und Ausdrucksfähigkeit in deutscher Sprache | Bereitschaft zur regelmäßigen Teilnahme an Fort- und Weiterbildungen | Erfolgreich abgeschlossene dreijährige Berufsausbildung in einem Pflegeberuf oder duales Studium Pflege,Sie haben noch wenig bis keine Berufserfahrung? Auch dann sind Sie in unserem Team herzlich willkommen.,3,"einzige Klinik am Portal, Ort der Anzeige unbekannt; Ort der Stelle nicht belegt",https://karriere.tumklinikum.de/de/jobs/139-pflegefachkraft-orthopadie
Klinikum rechts der Isar der Technischen Universität München,München,Praxisentwicklungsstation,Pflegedirektion Pflegefachkraft – Praxisentwicklungsstation unbefristet Voll- und Teilzeit Berufserfahrene Absolventen,pflegefachkraft,,,unklar,,vollzeit_teilzeit,"Abgeschlossene Ausbildung als Pflegefachkraft (m/w/d), Gesundheits- und Krankenpfleger (m/w/d), Pflegefachperson (m/w/d), Altenpfleger (m/w/d) | Hohe Motivation und Interesse an fachlicher Weiterentwicklung | Teamfähigkeit sowie Freude daran, Verantwortung zu übernehmen | Interesse an moderner Pflegepraxis und interdisziplinärer Zusammenarbeit | Bereitschaft zur Mitarbeit im Schichtdienst sowie eine strukturierte und eigenverantwortliche Arbeitsweise",,3,"einzige Klinik am Portal, Ort der Anzeige unbekannt; Ort der Stelle nicht belegt",https://karriere.tumklinikum.de/de/jobs/495-pflegefachkraft-praxisentwicklungsstation
Klinikum rechts der Isar der Technischen Universität München,München,Sportorthopädie,Pflegedirektion Pflegefachkraft – Sportorthopädie unbefristet Voll- und Teilzeit Berufserfahrene,pflegefachkraft,,,unklar,,vollzeit_teilzeit,"Erfolgreich abgeschlossene dreijährige Berufsausbildung in einem Pflegeberuf als z.B. Gesundheits- und Krankenpfleger (m/w/d), Medizinische Fachangestellte | Interesse an sportorthopädischen Abläufen und Therapiekonzepten | Verantwortungsbewusste, zuverlässige und sorgfältige Arbeitsweise mit Organisationstalent | Teamfähigkeit, Kommunikationsstärke und empathisches, patientenorientiertes Auftreten",,3,"einzige Klinik am Portal, Ort der Anzeige unbekannt; Ort der Stelle nicht belegt",https://karriere.tumklinikum.de/de/jobs/417-pflegefachkraft-sportorthopadie
Klinikum rechts der Isar der Technischen Universität München,München,Toxikologie,Pflegedirektion Pflegefachkraft – Toxikologie unbefristet Voll- und Teilzeit Berufserfahrene Absolventen,pflegefachkraft,,,unklar,,vollzeit_teilzeit,"Sie arbeiten patientenorientiert und haben ein hohes Maß an Einfühlungsvermögen und sozialer Kompetenz. | Eine selbständige, team- und lösungsorientierte sowie strukturierte Arbeitsweise ist für Sie selbstverständlich. | Sie besitzen Kenntnisse in der prozess- und zielorientierten pflegerischen und medizinischen Versorgung. | Verantwortungsbewusstsein und Organisationsgeschick | Eine erfolgreich abgeschlossene dreijährige Berufsausbildung in einem Pflegeberuf",,3,"einzige Klinik am Portal, Ort der Anzeige unbekannt; Ort der Stelle nicht belegt",https://karriere.tumklinikum.de/de/jobs/153-pflegefachkraft-toxikologie
Klinikum rechts der Isar der Technischen Universität München,München,Unfallchirurgie,Pflegedirektion Pflegefachkraft – Unfallchirurgie unbefristet Voll- und Teilzeit Berufserfahrene Absolventen,pflegefachkraft,,,unklar,,vollzeit_teilzeit,Verantwortungsbewusstsein und Organisationstalent | Teamfähigkeit und Zuverlässigkeit | Patientenorientiertes Pflegeverständnis und hohe soziale Kompetenz | Bereitschaft zur regelmäßigen Teilnahme an Fort- und Weiterbildungen | Erfolgreich abgeschlossene dreijährige Berufsausbildung in einem Pflegeberuf oder duales Studium Pflege,Sie haben noch wenig bis keine Berufserfahrung? Auch dann sind Sie in unserem Team herzlich willkommen.,3,"einzige Klinik am Portal, Ort der Anzeige unbekannt; Ort der Stelle nicht belegt",https://karriere.tumklinikum.de/de/jobs/138-pflegefachkraft-unfallchirurgie
Klinikum rechts der Isar der Technischen Universität München,München,Wochenbettstation,Pflegedirektion Pflegefachkraft – Wochenbettstation unbefristet Voll- und Teilzeit Berufserfahrene,pflegefachkraft,,,unklar,,vollzeit_teilzeit,"Erfolgreich abgeschlossene dreijährige Berufsausbildung als Pflegefachkraft, Pflegefachfrau/-mann, Gesundheits- und Krankenpfleger/in | Wünschenswert sind Fort- oder Weiterbildungen in Wochenbett- und Säuglingspflege, Still- und Laktationsberatung oder Neonatologische Grundversorgung | Engagement für eine familienorientierte Pflege und Freude an der Arbeit mit Müttern und Neugeborenen | Empathie, Verantwortungsbewusstsein und Teamfähigkeit",,3,"einzige Klinik am Portal, Ort der Anzeige unbekannt; Ort der Stelle nicht belegt",https://karriere.tumklinikum.de/de/jobs/349-pflegefachkraft-wochenbettstation
Klinikum rechts der Isar der Technischen Universität München,München,Delir-Team,Pflegedirektion Pflegefachperson (B.Sc.) - Delir-Team unbefristet Voll- und Teilzeit Berufserfahrene,pflegefachkraft,,,unklar,,vollzeit_teilzeit,"Abgeschlossene Ausbildung als Pflegefachperson (m/w/d) oder Gesundheits- und Krankenpfleger (m/w/d) mit Bachelorabschluss | Fachkenntnisse und idealerweise Erfahrung im Bereich Delir sowie postoperative Überwachung und Pflege | Teamfähigkeit, ausgeprägte soziale Kompetenz und gute Kommunikationsfähigkeit | Flexibilität und Bereitschaft, sich auf unterschiedliche Aufgabenbereiche einzustellen",Berufserfahrung und Weiterbildung in Anästhesie und Intensivpflege von Vorteil,3,"einzige Klinik am Portal, Ort der Anzeige unbekannt; Ort der Stelle nicht belegt",https://karriere.tumklinikum.de/de/jobs/514-pflegefachperson-b-sc-delir-team
Klinikum rechts der Isar der Technischen Universität München,München,Chest Pain Unit,Pflegedirektion Pflegefachperson – Chest Pain Unit unbefristet Voll- und Teilzeit Berufserfahrene Absolventen,pflegefachkraft,,,unklar,,vollzeit_teilzeit,"Erfolgreich abgeschlossene dreijährige Berufsausbildung als Gesundheits- und Krankenpfleger (m/w/d), Pflegefachperson (m/w/d) oder duales Studium Pflege | Idealerweise Erfahrung in der Kardiologie | Einfühlungsvermögen im Umgang mit Patientinnen und Patienten | Teamfähigkeit, Engagement und Eigeninitiative sowie der Wunsch, sich persönlich weiterzuentwickeln",Idealerweise Erfahrung in der Kardiologie,3,"einzige Klinik am Portal, Ort der Anzeige unbekannt; Ort der Stelle nicht belegt",https://karriere.tumklinikum.de/de/jobs/309-pflegefachperson-chest-pain-unit
Klinikum rechts der Isar der Technischen Universität München,München,OP Bereich,Pflegedirektion Praxisanleiter (m/w/d) im OP Bereich unbefristet Voll- und Teilzeit Berufserfahrene,leitung,,,unklar,,vollzeit_teilzeit,"Übergreifende fachliche, methodische und personale Kompetenzen im Anerkennungsmanagement | Interdisziplinäre und multiprofessionelle Zusammenarbeit, sowie fachliche Kommunikation | Selbständige, team- und lösungsorientierte sowie strukturierte Arbeitsweise | Entwicklung und Umsetzung von berufsübergreifenden Lösungen zur Optimierung der Arbeitsabläufe | Berücksichtigung von Aspekten der Qualitätssicherung, Patientensicherheit, Ökologie und Wirtschaftlichkeit | Erfolgreich abgeschlossene dreijährige Berufsausbildung als Pflegefachmann/-frau mit einer erfolgreich abgeschlossenen Weiterbildung für den Operationsdienst | (DKG) oder als Operationstechnischer Assistent/in (OTA) | Eine staatlich anerkannte Weiterbildung zur/zum Praxisanleiter/in",,3,"einzige Klinik am Portal, Ort der Anzeige unbekannt; Ort der Stelle nicht belegt",https://karriere.tumklinikum.de/de/jobs/151-praxisanleiter-m-w-d-im-op-bereich
Klinikum rechts der Isar der Technischen Universität München,München,Stroke Unit,Pflegedirektion Praxisanleiter (m/w/d) – Stroke Unit unbefristet Voll- und Teilzeit Berufserfahrene Absolventen,leitung,,,unklar,,vollzeit_teilzeit,"Erfolgreich abgeschlossene dreijährige Berufsausbildung als Pflegefachkraft, Gesundheits- und Krankenpfleger (m/w/d) | Erfahrung in der Akutversorgung von Schlaganfallpatientinnen und -patienten auf der Stroke Unit | Pädagogische und didaktische Fähigkeiten in der Anleitung von Auszubildenden und Pflegefachkräften | Selbstständige, strukturierte Arbeitsweise und interprofessionelle Zusammenarbeit | Engagement für fachliche Weiterbildung und Mitwirkung an der Weiterentwicklung pflegerischer Standards",Erfahrung in der Akutversorgung von Schlaganfallpatientinnen und -patienten auf der Stroke Unit,3,"einzige Klinik am Portal, Ort der Anzeige unbekannt; Ort der Stelle nicht belegt",https://karriere.tumklinikum.de/de/jobs/237-praxisanleiter-m-w-d-stroke-unit
Klinikum rechts der Isar der Technischen Universität München,München,Gastroenterologie,Pflegedirektion Praxisanleitung – Gastroenterologie unbefristet Voll- und Teilzeit Berufserfahrene,leitung,,,unklar,,vollzeit_teilzeit,Erfolgreich abgeschlossene dreijährige Berufsausbildung in einem Pflegeberuf oder duales Studium | Begeisterung für die Pflege und deren Weiterentwicklung | Verantwortungsbewusstsein und Organisationstalent | Eine teamfähige Persönlichkeit mit schneller Auffassungsgabe | Bereitschaft zur regelmäßigen Teilnahme an Fort- und Weiterbildungen | Gute Kommunikations- und Ausdrucksfähigkeit in deutscher Sprache | Weiterbildung Praxisanleitung und/oder Studium Pflegepädagogik,,3,"einzige Klinik am Portal, Ort der Anzeige unbekannt; Ort der Stelle nicht belegt",https://karriere.tumklinikum.de/de/jobs/133-praxisanleitung-gastroenterologie
Klinikum rechts der Isar der Technischen Universität München,München,Anästhesiologische operative Intensivstation,Pflegedirektion Stationsleitung – Anästhesiologische operative Intensivstation unbefristet Vollzeit Berufserfahrene,leitung,,,unklar,,vollzeit,"Erfolgreich abgeschlossene dreijährige Berufsausbildung als Pflegefachperson (m/w/d), Gesundheits- und Krankenpfleger (m/w/d) | Abgeschlossene Fachweiterbildung für Intensiv- und Anästhesiepflege | Wünschenswert sind Leitungserfahrungen sowie ein Studium im Bereich Pflege bzw. die Bereitschaft, dieses zu absolvieren | Führungskompetenz sowie Verantwortungsbereitschaft für Personal-, Organisations- und Vertretungsaufgaben | Sicherer Umgang mit pflegerischen und organisatorischen Prozessen sowie aktive Mitgestaltung im Qualitätsmanagement | Kommunikationsstärke und Fähigkeit zur konstruktiven Zusammenarbeit im interdisziplinären Team",mit Erfahrung im intensivmedizinischen Bereich,3,"einzige Klinik am Portal, Ort der Anzeige unbekannt; Ort der Stelle nicht belegt",https://karriere.tumklinikum.de/de/jobs/566-stationsleitung-anasthesiologische-operative-intensivstation
Klinikum rechts der Isar der Technischen Universität München,München,Gefäßchirurgie,Pflegedirektion Zentrale Praxisanleitung – Gefäßchirurgie unbefristet Voll- und Teilzeit Berufserfahrene,leitung,,,unklar,,vollzeit_teilzeit,"Erfolgreich abgeschlossene dreijährige Berufsausbildung als Pflegefachkraft, Gesundheits- und Krankenpfleger (m/w/d) | Berufserfahrung im akutstationären Bereich, idealerweise in der Gefäßchirurgie oder einem operativen Fachbereich | Ausgeprägte pädagogische und didaktische Kompetenzen in der Anleitung von Auszubildenden, Studierenden und Pflegefachkräften | Selbstständige, strukturierte und verantwortungsbewusste Arbeitsweise sowie ausgeprägte interprofessionelle Zusammenarbeit | Hohes Engagement für fachliche und pädagogische Weiterentwicklung sowie aktive Mitwirkung an der Weiterentwicklung pflegerischer Standards und","Berufserfahrung im akutstationären Bereich, idealerweise in der Gefäßchirurgie oder einem operativen Fachbereich",3,"einzige Klinik am Portal, Ort der Anzeige unbekannt; Ort der Stelle nicht belegt",https://karriere.tumklinikum.de/de/jobs/238-zentrale-praxisanleitung-gefa-chirurgie
Krankenhaus Agatharied,Hausham,"Kinder- und Jugendmedizin mit perinatalem Schwerpunkt, Geburtshilfe/Wochenbettstation","Gesundheits- und Kinderkrankenfleger (m/w/d), Gesundheits- und Krankenpfleger (m/w/d), Pflegefachkraft (m/w/d)",pflegefachkraft,,Leistungsgerechte Vergütung nach TVöD mit betrieblicher Altersversorgung,ja,Personalwohnungen bzw. Hilfestellung bei der Wohnungssuche,Vollzeit,Erfolgreich abgeschlossene Ausbildung zur Pflegefachfrau bzw. zum Pflegefachmann gemäß § 1 Abs. 1 PflBG | Wechselschichtdienst,"Idealerweise Berufserfahrung in der Kinder- und Jugendmedizin, Neonatologie, Geburtshilfe oder Wochenbettpflege",4,Zuordnung aus dem vorherigen Lauf übernommen,https://karriere.khagatharied.de/Gesundheits-und-Kinderkrankenfleger-mwd-Gesundheits-und-Kr-de-j722.html
Krankenhaus Agatharied,Hausham,Bereich 9/10 (Viszeral- und Gefäßchirurgie und chirurgische Privatstation),"Gesundheits- und Krankenpfleger, Pflegefachmann (m/w/d) im Bereich 9/10 (Viszeral- und Gefäßchirurgie und chirurgische Privatstation)",pflegefachkraft,,Leistungsgerechte Vergütung nach TVöD mit betrieblicher Altersversorgung,ja,Personalwohnungen bzw. Hilfestellung bei der Wohnungssuche,Voll/Teilzeit,Abgeschlossene Ausbildung gem. §1 Abs.1 Pflegeberufegesetz (PflBG) | Wechselschichtdienst,idealerweise mehrjährige Berufserfahrung im Fachgebiet,4,Zuordnung aus dem vorherigen Lauf übernommen,https://karriere.khagatharied.de/Gesundheits-und-Krankenpfleger-Pflegefachmann-mwd-im-Berei-de-j690.html
Krankenhaus Agatharied,Hausham,"Bereich 5/6 (internistische Komfortstation, Orthopädie und Unfallchirurgie)","Pflegefachkraft (m/w/d) für den Bereich 5/6 (internistische Komfortstation, Orthopädie und Unfallchirurgie)",pflegefachkraft,,Leistungsgerechte Vergütung nach TVöD mit betrieblicher Altersversorgung,ja,Personalwohnungen bzw. Hilfestellung bei der Wohnungssuche,Voll/Teilzeit,Abgeschlossene Ausbildung gem. §1 Abs.1 Pflegeberufegesetz (PflBG) | Schicht-/Wechselschichtdienst,Idealerweise mehrjährige Berufserfahrung mit orthopädischen u/o unfallchirurgischen Patienten,4,Zuordnung aus dem vorherigen Lauf übernommen,https://karriere.khagatharied.de/Pflegefachkraft-mwd-fuer-den-Bereich-56-internistische-Kom-de-j669.html
Krankenhaus Agatharied,Hausham,Geriatrie/Alterstraumatologie,Pflegefachkraft (m/w/d) für unsere Geriatrie/Alterstraumatologie,pflegefachkraft,,Leistungsgerechte Vergütung nach TVöD mit betrieblicher Altersversorgung; Zahlung einer Komplexzulage,ja,Personalwohnungen bzw. Hilfestellung bei der Wohnungssuche,Voll/Teilzeit,Abgeschlossene dreijährige Pflegeausbildung gem. §1 Abs.1 PflBG | Schicht-/Wechselschichtdienst,Idealerweise mehrjährige Berufserfahrung mit geriatrischen u/o alterstraumatologischen Patienten,4,Zuordnung aus dem vorherigen Lauf übernommen,https://karriere.khagatharied.de/Pflegefachkraft-mwd-fuer-unsere-GeriatrieAlterstraumatolog-de-j667.html
Krankenhaus Agatharied,Hausham,Funktionsdienst OP,Pflegefachkraft/OTA/MFA (m/w/d) für unseren Funktionsdienst OP,ota_ata,,Leistungsgerechte Vergütung nach TVöD mit betrieblicher Altersversorgung,ja,Personalwohnungen bzw. Hilfestellung bei der Wohnungssuche,Voll/Teilzeit,"abgeschlossene 3jährige Ausbildung als Pflegefachkraft gem. §1 PflBG, als OTA gem. §2 ATA-OTA-G und / oder MFA | Bereitschafts- und Schichtdienst",Berufserfahrung in einem OP-Bereich; idealerweise abgeschlossene Fachweiterbildung OP,4,Zuordnung aus dem vorherigen Lauf übernommen,https://karriere.khagatharied.de/PflegefachkraftOTAMFA-mwd-fuer-unseren-Funktionsdienst-OP-de-j683.html
Krankenhaus Aichach,Aichach,Endoskopie,Fachkraft (m/w/d) für die Endoskopie,pflegefachkraft,P8,,unklar,,Vollzeit,abgeschlossene Ausbildung als MFA oder Pflegefachkraft | Teilnahme an Rufbereitschaftsdiensten,mindestens ein Jahr Berufserfahrung nach der Ausbildung ist wünschenswert,4,"Zuordnung aus dem vorherigen Lauf übernommen · pay_text auf der Seite nicht gefunden, geleert",https://klipa.softgarden.io/job/66691023?jobDbPVId=281569708&l=de
Krankenhaus Aichach,Aichach,Urologie,OTA / Pflegefachkraft(m/w/d) für die Urologie,ota_ata,P8,"Eingruppierung nach TVöD-K (P9 mit Fachweiterbildung, P8 für OTA/Pflegefachkraft, EG 6 für MFA)",unklar,,vollzeit_teilzeit,"abgeschlossene Ausbildung als OTA (m/w/d), Pflegefachkraft (m/w/d) oder MFA (m/w/d) mit einschlägiger OP-Erfahrung | idealerweise Fachweiterbildung (OP/Endoskopie) oder fundierte Erfahrung im urologischen/operativen Bereich | Faszination an der Arbeit mit der Schnittstelle zwischen Mensch und Technik (Robotik) | selbstständige und eigenverantwortliche Arbeitsweise | ruhiges und souveränes Auftreten, auch in stressigen Situationen | Bereitschaft zur Unterstützung im Zentral-OP",,5,,https://klipa.softgarden.io/job/66865470/OTA-Pflegefachkraft-m-w-d-f%C3%BCr-die-Urologie?jobDbPVId=282349920&l=de
Krankenhaus Aichach,Aichach,Urologie-OP / DaVinci-Chirurgie,OTA / Pflegefachkraft(m/w/d) für die Urologie,ota_ata,P8,"Eingruppierung nach TVöD-K (P9 mit Fachweiterbildung, P8 für OTA/Pflegefachkraft, EG 6 für MFA)",unklar,,Voll- oder Teilzeit,"abgeschlossene Ausbildung als OTA, Pflegefachkraft oder MFA mit einschlägiger OP-Erfahrung | Teilnahme am Rufbereitschaftsdienst",idealerweise Fachweiterbildung (OP/Endoskopie) oder fundierte Erfahrung im urologischen/operativen Bereich,4,Zuordnung aus dem vorherigen Lauf übernommen,https://klipa.softgarden.io/job/66865470?jobDbPVId=282349920&l=de
Krankenhaus Aichach,Aichach,,Pflegefachhelfer (m/w/d),hilfskraft,P6,Eingruppierung in EG P6 TVöD-K und weitere Leistungen gemäß Tarif,,,vollzeit,abgeschlossene Ausbildung als Pflegefachhelfer (m/w/d) | Berufserfahrung im Krankenhaus wünschenswert | Teamfähigkeit und Verantwortungsgefühl | Einsatzbereitschaft und Freude am Umgang mit Menschen | selbstständige und eigenverantwortliche Arbeitsweise,Berufserfahrung im Krankenhaus wünschenswert,5,,https://klipa.softgarden.io/job/66706483/Pflegefachhelfer-m-w-d-?jobDbPVId=282294135&l=de
Krankenhaus Aichach,Aichach,"kardiologische / urologische Station (Aichach), internistische Station (Friedberg)",Pflegefachhelfer (m/w/d),hilfskraft,P6,Eingruppierung in EG P6 TVöD-K und weitere Leistungen gemäß Tarif,unklar,,Vollzeit,abgeschlossene Ausbildung als Pflegefachhelfer (m/w/d),Berufserfahrung im Krankenhaus wünschenswert,4,Zuordnung aus dem vorherigen Lauf übernommen,https://klipa.softgarden.io/job/66706483?jobDbPVId=282294135&l=de
Krankenhaus Barmherzige Brüder München,München,OP,OTA oder Pflegefachkraft für OP (w/m/d) Pflege- und Funktionsdienst Voll- oder Teilzeit,ota_ata,,"Gehaltsspanne 59.130,00 - 71.491,00 EUR/Jahr",ja,Bezahlbare Wohnungen können wir kliniknah in Neuhausen-Nymphenburg je nach Verfügbarkeit anbieten.,vollzeit_teilzeit,"Sie haben eine abgeschlossene Ausbildung als Pflegefachfrau/Pflegefachmann oder Operationstechnische:r Assistent:in. | Erste Erfahrungen im Operationsdienst bringen Sie bereits mit | Die Patientensicherheit hat für Sie stets höchste Priorität und im Falle eines unvorhergesehenen Ereignisses verfügen Sie über ein schnelles Reaktionsvermögen. | Sie identifizieren sich mit den Werten unseres christlichen Krankenhauses: Hospitalität, Qualität, Respekt, Verantwortung und Spiritualität.",Erste Erfahrungen im Operationsdienst bringen Sie bereits mit,5,,https://karriere-barmherzige-muenchen.de/stellenanzeige/ota-oder-pflegefachkraft-fuer-op-w-m-d-33951094
Krankenhaus Barmherzige Brüder München,München,interdisziplinären chirurgischen Station,Pflegefachkraft Chirurgie– moderne Station & entlastete Pflege (w/m/d) Pflege- und Funktionsdienst Voll- oder Teilzeit,pflegefachkraft,,"Gehaltsspanne 48.316,00 - 58.541,00 EUR/Jahr",ja,Bezahlbare Wohnungen können wir kliniknah in Neuhausen-Nymphenburg je nach Verfügbarkeit anbieten.,vollzeit_teilzeit,"Eine abgeschlossene Ausbildung als Pflegefachfrau / Pflegefachmann. | Idealerweise erste Erfahrungen in der Chirurgie – oder die Motivation, sich fachlich einzuarbeiten. | Im 3- Schichtsystem zu arbeiten ist für Sie selbstverständlich. | Offenheit für digitale und technische Entwicklungen in der Pflege. | Sie identifizieren sich mit den Werten unseres christlichen Krankenhauses: Hospitalität, Qualität, Respekt, Verantwortung und Spiritualität","Idealerweise erste Erfahrungen in der Chirurgie – oder die Motivation, sich fachlich einzuarbeiten.",5,,https://karriere-barmherzige-muenchen.de/stellenanzeige/pflegefachkraft-chirurgie-moderne-station-entlastete-pflege-w-m-d-66710933
Krankenhaus Barmherzige Brüder München,München,Innere Medizin - Gastroenterologie,Pflegefachkraft Innere Medizin - Gastroenterologie (Vollzeit & Teilzeit) (w/m/d) Pflege- und Funktionsdienst Voll- oder Teilzeit,pflegefachkraft,,"Gehaltsspanne 48.316,00 - 58.541,00 EUR/Jahr",ja,Bezahlbare Wohnungen können wir kliniknah in Neuhausen-Nymphenburg je nach Verfügbarkeit anbieten.,vollzeit_teilzeit,"Sie haben eine Ausbildung als Pflegefachfrau/Pflegefachmann abgeschlossen. | Idealerweise bringen Sie erste Berufserfahrungen aus dem Fachbereich internistische Medizin mit. | Sie identifizieren sich mit den Werten unseres christlichen Krankenhauses: Hospitalität, Qualität, Respekt, Verantwortung und Spiritualität.",Idealerweise bringen Sie erste Berufserfahrungen aus dem Fachbereich internistische Medizin mit.,5,,https://karriere-barmherzige-muenchen.de/stellenanzeige/pflegefachkraft-innere-medizin-gastroenterologie-vollzeit-teilzeit-w-m-d-34000339
Krankenhaus Barmherzige Brüder München,München,Kardiologie,Pflegefachkraft Kardiologie direkt am Nymphenburger Schloss (w/m/d) Pflege- und Funktionsdienst Voll- oder Teilzeit,pflegefachkraft,,"Gehaltsspanne 48.316,00 - 58.541,00 EUR/Jahr",ja,Bezahlbare Wohnungen können wir kliniknah in Neuhausen-Nymphenburg je nach Verfügbarkeit anbieten.,vollzeit_teilzeit,Sie haben eine Ausbildung als Pflegefachfrau/Pflegefachmann abgeschlossen.,,5,,https://karriere-barmherzige-muenchen.de/stellenanzeige/pflegefachkraft-kardiologie-direkt-am-nymphenburger-schloss-w-m-d-34001079
Krankenhaus Barmherzige Brüder München,München,Notfallzentrum,Pflegefachkraft für Notfallzentrum mit Fachweiterbildung Notfallpflege (w/m/d) Pflege- und Funktionsdienst Voll- oder Teilzeit,fachweiterbildung,,"Gehaltsspanne 55.802,24 - 64.369,19 EUR/Jahr",ja,Bezahlbare Wohnungen können wir kliniknah in Neuhausen-Nymphenburg je nach Verfügbarkeit anbieten.,vollzeit_teilzeit,"Sie haben eine Ausbildung als Pflegefachfrau/Pflegefachmann abgeschlossen und bringen relevante Berufserfahrung in einer Notaufnahme mit. | Sie haben zusätzlich die Fachweiterbildung Notfallpflege (DKG) erfolgreich beendet. | Darum ist es wichtig, dass Sie offen gegenüber neuen digitalen und technischen Hilfsmitteln sind. | Sie identifizieren sich mit den Werten unseres christlichen Krankenhauses: Hospitalität, Qualität, Respekt, Verantwortung und Spiritualität.",Sie haben eine Ausbildung als Pflegefachfrau/Pflegefachmann abgeschlossen und bringen relevante Berufserfahrung in einer Notaufnahme mit.,5,,https://karriere-barmherzige-muenchen.de/stellenanzeige/pflegefachkraft-fuer-notfallzentrum-mit-fachweiterbildung-notfallpflege-w-m-d-34000454
Krankenhaus Barmherzige Brüder Regensburg,Regensburg,Gastroenterologie,Gesundheits- und Krankenpfleger (m/w/d) in VZ und Teilzeit für die Gastroenterologie,pflegefachkraft,,einer tarifgerechten Vergütung nach AVR sowie attraktiven Sozialleistungen,unklar,,in VZ und Teilzeit,eine abgeschlossene Ausbildung als Gesundheits- und Krankenpfleger/in,idealerweise Erfahrung in der Gastroenterologie,3,Zuordnung aus dem vorherigen Lauf übernommen; Ort der Stelle nicht belegt,https://www.barmherzige-regensburg.de/karriere/offene-stellen-bewerbung/detail/j/gesundheits-und-krankenpfleger-m/w/d-in-vz-und-teilzeit-fuer-die-gastroenterologie-173834871.html
Krankenhaus Barmherzige Brüder Regensburg,Regensburg,Notfallzentrum,Gesundheits- und Krankenpfleger/innen (Notfallzentrum),pflegefachkraft,,tarifgerechte Vergütung nach AVR,unklar,,,Abgeschlossene Ausbildung als Gesundheits- und Krankenpfleger/in | Identifikation mit den Zielsetzungen eines christlichen Krankenhauses,Möglichst Minimum ein Jahr Berufserfahrung; Fachweiterbildung für Notfallpflege (keine Bedingung),3,Zuordnung aus dem vorherigen Lauf übernommen; Ort der Stelle nicht belegt,https://www.barmherzige-regensburg.de/karriere/offene-stellen-bewerbung/detail/j/gesundheits-und-krankenpfleger/innen-notfallzentrum-148427324.html
Krankenhaus Barmherzige Brüder Regensburg,Regensburg,Endoskopie (Funktionsdienst),"OTAs, Pflegefachkräfte o. MFAs (M/W/D) in Vollzeit o. Teilzeit",ota_ata,,Tarifgerechte Vergütung nach AVR,unklar,,in Vollzeit o. Teilzeit,"Abgeschlossene Berufsausbildung zur/zum Gesundheits- und Krankenpfleger/in, Pflegefachkraft, OTA, MFA (m/w/d) | Bereitschaft zum Rufdienst",,3,Zuordnung aus dem vorherigen Lauf übernommen; Ort der Stelle nicht belegt,https://www.barmherzige-regensburg.de/karriere/offene-stellen-bewerbung/detail/j/otas-pflegefachkraefte-o-mfas-m/w/d-in-vollzeit-o-teilzeit-184705248.html
Krankenhaus Barmherzige Brüder Regensburg,Regensburg,Chirurgische Intensivstation,Pflegefachkräfte (m/w/d) chirurgische Intensivstation,pflegefachkraft,,einer tarifgerechten Vergütung nach AVR sowie attraktiven Sozialleistungen,unklar,,,eine abgeschlossene Ausbildung als Pflegefachkraft | Identifikation mit den Werten eines christlichen Krankenhauses,idealerweise bereits Erfahrung im Intensivbereich,3,Zuordnung aus dem vorherigen Lauf übernommen; Ort der Stelle nicht belegt,https://www.barmherzige-regensburg.de/karriere/offene-stellen-bewerbung/detail/j/pflegefachkraefte-m/w/d-chirurgische-intensivstation-124310802.html
Krankenhaus Barmherzige Brüder Regensburg,Regensburg,Kardiologische Wachstation / Stroke Unit,Pflegefachkräfte (m/w/d) kardiologische Wachstation / Stroke Unit,pflegefachkraft,,einer tarifgerechten Vergütung nach AVR sowie attraktiven Sozialleistungen,unklar,,,eine abgeschlossene Ausbildung als Pflegefachkraft | Identifikation mit den Werten eines christlichen Krankenhauses,idealerweise bereits Erfahrung im Intensiv- oder Überwachungsbereich,3,Zuordnung aus dem vorherigen Lauf übernommen; Ort der Stelle nicht belegt,https://www.barmherzige-regensburg.de/karriere/offene-stellen-bewerbung/detail/j/pflegefachkraefte-m/w/d-kardiologische-wachstation-/-stroke-unit-155133295.html
Krankenhaus Cham,Cham,,Initiativbewerbung für den Bereich Pflege,unklar,,,unklar,,,"Du hast eine abgeschlossene Berufsausbildung als Gesundheits - und Krankenpfleger / in, Pflegefachkraft , Altenpfleger / in oder eine abgeschlossene Berufsausbildung als Krankenpflegehilfskraft , Altenpflegehilfskraft , Pflegehilfskraft | zu deinen Kompetenzen zählen Teamfähigkeit, Zuverlässigkeit und Verantwortungsbewusstsein | die Bereitschaft zur Fort- und Weiterbildung siehst du als selbstverständlich an",,5,"pay_text auf der Seite nicht gefunden, geleert",https://jobs.sana.de/de/sites/CX_4025/job/3491
Krankenhaus Cham,Cham,Palliativstation / Innere Medizin,Pflegefachkraft / Pflegehilfskraft (m/w/d) für die  Palliativstation / Innere Medizin,pflegefachkraft,,,,,,"Du hast eine abgeschlossene Berufsausbildung als Gesundheits- und Krankenpfleger/in, Pflegefachkraft, Altenpfleger/in | oder eine abgeschlossene Berufsausbildung als Krankenpflegehilfskraft, Altenpflegehilfskraft, Pflegehilfskraft | zu deinen Kompetenzen zählen Teamfähigkeit, Zuverlässigkeit und Verantwortungsbewusstsein | die Bereitschaft zur Fort- und Weiterbildung siehst du als selbstverständlich an",,5,"pay_text auf der Seite nicht gefunden, geleert",https://jobs.sana.de/de/sites/CX_4025/job/3084
Krankenhaus Cham,Cham,Gynäkologie / Geburtshilfe / HNO/ PKV,Pflegefachkraft / Pflegehilfskraft (m/w/d) für die Station Gynäkologie / Geburtshilfe / HNO/ PKV,pflegefachkraft,,,,,,"Du hast eine abgeschlossene Berufsausbildung als Gesundheits- und Krankenpfleger/Pflegefachkraft/ Altenpfleger (m/w/d) | eine abgeschlossene Berufsausbildung als Krankenpflegehilfskraft/Altenpflegehilfskraft/Pflegehilfskraft (m/w/d) | zu deinen Kompetenzen zählen Teamfähigkeit, Zuverlässigkeit und Verantwortungsbewusstsein | die Bereitschaft zur Fort- und Weiterbildung siehst du als selbstverständlich an",,5,"pay_text auf der Seite nicht gefunden, geleert",https://jobs.sana.de/de/sites/CX_4025/job/3038
Krankenhaus Cham,Cham,Station Neurologie,Pflegefachkraft /Pflegehilfskraft (m/w/d) für die  Station Neurologie,pflegefachkraft,,,,,,"du hast eine abgeschlossene Berufsausbildung als Gesundheits- und Krankenpfleger/Pflegefachkraft/Altenpfleger (m/w/d) | oder eine abgeschlossene Berufsausbildung als Krankenpflegehilfskraft/Altenpflegehilfskraft/Pflegehilfskraft (m/w/d) | zu deinen Kompetenzen zählen Teamfähigkeit, Zuverlässigkeit und Verantwortungsbewusstsein | die Bereitschaft zur Fort- und Weiterbildung siehst du als selbstverständlich an",,5,,https://jobs.sana.de/de/sites/CX_4025/job/3088
Krankenhaus Cham,Cham,Operationsdienst,"Pflegefachkraft, Gesundheits- und Krankenpfleger, Fachkrankenschwester/-pfleger, OTA (m/w/d) für den Operationsdienst",pflegefachkraft,,,unklar,,,"Du hast eine abgeschlossene Berufsausbildung als Gesundheits- und Krankenpfleger/in, Pflegefachkraft, OTA, Altenpfleger/in | oder eine Weiterbildung zur Fachkrankenschwester/-pfleger | zu deinen Kompetenzen zählen Teamfähigkeit, Zuverlässigkeit und Verantwortungsbewusstsein | die Bereitschaft zur Fort- und Weiterbildung siehst du als selbstverständlich an",,5,"pay_text auf der Seite nicht gefunden, geleert",https://jobs.sana.de/de/sites/CX_4025/job/3897
Krankenhaus Cham,Cham,Intensivstation,"Pflegefachkraft/Gesundheits- und Krankenpfleger, Fachkrankenpfleger (m/w/d) für die Intensivstation",pflegefachkraft,,,unklar,,vollzeit_teilzeit,"Du hast eine abgeschlossene Berufsausbildung als Gesundheits- und Krankenpfleger / Pflegefachkraft (m/w/d) | oder eine Weiterbildung zur Fachkrankenpfleger (m/w/d) | zu deinen Kompetenzen zählen Teamfähigkeit, Zuverlässigkeit und Verantwortungsbewusstsein | die Bereitschaft zur Fort- und Weiterbildung siehst du als selbstverständlich an",,5,,https://jobs.sana.de/de/sites/CX_4025/job/3864
Krankenhaus Cham,Cham,unfallchirurgisch/orthopädische Station,Pflegefachkraft/Pflegehilfskraft (m/w/d) für die unfallchirurgisch/orthopädische Station,pflegefachkraft,,,,,,"Du hast eine abgeschlossene Berufsausbildung als Gesundheits- und Krankenpfleger/Pflegefachkraft/ Altenpfleger (m/w/d) | oder eine abgeschlossene Berufsausbildung als Krankenpflegehilfskraft/Altenpflegehilfskraft/Pflegehilfskraft | zu deinen Kompetenzen zählen Teamfähigkeit, Zuverlässigkeit und Verantwortungsbewusstsein | die Bereitschaft zur Fort- und Weiterbildung siehst du als selbstverständlich an",,5,"pay_text auf der Seite nicht gefunden, geleert",https://jobs.sana.de/de/sites/CX_4025/job/3040
Krankenhaus Friedberg,Friedberg,internistische Stationen,Pflegefachkraft (m/w/d) Innere Medizin,pflegefachkraft,,Eingruppierung nach TVöD-K und weitere Leistungen gemäß Tarif,,,vollzeit_teilzeit,abgeschlossene 3-jährige Ausbildung als Pflegefachmann/-frau (m/w/d) oder als Gesundheits- und Krankenpfleger (m/w/d) | abgeschlossene 3-jährige Ausbildung als Altenpfleger (m/w/d) ebenfalls möglich | Empathie gegenüber unseren Patienten und Angehörigen | Freude an der Arbeit im Team | selbstständige und eigenverantwortliche Arbeitsweise,,5,,https://klipa.softgarden.io/job/34772419/Pflegefachkraft-m-w-d-Innere-Medizin?jobDbPVId=281078233&l=de
Krankenhaus Friedberg,Friedberg,Innere Medizin,Pflegefachkraft (m/w/d) Innere Medizin,pflegefachkraft,,Eingruppierung nach TVöD-K und weitere Leistungen gemäß Tarif,unklar,,Voll- oder Teilzeit,abgeschlossene 3-jährige Ausbildung als Pflegefachmann/-frau oder Gesundheits- und Krankenpfleger | Altenpfleger ebenfalls möglich,,4,Zuordnung aus dem vorherigen Lauf übernommen,https://klipa.softgarden.io/job/34772419?l=de
Krankenhaus Friedberg,Friedberg,interdisziplinäre Intensivstation,Pflegefachkraft (m/w/d) Intensiv,pflegefachkraft,P8,ohne Fachweiterbildung Eingruppierung in Entgeltgruppe P8 TVöD-K,,,vollzeit_teilzeit,"abgeschlossene Ausbildung als Pflegefachkraft (m/w/d) mit oder ohne Fachweiterbildung Intensiv | erste Berufserfahrung im Bereich Intensiv wünschenswert, gerne begrüßen wir gleichermaßen Berufsanfänger | Empathie gegenüber unseren Patienten | Freude an der Arbeit im Team | selbstständige und eigenverantwortliche Arbeitsweise",erste Berufserfahrung im Bereich Intensiv wünschenswert,5,,https://klipa.softgarden.io/job/62177999/Pflegefachkraft-m-w-d-Intensiv?jobDbPVId=282822945&l=de
Krankenhaus Friedberg,Friedberg,Intensivstation,Pflegefachkraft (m/w/d) Intensiv,pflegefachkraft,P8,ohne Fachweiterbildung Eingruppierung in Entgeltgruppe P8 TVöD-K; mit Fachweiterbildung Entgeltgruppe P9 TVöD-K,unklar,,Voll- oder Teilzeit,abgeschlossene Ausbildung als Pflegefachkraft mit oder ohne Fachweiterbildung Intensiv,erste Berufserfahrung im Bereich Intensiv wünschenswert,4,Zuordnung aus dem vorherigen Lauf übernommen,https://klipa.softgarden.io/job/62177999?l=de
Krankenhaus Friedberg,Friedberg,interdisziplinäre Notaufnahme,Pflegefachkraft / Notfallsanitäter (m/w/d) Notaufnahme,pflegefachkraft,P8,Eingruppierung als Pflegefachkraft ohne Fachweiterbildung in Entgeltgruppe P8 TVöD-K,,,vollzeit_teilzeit,"abgeschlossene 3-jährige Ausbildung als Pflegefachkraft (m/w/d) mit Fachweiterbildung Notfallpflege oder der Bereitschaft, diese zu absolvieren | oder abgeschlossene Ausbildung zum Notfallsanitäter (m/w/d) | alternativ abgeschlossene Ausbildung zur OTA/ATA (m/w/d) | erste Berufserfahrung im Bereich Notaufnahme zwingend Voraussetzung | Empathie gegenüber unseren Patienten und Angehörigen | Freude an der Arbeit im Team | selbstständige und eigenverantwortliche Arbeitsweise",erste Berufserfahrung im Bereich Notaufnahme zwingend Voraussetzung,5,,https://klipa.softgarden.io/job/63284279/Pflegefachkraft-Notfallsanit%C3%A4ter-m-w-d-Notaufnahme?jobDbPVId=281078223&l=de
Krankenhaus Friedberg,Friedberg,Notaufnahme,Pflegefachkraft / Notfallsanitäter (m/w/d) Notaufnahme,pflegefachkraft,P8,Eingruppierung als Pflegefachkraft ohne Fachweiterbildung in Entgeltgruppe P8 TVöD-K; mit Fachweiterbildung P9 TVöD-K,unklar,,Voll- oder Teilzeit,abgeschlossene 3-jährige Ausbildung als Pflegefachkraft mit Fachweiterbildung Notfallpflege oder Bereitschaft dazu | alternativ Notfallsanitäter oder OTA/ATA,erste Berufserfahrung im Bereich Notaufnahme zwingend Voraussetzung,4,Zuordnung aus dem vorherigen Lauf übernommen,https://klipa.softgarden.io/job/63284279?l=de
Krankenhaus Lauf,Lauf an der Pegnitz,"Innere Medizin, Kardiologie und Geriatrie","Pflegefachfrau / Pflegefachmann (m/w/d) Innere Medizin, Kardiologie und Geriatrie",pflegefachkraft,,,unklar,,"Voll- oder Teilzeit, unbefristet",abgeschlossene Ausbildung Gesundheits- und Krankenpfleger/in bzw. Pflegefachfrau/Pflegefachmann oder vergleichbar,,3,"Zuordnung aus dem vorherigen Lauf übernommen; Ort der Stelle nicht belegt · pay_text auf der Seite nicht gefunden, geleert",https://jobs.klinikum-nuernberg.de/de/jobs/21300/pflegefachfrau-pflegefachmann-mwd-innere-medizin-kardiologie-und-geriatrie
Krankenhaus Lauf,Lauf an der Pegnitz,,Pflegefachkraft (m/w/d) für den Standort Lauf,pflegefachkraft,,,unklar,,"Voll- oder Teilzeit, unbefristet",abgeschlossene Ausbildung Gesundheits- und Krankenpfleger/in bzw. Pflegefachfrau/Pflegefachmann oder vergleichbar,,3,"Zuordnung aus dem vorherigen Lauf übernommen; Ort der Stelle nicht belegt · pay_text auf der Seite nicht gefunden, geleert",https://jobs.klinikum-nuernberg.de/de/jobs/21301/pflegefachkraft-mwd-fur-den-standort-lauf
Krankenhaus Lauf,Lauf an der Pegnitz,Anästhesieabteilung,Pflegefachkraft (m/w/d) für die Anästhesieabteilung,pflegefachkraft,,,unklar,,"Voll- oder Teilzeit, unbefristet",abgeschlossene Ausbildung Gesundheits- und Krankenpfleger/in bzw. Pflegefachfrau/Pflegefachmann oder vergleichbar,Abgeschlossene Weiterbildung für Anästhesie und Intensivpflege wünschenswert,3,"Zuordnung aus dem vorherigen Lauf übernommen; Ort der Stelle nicht belegt · pay_text auf der Seite nicht gefunden, geleert",https://jobs.klinikum-nuernberg.de/de/jobs/21245/pflegefachkraft-mwd-fur-die-anasthesieabteilung
Krankenhaus Lauf,Lauf an der Pegnitz,Notaufnahme,Pflegefachkraft (m/w/d) für die Notaufnahme,pflegefachkraft,,,unklar,,"Voll- oder Teilzeit, unbefristet",abgeschlossene Ausbildung Gesundheits- und Krankenpfleger/in bzw. Pflegefachfrau/Pflegefachmann oder vergleichbar,Vorhandene Fachweiterbildung Notfallpflege oder die Bereitschaft diese noch zu absolvieren,3,"Zuordnung aus dem vorherigen Lauf übernommen; Ort der Stelle nicht belegt · pay_text auf der Seite nicht gefunden, geleert",https://jobs.klinikum-nuernberg.de/de/jobs/21470/pflegefachkraft-mwd-fur-die-notaufnahme
Krankenhaus Lauf,Lauf an der Pegnitz,interdisziplinäre Intensivstation,Pflegefachkraft (m/w/d) für die interdisziplinäre Intensivstation mit 12 Betten,pflegefachkraft,,,unklar,,"Voll- oder Teilzeit, unbefristet",abgeschlossene Ausbildung Gesundheits- und Krankenpfleger/in bzw. Pflegefachfrau/Pflegefachmann oder vergleichbar,Abgeschlossene Weiterbildung für Anästhesie und Intensivpflege wünschenswert,3,"Zuordnung aus dem vorherigen Lauf übernommen; Ort der Stelle nicht belegt · pay_text auf der Seite nicht gefunden, geleert",https://jobs.klinikum-nuernberg.de/de/jobs/21306/pflegefachkraft-mwd-fur-die-interdisziplinare-intensivstation-mit-12-betten
Krankenhaus Martha-Maria München,München,,Pflegefachhelfer (m/w/d),hilfskraft,,"Gehalt (Vollzeit/Monatsbrutto) 3.354,94 € – 3.830,32 € pro Monat (AVR-EmK); Willkommensprämie bis zu 4.000 €",nein,,,abgeschlossene einjährige Ausbildung als Pflegefachhelfer (m/w/d),Idealerweise haben Sie bereits in einem Krankenhaus gearbeitet,4,Zuordnung aus dem vorherigen Lauf übernommen,https://kh-muenchen.martha-maria.de/unser-haus/stellenangebote/detailansicht/pflegefachhelfer-m-w-d-4
Krankenhaus Martha-Maria München,München,interdisziplinäre chirurgische Station (anteilig internistisch/gastroenterologisch),Pflegefachkraft Chirurgie (m/w/d),pflegefachkraft,,"Gehalt (Vollzeit/Monatsbrutto) 3.874,15 € – 4.545,76 € pro Monat (AVR-EmK); Willkommensprämie bis zu 4.000 €",nein,,Diese Stelle kann in Voll- oder Teilzeit besetzt werden,"abgeschlossene Ausbildung als examinierte Pflegefachkraft (m/w/d), Pflegefachmann (m/w/d) oder Gesundheits- und Krankenpfleger (m/w/d) | alternativ Altenpflegefachkraft mit Erfahrung im Krankenhaus",idealerweise Erfahrung im Bereich der Chirurgie oder Orthopädie,4,Zuordnung aus dem vorherigen Lauf übernommen,https://kh-muenchen.martha-maria.de/unser-haus/stellenangebote/detailansicht/pflegefachkraft-chirurgie-m-w-d-2
Krankenhaus Martha-Maria München,München,Intensivstation (6 Betten),Pflegefachkraft Intensiv (m/w/d),pflegefachkraft,,"Gehalt (Vollzeit/Monatsbrutto) 4.242,44 € – 5.004 € pro Monat (AVR-EmK); Willkommensprämie bis zu 4.000 €",nein,,Diese Stelle kann in Voll- oder Teilzeit besetzt werden,abgeschlossene Ausbildung als Gesundheits- und Krankenpfleger (m/w/d) oder Pflegefachkraft (m/w/d) | alternativ Altenpflegefachkraft mit Erfahrung im Krankenhaus,Idealerweise Fachweiterbildung für die Intensivpflege oder erste Erfahrungen in der Intensivpflege,4,Zuordnung aus dem vorherigen Lauf übernommen,https://kh-muenchen.martha-maria.de/unser-haus/stellenangebote/detailansicht/pflegefachkraft-intensiv-m-w-d
Krankenhaus Martha-Maria München,München,Station (Krankenhaus München-Solln),Pflegefachkraft als stellvertretende Stationsleitung (m/w/d),leitung,,"Gehalt (Vollzeit/Monatsbrutto) 4.242,44 € – 5.004 € pro Jahr (AVR-EmK); Willkommensprämie bei einer Vollzeitbeschäftigung in Höhe von bis zu 4.000 €",nein,,,Eine staatliche Anerkennung als Pflegefachkraft (m/w/d) oder Gesundheits- und Krankenpfleger (m/w/d),mehrjährige Berufserfahrung als solche,4,Zuordnung aus dem vorherigen Lauf übernommen,https://kh-muenchen.martha-maria.de/unser-haus/stellenangebote/detailansicht/pflegefachkraft-als-stellvertretende-stationsleitung-m-w-d
Krankenhaus Martha-Maria Nürnberg,Nürnberg,Innere Medizin / gastroenterologische Station,Pflegefachkraft Innere Medizin (m/w/d),pflegefachkraft,,"3.847,15 € – 4.545,76 € pro Monat (AVR-EmK)",ja,Mitarbeiterwohnungen nach Verfügbarkeit,,"Ausbildung als Gesundheits- und Krankenpfleger (m/w/d), Pflegefachkraft/Pflegefachmann (m/w/d)",,4,Zuordnung aus dem vorherigen Lauf übernommen,https://kh-nuernberg.martha-maria.de/karriere-ausbildung/stellenangebote/detailansicht/pflegefachkraft-innere-medizin-m-w-d-5
Krankenhaus Martha-Maria Nürnberg,Nürnberg,Orthopädie,Pflegefachkraft Orthopädie (m/w/d),pflegefachkraft,,"3.874,15 € – 4.545,46 € pro Monat (AVR-EmK)",ja,Mitarbeiterwohnungen nach Verfügbarkeit,,"abgeschlossene Ausbildung als Pflegefachkraft (m/w/d), Pflegefachmann (m/w/d) oder Gesundheits- und Krankenpfleger (m/w/d)",,4,Zuordnung aus dem vorherigen Lauf übernommen,https://kh-nuernberg.martha-maria.de/karriere-ausbildung/stellenangebote/detailansicht/pflegefachkraft-orthopaedie-m-w-d
Krankenhaus Neuwittelsbach,München,Allgemeinen Station,Gesundheits- und Krankenpfleger (m/w/d),pflegefachkraft,,Eine attraktive Vergütung nach AVR Caritas,ja,"Eigene, preiswerte Mitarbeiterwohnungen (nach Verfügbarkeit)",vollzeit_teilzeit,"Eine abgeschlossene Ausbildung als Gesundheits- und Krankenpfleger, Pflegefachkraft Krankenschwester/Pfleger oder Altenpfleger (m/w/d) | Fachkompetenter Mitarbeiter (m/w) mit Know-how im Arbeitsalltag | Eine aufgeschlossene und flexible Persönlichkeit, die gerne Aufgaben im Team übernimmt | Eine selbstständige Arbeitsweise, Verantwortungsbewusstsein und Engagement, um unserer hochwertige pflegerische Qualität für unsere Patienten/innen",,3,"einzige Klinik am Portal, Ort der Anzeige unbekannt; Ort der Stelle nicht belegt",https://karriere.barmherzige.net/jobs/gesundheits-und-krankenpfleger-mwd-43108366
Krankenhaus Neuwittelsbach,München,Akutgeriatrie,Gesundheits- und Krankenpfleger - Akutgeriatrie (m/w/d),pflegefachkraft,,Eine Attraktive Vergütung nach AVR Caritas,ja,"Eigene, preiswerte Mitarbeiterwohnung (nach Verfügbarkeit)",vollzeit_teilzeit,"Eine abgeschlossene Ausbildung als Gesundheits- und Krankenpfleger, Pflegefachkraft Krankenschwester/Pfleger oder Altenpfleger (m/w/d) | Fachkompetenter Mitarbeiter (m/w) mit Erfahrung in der Akutgeriatrie | Eine aufgeschlossene und flexible Persönlichkeit, die gerne Aufgaben im Team übernimmt | Eine selbstständige Arbeitsweise, Verantwortungsbewusstsein und Engagement, um unsere hochwertige pflegerische Qualität für unsere Patienten/innen",,3,"einzige Klinik am Portal, Ort der Anzeige unbekannt; Ort der Stelle nicht belegt",https://karriere.barmherzige.net/jobs/gesundheits-und-krankenpfleger-akutgeriatrie-mwd-43011143
Krankenhaus Neuwittelsbach,München,Allgemeinen Station oder Intensivstation,Gesundheits- und Krankenpfleger - Dauernachtwache (m/w/d),pflegefachkraft,,Eine Attraktive Vergütung nach AVR Caritas,ja,"Eigene, preiswerte Mitarbeiterwohnungen (nach Verfügbarkeit)",vollzeit_teilzeit,"Eine abgeschlossene Ausbildung als Gesundheits- und Krankenpfleger, Pflegefachkraft Krankenschwester/Pfleger oder Altenpfleger (m/w/d) | Freude am Nachdienst | Fachkompetenter Mitarbeiter (m/w) mit Know-how im Arbeitsalltag | Eine aufgeschlossene und flexible Persönlichkeit, die gerne Aufgaben im Team übernimmt | Eine selbstständige Arbeitsweise, Verantwortungsbewusstsein und Engagement, um unsere hochwertige pflegerische Qualität für unsere Patienten/innen",,3,"einzige Klinik am Portal, Ort der Anzeige unbekannt; Ort der Stelle nicht belegt",https://karriere.barmherzige.net/jobs/gesundheits-und-krankenpfleger-dauernachtwache-mwd-43159655
Krankenhaus Neuwittelsbach,München,Intermediatecarestation mit Intensivbetten,Pflegefachkraft auf einer Intermediatecarestation mit Intensivbetten (m/w/d),fachweiterbildung,,Eine attraktive Vergütung nach AVR Caritas,ja,"Eigene, preiswerte Mitarbeiterwohnungen (nach Verfügbarkeit)",vollzeit_teilzeit,"Eine abgeschlossene Ausbildung als Gesundheits- und Krankenpfleger, Pflegefachkraft Krankenschwester/Pfleger oder Altenpfleger (m/w/d) | Fachkompetenter Mitarbeiter (m/w) mit Intensiverfahrung | Eine aufgeschlossene und flexible Persönlichkeit, die gerne Aufgaben im Team übernimmt | Eine selbstständige Arbeitsweise, Verantwortungsbewusstsein und Engagement, um unsere hochwertige pflegerische Qualität für unsere Patienten/innen",,3,"einzige Klinik am Portal, Ort der Anzeige unbekannt; Ort der Stelle nicht belegt",https://karriere.barmherzige.net/jobs/pflegefachkraft-auf-einer-intermediatecarestation-mit-intensivbetten-mwd-43104684
Krankenhaus Rotthalmünster,Rotthalmünster,Intensiv (und IMC),Examinierte Pflegefachkraft (m/w/d) für die Intensiv (und IMC),pflegefachkraft,,Die Eingruppierung erfolgt nach tariflichen Vorgaben entsprechend der vorhandenen Ausbildung in P 8 TVöD bzw. P 9 TVöD bei Vorliegen einer abgeschlossenen Fachweiterbildung in dem jeweiligen Bereich.,ja,Günstig wohnen und leben in der neuen Appartement-Wohnanlage in Rotthalmünster,"Stellenumfang: 1,0 VK = 38,5 WStd.; Die Stelle ist grundsätzlich teilzeitfähig","Abgeschlossene dreijährige Ausbildung: Gesundheits- und Krankenpflege, Altenpflege oder Pflegefachfrau/-mann | Vollständiger Masernschutz",Wünschenswert: Fachweiterbildung im Bereich Anästhesie und Intensivpflege; Wünschenswert: Mehrjährige Erfahrung im intensivmedizinischen bzw. notfallmedizinischen Bereich,4,"Zuordnung aus dem vorherigen Lauf übernommen · pay_grade auf der Seite nicht gefunden, geleert",https://karriere.ge-passau.de/stellen/examinierte-pflegefachkraft-mwd-f%C3%BCr-die-intensiv-und-imc-1/
Krankenhaus Rotthalmünster,Rotthalmünster,Zentrale Notaufnahme (ZNA),Examinierte Pflegefachkraft (m/w/d) für die zentrale Notaufnahme (ZNA),pflegefachkraft,,Die Eingruppierung erfolgt nach tariflichen Vorgaben entsprechend der vorhandenen Ausbildung in P 8 TVöD. Bei Vorliegen einer abgeschlossenen Fachweiterbildung Notfallpflege erfolgt die Eingruppierung in P 9 TVöD.,ja,Günstig wohnen und leben in der neuen Appartement-Wohnanlage in Rotthalmünster,"Stellenumfang: 1,0 VK = 38,5 WStd.; Die Stelle ist grundsätzlich teilzeitfähig","Abgeschlossene dreijährige Ausbildung: Gesundheits- und Krankenpflege, Altenpflege oder Pflegefachfrau/-mann | Vollständiger Masernschutz",Wünschenswert: Fachweiterbildung im Bereich Notfallpflege; Wünschenswert: Mehrjährige Erfahrung im Notaufnahmebereich,4,"Zuordnung aus dem vorherigen Lauf übernommen · pay_grade auf der Seite nicht gefunden, geleert",https://karriere.ge-passau.de/stellen/examinierte-pflegefachkraft-mwd-f%C3%BCr-die-zentrale-notaufnahme-zna/
Krankenhaus Rotthalmünster,Rotthalmünster,Funktionsdienst Anästhesie,Pflegefachkraft (m/w/d) - Funktionsdienst Anästhesie,pflegefachkraft,,Die Eingruppierung erfolgt nach tariflichen Vorgaben entsprechend der vorhandenen Ausbildung in P 8 TVöD bzw. P 9 TVöD bei Vorliegen einer abgeschlossenen Fachweiterbildung in dem jeweiligen Bereich.,ja,Günstig wohnen und leben in der neuen Appartement-Wohnanlage in Rotthalmünster,"Stellenumfang: 1,0 VK = 38,5 WStd.; Die Stelle ist grundsätzlich teilzeitfähig",Abgeschlossene dreijährige Ausbildung zum Gesundheits- und Krankenpfleger (m/w/d) oder Pflegefachmann/-frau | Vollständiger Masernschutz,Wünschenswert: Fachweiterbildung im Bereich Intensivpflege und Anästhesie,4,"Zuordnung aus dem vorherigen Lauf übernommen · pay_grade auf der Seite nicht gefunden, geleert",https://karriere.ge-passau.de/stellen/pflegefachkraft-mwd---funktionsdienst-an%C3%A4sthesie/
Krankenhaus Rotthalmünster,Rotthalmünster,Herzkatheterlabor,Pflegefachkraft (m/w/d) Herzkatheterlabor,pflegefachkraft,,Die Eingruppierung erfolgt nach tariflichen Vorgaben entsprechend der vorhandenen Ausbildung in EG P 8 TVöD,ja,Günstig wohnen und leben in der neuen Appartement-Wohnanlage in Rotthalmünster,"Stellenumfang: 1,0 VK = 38,5 WStd.; Die Stelle ist grundsätzlich teilzeitfähig",Abgeschlossene dreijährige Ausbildung zum Gesundheits- und Krankenpfleger (m/w/d) oder Pflegefachmann/-frau | Vollständiger Masernschutz,Wünschenswert: Mehrjährige Erfahrung im kardiologischen oder intensivmedizinischen Bereich,4,"Zuordnung aus dem vorherigen Lauf übernommen · pay_grade auf der Seite nicht gefunden, geleert",https://karriere.ge-passau.de/stellen/pflegefachkraft-mwd-herzkatheterlabor-1/
Krankenhaus Rotthalmünster,Rotthalmünster,Internistische & Chirurgische Stationen,Pflegefachkraft (m/w/d) Internistische & Chirurgische Stationen,pflegefachkraft,,Die Eingruppierung erfolgt unter Vorliegen der tariflichen Voraussetzungen der TVöD,ja,Günstig wohnen und leben in der neuen Appartement-Wohnanlage in Rotthalmünster,"Stellenumfang: 1,0 VK = 38,5 WStd.; Die Stelle ist grundsätzlich teilzeitfähig; Die Stellen sind unbefristet",Erfolgreich abgeschlossene Ausbildung zum Gesundheits- und Krankenpfleger (m/w/d) oder Altenpfleger (m/w/d) | Vollständiger Masernschutz,,4,Klinik nach Anzeigenort korrigiert,https://karriere.ge-passau.de/stellen/pflegefachkraft-mwd-internistische--chirurgische-stationen-1/
Krankenhaus Rotthalmünster,Rotthalmünster,Stroke Unit,Pflegefachkraft (m/w/d) Stroke Unit,pflegefachkraft,,Die Eingruppierung erfolgt nach tariflichen Vorgaben entsprechend der vorhandenen Ausbildung in EG P 8 TVöD,ja,Günstig wohnen und leben in der neuen Appartement-Wohnanlage in Rotthalmünster,"Stellenumfang: 1,0 VK = 38,5 WStd.; Die Stelle ist grundsätzlich teilzeitfähig","Abgeschlossene dreijährige Ausbildung zur Gesundheits- und Krankenpfleger (m/w/d), Altenpfleger (m/w/d), Pflegefachmann (m/w/d) | Vollständiger Masernschutz",Wünschenswert: Fort- und Weiterbildungen im Bereich der Neurologie bzw. Schlaganfallpatientenversorgung,4,"Zuordnung aus dem vorherigen Lauf übernommen · pay_grade auf der Seite nicht gefunden, geleert",https://karriere.ge-passau.de/stellen/pflegefachkraft-mwd-stroke-unit-1/
Krankenhaus Rummelsberg,Schwarzenbruck,Geriatrie,Advanced Practice Nurse (m/w/d) Schwerpunkt Geriatrie / Delirmanagement,unklar,,,unklar,,,"Eine Ausbildung in der Gesundheits- und Krankenpflege sowie ein abgeschlossenes wissenschaftliches Hochschulstudium auf Masterniveau in Pflegewissenschaften oder Advanced Practice Nursing | Fundierte Kenntnisse im Bereich Geriatrie und Delirmanagement | Interesse an Forschung, Qualitätsentwicklung und Wissensvermittlung | Hohe kommunikative Kompetenz und Eigenverantwortung | Freude an interdisziplinärer Zusammenarbeit und Veränderungsprozessen",,5,"pay_text auf der Seite nicht gefunden, geleert",https://jobs.sana.de/de/sites/CX_4025/job/4839
Krankenhaus Rummelsberg,Schwarzenbruck,,Initiativbewerbung Pflegebereich (m/w/d),pflegefachkraft,,,,,,"Abgeschlossene Ausbildung als Pflegefachkraft (m/w/d), Gesundheits- und Krankenpfleger (m/w/d) oder Altenpfleger (m/w/d) | Ausgeprägtes Verantwortungsbewusstsein und Aufgeschlossenheit | Hohe Motivation, Dein Fachwissen in der Pflege einzubringen | Begeisterungsfähigkeit sowie Integrität und Teamorientierung",,5,"pay_text auf der Seite nicht gefunden, geleert",https://jobs.sana.de/de/sites/CX_4025/job/4193
Krankenhaus Rummelsberg,Schwarzenbruck,,Pflegefachkraft (m/w/d),pflegefachkraft,,,unklar,,,"Du hast eine abgeschlossene Ausbildung als Pflegefachkraft: Gesundheits- und Krankenpfleger (m/w/d) oder Altenpfleger (m/w/d) | Der einfühlsame Umgang mit Menschen bereitet dir Freude und liegt dir am Herzen | Du möchtest Teil eines engagierten Teams werden und aktiv zu einer positiven Arbeitsatmosphäre beitragen | Eigeninitiative, Anpassungsfähigkeit, Teamgeist, Engagement sowie eine zuverlässige und sorgfältige Arbeitsweise zeichnen dich aus | Die Bereitschaft zur fachlichen Weiterentwicklung rundet dein Profil ab",,5,"pay_text auf der Seite nicht gefunden, geleert",https://jobs.sana.de/de/sites/CX_4025/job/3599
Krankenhaus Rummelsberg,Schwarzenbruck,,Pflegefachkraft (m/w/d),pflegefachkraft,,,,,,"Du hast eine abgeschlossene Ausbildung als Pflegefachkraft: Gesundheits- und Krankenpfleger (m/w/d) oder Altenpfleger (m/w/d) | Der einfühlsame Umgang mit Menschen bereitet dir Freude und liegt dir am Herzen | Du möchtest Teil eines engagierten Teams werden und aktiv zu einer positiven Arbeitsatmosphäre beitragen | Eigeninitiative, Anpassungsfähigkeit, Teamgeist, Engagement sowie eine zuverlässige und sorgfältige Arbeitsweise zeichnen dich aus | Die Bereitschaft zur fachlichen Weiterentwicklung rundet dein Profil ab",,5,"pay_text auf der Seite nicht gefunden, geleert",https://jobs.sana.de/de/sites/CX_4025/job/4213
Krankenhaus Rummelsberg,Schwarzenbruck,Neurourologie,Pflegefachkraft (m/w/d) Neurourologie,pflegefachkraft,,,unklar,,,"Abgeschlossene Ausbildung als Medizinische Fachangestellte, Pflegefachkraft, Krankenpflegehelfer oder vergleichbare medizinische Qualifikation | Selbstständige, strukturierte und verantwortungsbewusste Arbeitsweise | Teamgeist und Freude an der interdisziplinären Zusammenarbeit | Offenheit für neue Fachbereiche – idealerweise erste Erfahrung in der (Neuro-)Urologie | Ein vorhandener Röntgenkenntniskurs ist ein Plus, aber kein Muss",idealerweise erste Erfahrung in der (Neuro-)Urologie,5,"pay_text auf der Seite nicht gefunden, geleert",https://jobs.sana.de/de/sites/CX_4025/job/4191
Krankenhaus Rummelsberg,Schwarzenbruck,Zentrale Notaufnahme,Pflegefachkraft (m/w/d) Zentrale Notaufnahme,pflegefachkraft,,,,,,"Du hast eine abgeschlossene Ausbildung als Pflegefachkraft (m/w/d) oder eine vergleichbare Ausbildung | Du bringst Berufserfahrung in einem ähnlichen Tätigkeitsfeld mit | Eine Fachweiterbildung für Notfallpflege ist wünschenswert, jedoch keine Voraussetzung | Du verfügst über hohe soziale Kompetenz im Umgang mit Patienten und bringst Einfühlungsvermögen, Kommunikationsfähigkeiten und Freude am teamorientierten Arbeiten mit | Zudem bist du in kritischen Situationen sehr belastbar und auch in Stresssituationen freundlich | Gute Deutschkenntnisse in Wort und Schrift und der sichere Umgang mit gängigen Software-Programmen runden dein Profil ab",,5,"pay_text auf der Seite nicht gefunden, geleert",https://jobs.sana.de/de/sites/CX_4025/job/4728
Krankenhaus Rummelsberg,Schwarzenbruck,Intensivstation,Pflegefachkraft (w/m/d) für die Intensivstation,fachweiterbildung,,,unklar,,vollzeit,"Du hast eine abgeschlossene Ausbildung als Gesundheits- und Krankenpfleger oder abgeschlossenes Examen als Pflegefachmann/-frau, gerne mit Fachweiterbildung in Anästhesie- und Intensivpflege | Deine fachliche, kommunikative und soziale Kompetenz ist ausgeprägt und du bringst Verantwortungsbewusstsein sowie Engagement mit | Als Pflegeprofi liebst du deinen Job und suchst die Herausforderung auf der interdisziplinäre Intensivstation | In kritischen Situationen zeigst du dich psychisch und physisch belastbar und bleibst auch in Stresssituationen freundlich | Du bist bereit, im 3-Schicht-System zu arbeiten",,5,"pay_text auf der Seite nicht gefunden, geleert",https://jobs.sana.de/de/sites/CX_4025/job/2164
Krankenhaus Rummelsberg,Schwarzenbruck,Querschnittzentrum,Pflegefachkraft (w/m/d) im Querschnittzentrum,pflegefachkraft,,,,,vollzeit_teilzeit,"Abgeschlossene Ausbildung als Pflegefachkraft (m/w/d) – Gesundheits- und Krankenpflege, Kinderkrankenpflege oder Altenpflege | Offenheit für neurologische und rehabilitative Pflege | Empathie, Kommunikationsstärke und Teamgeist | Interesse an fachlicher Weiterentwicklung (z. B. Bobath, Basale Stimulation) | Motivation, Verantwortung zu übernehmen | Erfahrung im Bereich Querschnittpflege oder Rehabilitation ist von Vorteil – aber keine Voraussetzung",Erfahrung im Bereich Querschnittpflege oder Rehabilitation ist von Vorteil – aber keine Voraussetzung,5,,https://jobs.sana.de/de/sites/CX_4025/job/3281
Krankenhaus Rummelsberg,Schwarzenbruck,,Pflegefachmann (m/w/d),pflegefachkraft,,,,,,"Du hast eine abgeschlossene Ausbildung als Pflegefachkraft: Gesundheits- und Krankenpfleger (m/w/d) oder Altenpfleger (m/w/d) | Der einfühlsame Umgang mit Menschen bereitet dir Freude und liegt dir am Herzen | Du möchtest Teil eines engagierten Teams werden und aktiv zu einer positiven Arbeitsatmosphäre beitragen | Eigeninitiative, Anpassungsfähigkeit, Teamgeist, Engagement sowie eine zuverlässige und sorgfältige Arbeitsweise zeichnen dich aus | Die Bereitschaft zur fachlichen Weiterentwicklung rundet dein Profil ab",,5,"pay_text auf der Seite nicht gefunden, geleert",https://jobs.sana.de/de/sites/CX_4025/job/422
Krankenhaus Rummelsberg,Schwarzenbruck,OP-Bereich,Pflegfachkraft (m/w/d) Operationstechnische Assistenz,ota_ata,,,unklar,,vollzeit_teilzeit,"Abgeschlossene Ausbildung als Pflegefachkraft oder Operationstechnische Assistenz-OTA | Idealerweise Erfahrung im OP-Bereich oder Interesse an einer OP-Tätigkeit | Verantwortungsbewusste, strukturierte und zuverlässige Arbeitsweise | Hohe Teamfähigkeit und Kommunikationsstärke | Bereitschaft zu OP-, Ruf- und Bereitschaftsdiensten | Motivation zur fachlichen und persönlichen Weiterentwicklung",Idealerweise Erfahrung im OP-Bereich oder Interesse an einer OP-Tätigkeit,5,"pay_text auf der Seite nicht gefunden, geleert",https://jobs.sana.de/de/sites/CX_4025/job/5515
Krankenhaus Schwabach,Schwabach,Endoskopie,Gesundheits- und Krankenpfleger (m/w/d) Endoskopie,pflegefachkraft,,"Vergütung und Zusatzleistungen: unter anderem Jahressonderzahlung, Vermögenswirksame Leistungen und Mitarbeitenden Rabatte",unklar,,vollzeit_teilzeit,"Du hast eine abgeschlossene Ausbildung als Gesundheits- und Krankenpfleger (m/w/d), idealerweise mit mehrjähriger Berufserfahrung in der | gastroenterologischen Endoskopie einschließlich aller interventionellen Verfahren. | Eine dienstleistungsorientierte und aufgeschlossene Persönlichkeit mit Organisationstalent, Zuverlässigkeit und sehr guter Kommunikationsfähigkeit | zeichnen dich aus. | Die Arbeit mit Menschen und für Menschen bereitet dir Freude.",mehrjähriger Berufserfahrung in der gastroenterologischen Endoskopie einschließlich aller interventionellen Verfahren,3,"einzige Klinik am Portal, Ort der Anzeige unbekannt; Ort der Stelle nicht belegt",https://www.navicare.med/karriere/gesundheits--und-krankenpfleger-(m%2Fw%2Fd)-endoskopie
Krankenhaus Schwabach,Schwabach,Notaufnahme,Gesundheits- und Krankenpfleger (m/w/d) Notaufnahme,pflegefachkraft,,"Vergütung und Zusatzleistungen: unter anderem Jahressonderzahlung, Vermögenswirksame Leistungen und Mitarbeitenden Rabatte",unklar,,vollzeit_teilzeit,"Du hast eine abgeschlossene Ausbildung als Gesundheits- und Krankenpfleger (m/w/d) | und bringst idealerweise bereits berufliche Erfahrung in einer Notfallambulanz mit. | Eine Fachweiterbildung in der Notfallpflege ist wünschenswert, aber keine Voraussetzung. | Als Teamplayer (m/w/d) arbeitest du ebenso selbstständig und beherrschst die medizinische Schreib- und Ausdrucksweise sicher. | Du bist bereit, am 3-Schichtbetrieb teilzunehmen. | Du bist bereit, unser diakonisches Profil aktiv mitzugestalten.",bringst idealerweise bereits berufliche Erfahrung in einer Notfallambulanz mit,3,"einzige Klinik am Portal, Ort der Anzeige unbekannt; Ort der Stelle nicht belegt",https://www.navicare.med/karriere/gesundheits--und-krankenpfleger-(m%2Fw%2Fd)-notaufnahme
Krankenhaus Schwabach,Schwabach,Allgemeinstation,Gesundheits- und Krankenpfleger (m/w/d) für die Allgemeinstation,pflegefachkraft,,"Vergütung und Zusatzleistungen: unter anderem Jahressonderzahlung, Vermögenswirksame Leistungen und Mitarbeitenden Rabatte",unklar,,vollzeit_teilzeit,"Du hast eine abgeschlossene Ausbildung als Gesundheits- und Krankenpfleger (w/m/d) und verfügst idealerweise über erste Berufserfahrung. | Die Übernahme von Nacht- und Wochenenddiensten ist für dich selbstverständlich. | Du bist bereit, unser diakonisches Profil aktiv mitzugestalten.",verfügst idealerweise über erste Berufserfahrung,3,"einzige Klinik am Portal, Ort der Anzeige unbekannt; Ort der Stelle nicht belegt",https://www.navicare.med/karriere/gesundheits--und-krankenpfleger-(m%2Fw%2Fd)-f%C3%BCr-die-allgemeinstation
Krankenhaus Schwabach,Schwabach,OP-Pflege,Gesundheits-und Krankenpfleger (m/w/d) OP-Pflege / OTA (m/w/d),ota_ata,,"Vergütung und Zusatzleistungen: unter anderem Jahressonderzahlung, Vermögenswirksame Leistungen und Mitarbeitenden Rabatte",unklar,,vollzeit_teilzeit,"Du hast eine abgeschlossene Ausbildung als Gesundheits- und Krankenpfleger (m/w/d), idealerweise mit Fachweiterbildung in der OP-Pflege, | oder besitzt eine abgeschlossene Ausbildung zum Operationstechnischen Angestellten (m/w/d). | Du bringst Organisationstalent und administrative Erfahrung mit. | Zuverlässigkeit und Einsatzbereitschaft zeichnen dich aus. | Du bist bereit, unser diakonisches Profil aktiv mitzugestalten.",,3,"einzige Klinik am Portal, Ort der Anzeige unbekannt; Ort der Stelle nicht belegt",https://www.navicare.med/karriere/gesundheits-und-krankenpfleger-(m%2Fw%2Fd)-op-pflege-%2F-ota-(m%2Fw%2Fd)
Krankenhaus Schwabach,Schwabach,Intensivstation,Pflegefachkraft (m/w/d) für die Intensivstation,pflegefachkraft,,"Vergütung und Zusatzleistungen: unter anderem Jahressonderzahlung, Vermögenswirksame Leistungen und Mitarbeitenden Rabatte",unklar,,vollzeit_teilzeit,"Du hast eine abgeschlossene Ausbildung als Pflegefachkraft (m/w/d), idealerweise mit Fachweiterbildung im Bereich Intensiv/Anästhesie | oder mehrjähriger Berufserfahrung auf einer Intensivstation. | Du überzeugst mit deinem empathischen Auftreten sowie deiner guten Kommunikationsfähigkeit in Wort und Schrift. | Ein hohes Maß an Motivation und Lernbereitschaft bringst du mit. | Zudem beherrschst du die medizinische Schreib- und Ausdrucksweise sicher.",mehrjähriger Berufserfahrung auf einer Intensivstation,3,"einzige Klinik am Portal, Ort der Anzeige unbekannt; Ort der Stelle nicht belegt",https://www.navicare.med/karriere/pflegefachkraft-(m%2Fw%2Fd)-f%C3%BCr-die-intensivstation
Krankenhaus Schwabach,Schwabach,Anästhesie,Pflegefachkraft (m/w/d) mit Schwerpunkt Anästhesie-Pflege,pflegefachkraft,,"Vergütung und Zusatzleistungen: unter anderem Jahressonderzahlung, Vermögenswirksame Leistungen und Mitarbeitenden Rabatte",unklar,,vollzeit_teilzeit,"Du hast eine abgeschlossene Ausbildung als Pflegefachkraft (m/w/d), idealerweise mit Fachweiterbildung im Bereich Intensiv/Anästhesie | oder der Bereitschaft, diese zu absolvieren. | Du bringst die Flexibilität für Bereitschaftsdienste mit. | Organisationstalent, administrative Erfahrung, Zuverlässigkeit und Einsatzbereitschaft zeichnen dich aus. | Zudem beherrschst du die medizinische Schreib- und Ausdrucksweise sicher.",,3,"einzige Klinik am Portal, Ort der Anzeige unbekannt; Ort der Stelle nicht belegt",https://www.navicare.med/karriere/pflegefachkraft-(m%2Fw%2Fd)-mit-schwerpunkt-an%C3%A4sthesie-pflege
Krankenhaus Schwabach,Schwabach,Station 5,Stationsleitung Station 5 (m/w/d),leitung,,"Vergütung und Zusatzleistungen: unter anderem Jahressonderzahlung, Vermögenswirksame Leistungen und Mitarbeitenden Rabatte",unklar,,vollzeit_teilzeit,"Du hast eine abgeschlossene Ausbildung in der Gesundheits- und Krankenpflege und verfügst über mehrjährige Berufserfahrung. | Du hast eine Weiterbildung zur Leitung einer pflegerischen Einheit oder ein Studium im Bereich Pflegemanagement bzw. Pflegewissenschaft abgeschlossen | – oder bist bereit, diese Qualifikation in naher Zukunft zu erwerben. | Du überzeugst durch Organisationsfähigkeit, Einsatzbereitschaft und Durchsetzungsvermögen. | Du verfügst über Führungsgeschick sowie eine ausgeprägte Sozialkompetenz und Kommunikationsfähigkeit. | Du bringst eine hohe Motivation mit und verstehst es, Mitarbeitende zu begeistern.",verfügst über mehrjährige Berufserfahrung,3,"einzige Klinik am Portal, Ort der Anzeige unbekannt; Ort der Stelle nicht belegt",https://www.navicare.med/karriere/stationsleitung-station-5-(m%2Fw%2Fd)-
Krankenhaus St. Josef,Schweinfurt,Chirurgie und Innere Medizin,Pflegefachkraft (m/w/d),pflegefachkraft,,Bei uns treten Sie eine unbefristete Stelle mit einer Vergütung nach AVR Caritas an.,,,vollzeit_teilzeit,"Eine abgeschlossene Berufsausbildung als Krankenschwester/Krankenpfleger oder Gesundheits- und Krankenpfleger oder Pflegefachmann/Pflegefachfrau | Eigenverantwortliche und selbstständige Arbeitsweise | Kommunikationsstärke und Empathie gegenüber den Patienten und ihren Angehörigen | Engagement, Kreativität und Freude an der Weiterentwicklung des Pflegedienstes | Fachliche und soziale Kompetenz mit Einfühlungsvermögen und Belastbarkeit",,5,,https://josef.softgarden.io/job/53363539/Pflegefachkraft-m-w-d-?jobDbPVId=253393687&l=de
Krankenhaus St. Josef,Schweinfurt,Interdisziplinäre Intensivstation,Pflegefachkraft (m/w/d) für die Intensivstation,fachweiterbildung,,Bei uns treten Sie eine unbefristete Stelle mit einer Vergütung nach AVR Caritas an.,,,,"eine abgeschlossene Berufsausbildung als Krankenschwester/Krankenpfleger oder Gesundheits- und Krankenpfleger oder Pflegefachmann/Pflegefachfrau | idealerweise Fachweiterbildung Intensivpflege und Anästhesie | Sie behalten auch in schwierigen Situationen den Überblick und arbeiten konstruktiv und kooperativ in einem interdisziplinären Team. | Sie sind motiviert und interessiert, neue pflegerische Kenntnisse und Behandlungskonzepte kennen zu lernen und in die Arbeit zu integrieren",Mit Berufserfahrung,5,,https://josef.softgarden.io/job/45729323/Pflegefachkraft-m-w-d-f%C3%BCr-die-Intensivstation-?jobDbPVId=253393717&l=de
Krankenhaus St. Josef,Schweinfurt,Intensivstation,Pflegefachkraft (m/w/d) für die Intensivstation,pflegefachkraft,,Vergütung nach AVR Caritas,nein,,Unbefristeter Vertrag,abgeschlossene Berufsausbildung als Krankenschwester/Krankenpfleger oder Gesundheits- und Krankenpfleger oder Pflegefachmann/Pflegefachfrau mit Berufserfahrung | Masernschutz,Mit Berufserfahrung; idealerweise Fachweiterbildung Intensivpflege und Anästhesie,4,Zuordnung aus dem vorherigen Lauf übernommen,https://josef.softgarden.io/job/45729323
Krankenhaus St. Josef,Schweinfurt,Palliativstation,Pflegefachkraft (m/w/d) für die Palliativstation,fachweiterbildung,,Bei uns treten Sie eine unbefristete Stelle mit einer Vergütung nach AVR Caritas an.,,,vollzeit_teilzeit,"eine abgeschlossene Berufsausbildung und Berufserfahrung als Kranken-schwester / Krankenpfleger oder als Gesundheits- und Krankenpfleger | die abgeschlossene Weiterbildung Palliative Care für Pflegende nach dem Basiscurriculum der DGP ist von Vorteil, aber nicht zwingend erforderlich | die Identifikation mit den Werten der Palliative Care | eigenverantwortliches und patientenorientiertes Handeln | selbstständige Arbeitsweise und Teamfähigkeit | Kommunikationsstärke und Empathie gegenüber den Patienten und Patientinnen und ihren Angehörigen | Engagement, Kreativität und Freude an der Weiterentwicklung des Pflegedienstes und der Palliative Care | Bereitschaft zur Teilnahme am geltenden Dienstplanmodell",Mit Berufserfahrung,5,,https://josef.softgarden.io/job/63336409/Pflegefachkraft-m-w-d-f%C3%BCr-die-Palliativstation?jobDbPVId=265941464&l=de
Krankenhaus St. Josef,Schweinfurt,Palliativstation,Pflegefachkraft (m/w/d) für die Palliativstation,pflegefachkraft,,Vergütung nach AVR Caritas,nein,,Voll- oder Teilzeit,abgeschlossene Berufsausbildung und Berufserfahrung als Gesundheits- und Krankenpfleger oder Pflegefachmann/Pflegefachfrau,"Berufserfahrung; Weiterbildung Palliative Care (DGP) von Vorteil, nicht zwingend erforderlich",4,Zuordnung aus dem vorherigen Lauf übernommen,https://josef.softgarden.io/job/63336409
Krankenhaus St. Josef,Schweinfurt,OP,Pflegefachkraft für den OP (w/m/d),ota_ata,,Bei uns treten Sie eine unbefristete Stelle mit einer Vergütung nach AVR Caritas an.,,,vollzeit_teilzeit,"eine abgeschlossene Berufsausbildung als Krankenschwester/Krankenpfleger oder als Gesundheits- und Krankenpfleger oder als Pflegefachmann/Pflegefachfrau | Gerne mit Berufserfahrung im OP aber auch Neueinsteiger sind willkommen | Eigenverantwortliche und selbstständige Arbeitsweise | Kommunikationsstärke und Empathie gegenüber den Patienten und ihren Angehörigen | Engagement, Kreativität und Freude an der Weiterentwicklung des Pflegedienstes | Bereitschaft zur Teilnahme am geltenden Dienstplanmodell",Gerne mit Berufserfahrung im OP aber auch Neueinsteiger sind willkommen,5,,https://josef.softgarden.io/job/46311269/Pflegefachkraft-f%C3%BCr-den-OP-w-m-d-?jobDbPVId=282843540&l=de
Krankenhaus St. Josef,Schweinfurt,OP,Pflegefachkraft für den OP (w/m/d),pflegefachkraft,,Vergütung nach AVR Caritas,nein,,Voll- oder Teilzeit,abgeschlossene Berufsausbildung als Gesundheits- und Krankenpfleger oder Pflegefachmann/Pflegefachfrau oder Operationstechnischer Assistent/Assistentin | Masernschutz,Gerne mit Berufserfahrung im OP aber auch Neueinsteiger sind willkommen,4,Zuordnung aus dem vorherigen Lauf übernommen,https://josef.softgarden.io/job/46311269
Krankenhaus St. Josef,Schweinfurt,Springerpool,Pflegefachkraft für den Springerpool (m/w/d),pflegefachkraft,,Bei uns treten Sie eine unbefristete Stelle mit einer Vergütung nach AVR Caritas an.,,,vollzeit_teilzeit,"eine abgeschlossene Berufsausbildung als Krankenschwester/Krankenpfleger oder als Gesundheits- und Krankenpfleger oder als Pflegefachmann/Pflegefachfrau | die Identifikation mit der Springerpoolphilosophie | eigenverantwortliches und patientenorientiertes Handeln | selbstständige Arbeitsweise und Teamfähigkeit | Motivation, Einsatzfreude und ein freundliches Auftreten runden Ihr Profil ab | die Bereitschaft Dienste am Wochenende je nach Teil-oder Vollzeitbeschäftigung zu übernehmen",,5,,https://josef.softgarden.io/job/27082933/Pflegefachkraft-f%C3%BCr-den-Springerpool-m-w-d-?jobDbPVId=253393677&l=de
Krankenhaus St. Josef,Schweinfurt,Akutgeriatrie,Pflegefachkraft für die Akutgeriatrie (m/w/d),pflegefachkraft,,Bei uns treten Sie eine unbefristete Stelle mit einer Vergütung nach AVR Caritas Bayern an.,,,vollzeit_teilzeit,"eine abgeschlossene Berufsausbildung als Krankenschwester/Krankenpfleger oder als Gesundheits- und Krankenpfleger oder als Pflegefachmann/Pflegefachfrau | eigenverantwortliche und selbstständige Arbeitsweise | Kommunikationsstärke und Empathie gegenüber den Patienten und ihren Angehörigen | Engagement, Kreativität und Freude an der Weiterentwicklung des Pflegedienstes | fachliche und soziale Kompetenz mit Einfühlungsvermögen und Belastbarkeit",,5,,https://josef.softgarden.io/job/22635176/Pflegefachkraft-f%C3%BCr-die-Akutgeriatrie-m-w-d-?jobDbPVId=260860249&l=de
Krankenhaus St. Josef,Schweinfurt,Akutgeriatrie,Pflegefachkraft für die Akutgeriatrie (m/w/d),pflegefachkraft,,Vergütung nach AVR Caritas Bayern,nein,,Voll- oder Teilzeit,abgeschlossene Berufsausbildung als Krankenschwester/Krankenpfleger oder Gesundheits- und Krankenpfleger oder Pflegefachmann/Pflegefachfrau | Masernschutz,,4,Zuordnung aus dem vorherigen Lauf übernommen,https://josef.softgarden.io/job/22635176
Krankenhaus St. Josef,Schweinfurt,,Praxisanleiter (w/m/d) – Teilzeit (freigestellt),leitung,,,,,teilzeit,"Abgeschlossene Ausbildung zur/m Gesundheits- und Krankenpfleger/In mit entsprechender Weiterbildung zum/zur Praxisanleiter/in | Umfangreiche Erfahrung in der Anleitung von Auszubildenden im pflegerischen Bereich | Ausgeprägte pädagogische und organisatorische Fähigkeiten | Motivierte, engagierte Persönlichkeit mit hoher sozialer und kommunikativer Kompetenz, die sich aktiv an der Entwicklung des Lernortes ‚Praxis‘ beteiligt",Umfangreiche Erfahrung in der Anleitung von Auszubildenden im pflegerischen Bereich,5,,https://josef.softgarden.io/job/64474538/Praxisanleiter-w-m-d-%E2%80%93-Teilzeit-freigestellt-?jobDbPVId=271629643&l=de
Krankenhaus St. Josef,Schweinfurt,Allgemeinstation und Intensivstation,Praxisanleiter (w/m/d) – Teilzeit (freigestellt),fachweiterbildung,,,nein,,"Teilzeit (freigestellt), Unbefristeter Vertrag",Ausbildung zur/m Gesundheits- und Krankenpfleger/In mit Weiterbildung zum/zur Praxisanleiter/in oder Studium Pflege/Pflegepädagogik,Umfangreiche Erfahrung in der Anleitung von Auszubildenden,3,Zuordnung aus dem vorherigen Lauf übernommen; keine Belegzitate,https://josef.softgarden.io/job/64474538
Krankenhaus Vilshofen,Vilshofen,Akutgeriatrie,Pflegefachkraft (m/w/d) Akutgeriatrie,pflegefachkraft,,Die Eingruppierung erfolgt nach tariflichen Vorgaben entsprechend der vorhandenen Ausbildung in EG P 7 TVöD,ja,Günstig wohnen und leben in der neuen Appartement-Wohnanlage in Rotthalmünster,"Stellenumfang: 1,0 VK = 38,5 WStd.; Die Stelle ist grundsätzlich teilzeitfähig","Abgeschlossene dreijährige Ausbildung zum Gesundheits- und Krankenpfleger (m/w/d), Altenpfleger (m/w/d), Pflegefachmann/-frau | Vollständiger Masernschutz",Wünschenswert: Erfahrungen auf einer internistischen oder geriatrischen Station/ Abteilung,4,"Zuordnung aus dem vorherigen Lauf übernommen · pay_grade auf der Seite nicht gefunden, geleert",https://karriere.ge-passau.de/stellen/pflegefachkraft-mwd-akutgeriatrie/
Krankenhaus Wegscheid,Wegscheid,Innere Medizin,Pflegefachkraft (m/w/d) - Innere Medizin,pflegefachkraft,,Die Eingruppierung erfolgt unter Vorliegen der tariflichen Voraussetzungen in P 7 TVöD; Vergütung nach TVöD,ja,Günstig wohnen und leben in der neuen Appartement-Wohnanlage in Rotthalmünster,"1,0 VK = 38,5 WStd.; grundsätzlich teilzeitfähig","Abgeschlossene dreijährige Ausbildung zum Gesundheits- und Krankenpfleger, Altenpfleger oder Pflegefachmann/-frau | Vollständiger Masernschutz",Wünschenswert: Erfahrungen auf einer internistischen Station/ Abteilung,4,"Zuordnung aus dem vorherigen Lauf übernommen · pay_grade auf der Seite nicht gefunden, geleert",https://karriere.ge-passau.de/stellen/pflegefachkraft-mwd---innere-medizin/
Krankenhaus Wegscheid,Wegscheid,,Pflegefachkräfte (m/w/d) für die bettenführenden Bereiche,pflegefachkraft,,"Die Eingruppierung erfolgt nach tariflichen Vorgaben entsprechend der vorhandenen Ausbildung in P 7 TVÖD, P 8 TVöD, bzw. P 9 TVöD bei Vorliegen einer abgeschlossenen Fachweiterbildung in dem jeweiligen Bereich.",ja,Günstig wohnen und leben in der neuen Appartement-Wohnanlage in Rotthalmünster,"Stellenumfang: 1,0 VK = 38,5 WStd.; Die Stelle ist grundsätzlich teilzeitfähig","Abgeschlossene dreijährige Ausbildung zum Gesundheits- und Krankenpfleger (m/w/d), Altenpfleger (m/w/d) oder Pflegefachmann/-frau | Vollständiger Masernschutz",Wünschenswert: Erfahrungen auf einer internistischen oder chirurgischen Station,4,"Klinik nach Anzeigenort korrigiert · pay_grade auf der Seite nicht gefunden, geleert",https://karriere.ge-passau.de/stellen/pflegefachkr%C3%A4fte-mwd-f%C3%BCr-die-bettenf%C3%BChrenden-bereiche/
Krankenhaus Wegscheid,Wegscheid,bettenführende Bereiche,Pflegefachkräfte (m/w/d) für die bettenführenden Bereiche,pflegefachkraft,,,ja,Günstig wohnen und leben in der neuen Appartement-Wohnanlage in Rotthalmünster,"1,0 VK = 38,5 WStd.; grundsätzlich teilzeitfähig","Abgeschlossene dreijährige Ausbildung zum Gesundheits- und Krankenpfleger, Altenpfleger oder Pflegefachmann/-frau | Masernschutz",Wünschenswert: Erfahrungen auf einer internistischen oder chirurgischen Station,4,"Zuordnung aus dem vorherigen Lauf übernommen · pay_text auf der Seite nicht gefunden, geleert · pay_grade auf der Seite nicht gefunden, geleert",https://karriere.ge-passau.de/stellen/pflegefachkräfte-mwd-für-die-bettenführenden-bereiche/
Krankenhaus Weilheim-Schongau,Weilheim in Oberbayern,AOZ im Medizinischen Zentrum SOGESUND (Standort Schongau),Gesundheits- und Krankenpfleger/ Operations-Technischen-Assistent (w/m/d),ota_ata,,Vergütung nach Manteltarif MFA,unklar,,Teilzeit (16 – 24 Std.),Abschluss als staatlich examinierte Gesundheits- und Krankenpflegerin | erfolgreich abgeschlossene Ausbildung zur OTA,Mehrjährige Berufserfahrung; auch im Bereich der OP-Pflege/Assistenz,3,Zuordnung aus dem vorherigen Lauf übernommen; Ort der Stelle nicht belegt,https://www.meinkrankenhaus2030.de/stellenanzeige-gesundheits-und-krankenpfleger/-operations-technischen-assistent-w/m/d
Krankenhaus Weilheim-Schongau,Weilheim in Oberbayern,OP-Abteilung,Operations-Technischen-Assistent / OP-Pflegefachkräfte (w/m/d) in Vollzeit/Teilzeit,ota_ata,,Vergütung nach der geltenden EGO des TVöD-K/VKA,unklar,,Vollzeit/Teilzeit,erfolgreich abgeschlossene Ausbildung zur GKP oder OTA | Bereitschaft zum Schicht-/Bereitschaftsdienst,Mehrjährige Berufserfahrung; auch im Bereich der OP-Pflege/Assistenz,3,Zuordnung aus dem vorherigen Lauf übernommen; Ort der Stelle nicht belegt,https://www.meinkrankenhaus2030.de/stellenanzeige-operations-technischen-assistent-w/m/d-in-vollzeit
"Krankenhaus für Psychiatrie, Psychotherapie und Psychosomatische Medizin Schloss Werneck",Werneck,,Pflegefachkraft (m/w/d),pflegefachkraft,,"Diese beinhalten neben einer attraktiven Vergütung nach TVöD auch eine Jahressonderzahlung „Weihnachtsgeld“, betriebliche Altersvorsorge und die Möglichkeit zur Entgeltumwandlung.",unklar,,vollzeit_teilzeit,"Sie sichern in kooperativer Zusammenarbeit mit allen Berufsgruppen die qualitative pflegerische Versorgung unserer Patienten. | Sie sind für die fachgerechte Erfassung der Patientenbedürfnisse sowie der fachgerechten Ausführung der medizinischen Anordnungen der &Auml;rzte verantwortlich. | Sie haben eine abgeschlossene Ausbildung als Pflegefachkraft (m/w/d) Gesundheits&ndash; und Krankenpfleger/in (m/w/d) | Altenpfleger/in (m/w/d) Krankenschwester/ -pfleger (m/w/d) | Für Sie stehen die Bedürfnisse des Patienten im Vordergrund. | Sie möchten sich durch Ihre strukturierte und selbstständige Arbeitsweise aktiv in die Mitgestaltung von Arbeitsabläufen einbringen. | Sie legen Wert auf ein Team, das sich berufsgruppenübergreifend unterstützt. | Ihre gute Kontakt&ndash; und Kommunikationsfähigkeit, Teamfähigkeit und Empathie runden Ihr Profil ab.",,4,Ort der Stelle nicht belegt,https://www.psychiatrie-werneck.de/karriere/stellenangebote/index.html?detID=2175
"Krankenhaus für Psychiatrie, Psychotherapie und Psychosomatische Medizin Schloss Werneck",Werneck,Station G1 (beschützt geführte Station mit Schwerpunkt Gerontopsychiatrie),Pflegefachkraft (m/w/d) G1,pflegefachkraft,P8,"Diese beinhalten neben einer attraktiven Vergütung nach EG P8 TVöD auch eine Jahressonderzahlung „Weihnachtsgeld“, betriebliche Altersvorsorge und die Möglichkeit zur Entgeltumwandlung.",unklar,,vollzeit_teilzeit,"Sie sichern in kooperativer Zusammenarbeit mit allen Berufsgruppen die qualitative pflegerische Versorgung unserer Patienten. | Sie sind für die fachgerechte Erfassung der Patientenbedürfnisse sowie der fachgerechten Ausführung der medizinischen Anordnungen der &Auml;rzte verantwortlich. | Sie haben eine abgeschlossene Ausbildung als Pflegefachkraft (m/w/d) Gesundheits&ndash; und Krankenpfleger/in (m/w/d) | Altenpfleger/in (m/w/d) Krankenschwester/ -pfleger (m/w/d) | Für Sie stehen die Bedürfnisse des Patienten im Vordergrund. | Sie möchten sich durch Ihre strukturierte und selbstständige Arbeitsweise aktiv in die Mitgestaltung von Arbeitsabläufen einbringen. | Sie legen Wert auf ein Team, das sich berufsgruppenübergreifend unterstützt. | Ihre gute Kontakt&ndash; und Kommunikationsfähigkeit, Teamfähigkeit und Empathie runden Ihr Profil ab.",,4,Ort der Stelle nicht belegt,https://www.psychiatrie-werneck.de/karriere/stellenangebote/index.html?detID=2206
Kreisklinik Bad Reichenhall,Bad Reichenhall,Pneumologie,Gesundheits- und Krankenpfleger (w/m/d) Pneumologie,pflegefachkraft,,Eingruppierung nach TVöD sowie überdurchschnittliche betriebliche Altersvorsorge,unklar,,Vollzeit,"Abgeschlossene Ausbildung in der Gesundheits- und Krankenpflege, Altenpflege und/oder abgeschlossenes Bachelorstudium Pflege | Bereitschaft 3-Schicht-Dienst",,4,Zuordnung aus dem vorherigen Lauf übernommen,https://jobs.kliniken-suedostbayern.de/Gesundheits-und-Krankenpfleger-wmd-Pneumologie-de-j1253.html
Kreisklinik Ebersberg,Ebersberg,Intensivstation und IMC,Pflegefachkraft (w/m/d) für die Intensivstation und IMC,fachweiterbildung,,Vergütung nach TVöD-K,,,,"Abgeschlossene Ausbildung als Pflegefachmann/frau, Gesundheits- und Krankenpfleger/in, Krankenschwester/pfleger | Idealerweise abgeschlossene Fachweiterbildung Anästhesie und Intensivpflege | Bereitschaft zur Teilnahme an Fort- und Weiterbildung im Fachgebiet | Selbstständiges engagiertes Arbeiten",,5,,https://jobs.klinik-ebe.de/Pflegefachkraft-wmd-fuer-die-Intensivstation-und-IMC-de-j79.html
Kreisklinik Ebersberg,Ebersberg,Palliativstation,Pflegefachkraft (w/m/d) für die Palliativstation,fachweiterbildung,,Vergütung nach TVöD-K,,,,"Abgeschlossene Ausbildung als Pflegefachmann/frau, Gesundheits- und Krankenpfleger/in, Krankenschwester/pfleger | Abgeschlossene Palliative Care Qualifizierung und/oder Erfahrung im Bereich Palliativ Care wünschenswert | Bereitschaft zur Teilnahme an Fort- und Weiterbildung im Fachgebiet | Hohe Sozialkompetenz, persönliche Stabilität und Belastbarkeit",,5,,https://jobs.klinik-ebe.de/Pflegefachkraft-wmd-fuer-die-Palliativstation-de-j906.html
Kreisklinik Ebersberg,Ebersberg,Anästhesie,Pflegefachkraft oder Anästhesietechnische Assistenz (w/m/d) für die Anästhesie,ota_ata,,Vergütung nach TVöD-K,,,vollzeit_teilzeit,"Abgeschlossene Ausbildung als Pflegefachmann/frau, Gesundheits- und Krankenpfleger/in, Krankenschwester/pfleger bzw. Anästhesietechnische/r Assistent/in | Berufserfahrung wünschenswert, idealerweise im Bereich Anästhesie | Hohe fachliche und soziale Kompetenz | Motivation sich auf ein neues Arbeitsfeld einzulassen",,5,,https://jobs.klinik-ebe.de/Pflegefachkraft-oder-Anaesthesietechnische-Assistenz-wmd-f-de-j860.html
Kreisklinik Ebersberg,Ebersberg,Funktionsdienst Innere / Herzkatheter,Pflegefachkraft oder Medizinische Fachangestellte (w/m/d) für den Bereich Funktionsdienst Innere / Herzkatheter,pflegefachkraft,,Vergütung nach TVöD-K,,,,"Abgeschlossene Ausbildung als Pflegefachmann/frau, Gesundheits- und Krankenpfleger/in, Krankenschwester/pfleger oder als Medizinische Fachangestellte | Erfahrung oder Weiterbildung in den Bereichen Funktionsdienst Innere und Herzkatheter wünschenswert | Bereitschaft zur Teilnahme an Fort- und Weiterbildung im Fachgebiet | Selbstständiges engagiertes Arbeiten",,5,,https://jobs.klinik-ebe.de/Pflegefachkraft-oder-Medizinische-Fachangestellte-wmd-fuer-de-j605.html
Kreisklinik Ebersberg,Ebersberg,Zentrale Notaufnahme,Pflegefachkraft oder Notfallsanitäter (w/m/d) für die Zentrale Notaufnahme,pflegefachkraft,,Vergütung nach TVöD-K (EG 8 / EG 9b),,,,"Abgeschlossene Ausbildung als Pflegefachmann/frau, Gesundheits- und Krankenpfleger/in, Krankenschwester/pfleger oder Notfallsanitäter/in | Bereitschaft zur Teilnahme an Fort- und Weiterbildung im Fachgebiet | Selbstständiges engagiertes Arbeiten",,5,,https://jobs.klinik-ebe.de/Pflegefachkraft-oder-Notfallsanitaeter-wmd-fuer-die-Zentra-de-j409.html
Kreisklinik Ebersberg,Ebersberg,OP/AOZ,Pflegefachkraft oder Operationstechnischer Assistent (w/m/d) für den OP/AOZ,ota_ata,,Vergütung nach TVöD-K,,,,"Abgeschlossene Ausbildung als Pflegefachmann/frau, Gesundheits- und Krankenpfleger/in, Krankenschwester/pfleger bzw. Operationstechnische/r Assistent/in | Berufserfahrung wünschenswert, idealerweise im OP | Hohe fachliche und soziale Kompetenz",,5,,https://jobs.klinik-ebe.de/Pflegefachkraft-oder-Operationstechnischer-Assistent-wmd-f-de-j80.html
Kreisklinik Ebersberg,Ebersberg,Station 4A (Akutgeriatrie),"Stellvertretende Stationsleitung (w/m/d) für die Station 4A (Akutgeriatrie), befristet auf zwei Jahre",leitung,P8,Vergütung nach TVöD-K (EG P8),,,befristet,"Dreijährig examinierte Gesundheits- und Krankenpfleger/-in, Krankenschwester/-pfleger, Pflegefachmann/-frau | Mindestens zwei Jahre Berufserfahrung | Weiterbildung zur Stationsleitung (wünschenswert, keine Voraussetzung) | Führungskompetenz | Organisationstalent und Kooperationsbereitschaft",Mindestens zwei Jahre Berufserfahrung,5,,https://jobs.klinik-ebe.de/Stellvertretende-Stationsleitung-wmd-fuer-die-Station-4A-A-de-j895.html
Kreisklinik Ebersberg,Ebersberg,OP-Pflege im ambulanten OP-Zentrum,Teamleitung OP-Pflege im ambulanten OP-Zentrum (m/w/d),leitung,,Vergütung nach TVöD,,,,Berufsausbildung Gesundheits- und Krankenpflege oder Operationstechnische Assistenz | idealerweise Fachweiterbildung OP-Pflege | Berufserfahrung im OP | Leitungserfahrung | Transformationales Führungsverständnis,,5,,https://jobs.klinik-ebe.de/Teamleitung-OP-Pflege-im-ambulanten-OP-Zentrum-mwd-de-j888.html
Kreisklinik Krumbach,Krumbach (Schwaben),Kardiologie,Pflegefachmann/-frau (m/w/d) Kardiologie,pflegefachkraft,,Attraktive Vergütung: Nach TVöD-K plus arbeitgeberfinanzierter Zusatzversorgung,ja,Unterstützung: Unterstützung bei der Wohnungssuche sowie Kinderbetreuung im unmittelbaren Umfeld,Vollzeit / Teilzeit,"Erfolgreich abgeschlossene, dreijährige examinierte Ausbildung im Gesundheitswesen",,3,Zuordnung aus dem vorherigen Lauf übernommen; Ort der Stelle nicht belegt,https://kliniken-gz-kru.de/karriere/stellenangebote/detail/47-pflegefachmann-frau-m-w-d-kardiologie
Kreisklinik Krumbach,Krumbach (Schwaben),Gastroenterologie/Allgemeine Innere,Pflegefachmann/-frau (w/m/d) Gastroenterologie/Allgemeine Innere,pflegefachkraft,,Attraktive Vergütung: Nach TVöD-K plus arbeitgeberfinanzierter Zusatzversorgung,ja,Unterstützung: Unterstützung bei der Wohnungssuche sowie Kinderbetreuung im unmittelbaren Umfeld,Vollzeit / Teilzeit,"Erfolgreich abgeschlossene, dreijährige examinierte Ausbildung im Gesundheitswesen",,3,Zuordnung aus dem vorherigen Lauf übernommen; Ort der Stelle nicht belegt,https://kliniken-gz-kru.de/karriere/stellenangebote/detail/48-pflegefachmann-frau-w-m-d-gastroenterologie-allgemeine-innere
Kreisklinik Krumbach,Krumbach (Schwaben),Geriatrie,Pflegefachmann/-frau (w/m/d) Geriatrie,pflegefachkraft,,Attraktive Vergütung: Nach TVöD-K plus arbeitgeberfinanzierter Zusatzversorgung,ja,Unterstützung: Unterstützung bei der Wohnungssuche sowie Kinderbetreuung im unmittelbaren Umfeld,Vollzeit / Teilzeit,"Erfolgreich abgeschlossene, dreijährige examinierte Ausbildung im Gesundheitswesen",,3,Zuordnung aus dem vorherigen Lauf übernommen; Ort der Stelle nicht belegt,https://kliniken-gz-kru.de/karriere/stellenangebote/detail/46-pflegefachmann-frau-w-m-d-geriatrie
Kreisklinik Krumbach,Krumbach (Schwaben),Intensivstation,Pflegefachmann/-frau (w/m/d) Intensivstation,pflegefachkraft,,Attraktive Vergütung: Nach TVöD-K plus arbeitgeberfinanzierter Zusatzversorgung,ja,Unterstützung: Unterstützung bei der Wohnungssuche sowie Kinderbetreuung im unmittelbaren Umfeld,Vollzeit / Teilzeit,"Erfolgreich abgeschlossene, dreijährige examinierte Ausbildung im Gesundheitswesen",,3,Zuordnung aus dem vorherigen Lauf übernommen; Ort der Stelle nicht belegt,https://kliniken-gz-kru.de/karriere/stellenangebote/detail/49-pflegefachmann-frau-w-m-d-intensivstation
Kreisklinik Krumbach,Krumbach (Schwaben),Zentrale Notaufnahme,Pflegefachmann/-frau (w/m/d) Notfallaufnahme,pflegefachkraft,,Attraktive Vergütung: Nach TVöD-K plus arbeitgeberfinanzierter Zusatzversorgung,ja,Unterstützung: Unterstützung bei der Wohnungssuche sowie Kinderbetreuung im unmittelbaren Umfeld,Vollzeit / Teilzeit,"Erfolgreich abgeschlossene, dreijährige examinierte Ausbildung im Gesundheitswesen",,3,Zuordnung aus dem vorherigen Lauf übernommen; Ort der Stelle nicht belegt,https://kliniken-gz-kru.de/karriere/stellenangebote/detail/45-pflegefachmann-frau-w-m-d-notfallaufnahme
Kreisklinik Mindelheim,Mindelheim,Funktionsdienst,2443,ota_ata,,Bis zu 603 € steuerfrei im Monat durch Teilnahme am Rufdienst-Pool,unklar,,teilzeit,"Abgeschlossene Ausbildung als OTA, MFA, Pflegefachkraft (m/w/d) oder vergleichbare Qualifikation mit OP-Erfahrung | Ideal während des Studiums im medizinischen Bereich | Erfahrung im OP-Bereich wünschenswert | Bereitschaft zur Teilnahme am Rufdienst | Verantwortungsbewusstsein, Teamgeist und eine selbstständige Arbeitsweise",Erfahrung im OP-Bereich wünschenswert,4,Ort der Stelle nicht belegt,https://karriere-im.klinikverbund-allgaeu.de/karriere-detail/Mindelheim/POOLAUFBAU-Lust-auf--steuerfrei-im-Monat-Wir-suchen-OP-Assistenz-mwd-fr-unsere-Operateure-im-OP-Rufdienst-/2443?cHash=2b1fbd3b81bee0938d2a4ada9a21877b
Kreisklinik Mindelheim,Mindelheim,Herzkatheterlabor,2518,pflegefachkraft,,,ja,Vorübergehende Unterkunftsmöglichkeit im Personalwohnheim,vollzeit_teilzeit,Abgeschlossene Ausbildung zur Pflegefachkraft (m/w/d) oder als medizinische Fachangestellte (m/w/d) | Berufserfahrung im Bereich des Herzkatheters wünschenswert | Bereitschaft zur Einarbeitung in die Endoskopie | Bereitschaft zur Teilnahme am Rufdienst | Engagierte Persönlichkeit mit Teamfähigkeit und Flexibilität | Aufgeschlossenheit gegenüber Veränderungen und Weiterentwicklungen,Berufserfahrung im Bereich des Herzkatheters wünschenswert,4,Ort der Stelle nicht belegt,https://karriere-im.klinikverbund-allgaeu.de/karriere-detail/Mindelheim/MFA-mwd-oder-Pflegefachkraft-mwd-fr-unsere-Funktionsabteilung---Schwerpunkt-Herzkatheter/2518?cHash=28fc686633507b8708e6dd07d6434e66
Kreisklinik Mindelheim,Mindelheim,Personal der Ausbildungsstätten,2561,unklar,,Attraktive Vergütung nach TVöD inklusive Jahressonderzahlung und betrieblicher Alterszusatzvorsorge,unklar,,teilzeit,"Abgeschlossenes Studium als Pflegepädagoge oder Medizinpädagoge (Master, Diplom oder Bachelor) oder eine Qualifikation als Lehrer für Pflegeberufe (m/w/d) | Abgeschlossene dreijährige Pflegeausbildung (PF, GKP. GKiKP oder AP) | Freude daran, Wissen zu vermitteln und Menschen in ihrer Entwicklung zu begleiten | Kommunikationsstärke, Teamgeist und pädagogisches Geschick | Eigenverantwortliche und strukturierte Arbeitsweise",,4,Ort der Stelle nicht belegt,https://karriere-im.klinikverbund-allgaeu.de/karriere-detail/Mindelheim/Pflegepdagogen-Medizinpdagogen-BachelorMasterDiplom-oder-Lehrer-fr-Pflegeberufe-mwd-in-Teilzeit-/2561?cHash=cf6a0bb528ced5bcf8d9be6fb096dcc3
Kreisklinik Ottobeuren,Ottobeuren,internistischen und geriatrischen Stationen,2612,pflegefachkraft,,,unklar,,vollzeit_teilzeit,"Eine abgeschlossene Ausbildung als Pflegefachkraft, Gesundheits- und Krankenpfleger:in oder Altenpfleger:in | Freude an der Arbeit mit Patient:innen mit internistischen und geriatrischen Erkrankungen | Verantwortungsbewusstsein, Empathie und Teamgeist",,4,Ort der Stelle nicht belegt,https://karriere-im.klinikverbund-allgaeu.de/karriere-detail/Ottobeuren/Pflegefachkraft--Gesundheits--und-Krankenpflegerin-mwd/2612?cHash=37815cb736b43797f2cf05262e36feab
Kreisklinik Ottobeuren,Ottobeuren,internistische und geriatrische Stationen,Pflegefachkraft / Gesundheits- und Krankenpflegerin (m/w/d),pflegefachkraft,,,nein,,Vollzeit; Teilzeit,"Eine abgeschlossene Ausbildung als Pflegefachkraft, Gesundheits- und Krankenpfleger:in oder Altenpfleger:in",,2,Zuordnung aus dem vorherigen Lauf übernommen; Ort der Stelle nicht belegt; keine Belegzitate,https://karriere-im.klinikverbund-allgaeu.de/karriere-detail/Ottobeuren/Pflegefachkraft--Gesundheits--und-Krankenpflegerin-mwd/2612
Kreisklinik Ottobeuren,Ottobeuren,Diabetesberatung,Pflegefachkraft / Gesundheits- und Krankenpflegerin (m/w/d) mit Weiterbildung zur Diabetesberaterin DDG oder Diabetesberaterin DDG (m/w/d),fachweiterbildung,,Vergütung nach TVÖ-D,nein,,Teilzeit,Pflegefachkraft bzw. Gesundheits- und Krankenpfleger (m/w/d) mit abgeschlossener Weiterbildung zur Diabetesberaterin DDG,Weiterbildung zur Diabetesberaterin DDG bzw. zum Diabetesberater DDG oder vergleichbare Qualifikation,3,Zuordnung aus dem vorherigen Lauf übernommen; Ort der Stelle nicht belegt,https://karriere-im.klinikverbund-allgaeu.de/karriere-detail/Mindelheim-Ottobeuren/Pflegefachkraft--Gesundheits--und-Krankenpflegerin-mwd-mit-Weiterbildung-zur-Diabetesberaterin-DDG-oder-Diabetesberaterin-DDG-mwd/2543
Kreisklinik Roth,Roth,Notaufnahme,Pflegefachkraft für den Bereich Notaufnahme (m/w/d),pflegefachkraft,,Leistungsgerechte Vergütung nach TVöD-K mit arbeitgeberfinanzierter betrieblicher Altersversorgung,nein,,"Vollzeit, Teilzeit; unbefristet",Abgeschlossene dreijährige Ausbildung in der Pflege | Berufliche Erfahrung in der Notaufnahme,Berufliche Erfahrung in der Notaufnahme,4,Zuordnung aus dem vorherigen Lauf übernommen,https://karriere.kreisklinik-roth.de/jobposting/c04fcd0986396582d3a135989f6ea11e745f5e2b0
Kreisklinik Trostberg,Trostberg,Operationsdienst,Operationstechnische Assistenz (OTA) / Pflegefachkraft im Operationsdienst / Medizinischer Fachangestellter mit OP-Erfahrung (w/m/d),ota_ata,,Attraktive Vergütung nach TVöD inkl. Weihnachtsgeld und Jahressonderzahlung,nein,,Voll- oder Teilzeit,Abgeschlossene Ausbildung als Medizinischer Fachangestellter / Operationstechnischer Assistent / Gesundheits- und Krankenpfleger (w/m/d),Erfahrung im Operationsdienst,4,Zuordnung aus dem vorherigen Lauf übernommen,https://jobs.kliniken-suedostbayern.de/Operationstechnische-Assistenz-OTA-Pflegefachkraft-im-Oper-de-j1957.html
Kreisklinik Trostberg,Trostberg,Innere Medizin,Pflegefachkraft (w/m/d) Innere Medizin,pflegefachkraft,,Attraktive Vergütung nach TVöD,nein,,Voll- oder Teilzeit (mind. 10 Std./Wo.),"Abgeschlossene Ausbildung in der Gesundheits- und Krankenpflege, Altenpflege oder als Pflegefachhelfer (w/m/d)",,4,Zuordnung aus dem vorherigen Lauf übernommen,https://jobs.kliniken-suedostbayern.de/Pflegefachkraft-wmd-Innere-Medizin-de-j2354.html
Kreisklinik Wertingen,Wertingen,OP,Operationstechnische Assistenz / Pflegepersonal (m/w/d) für den OP,ota_ata,,Eine der Position entsprechende Vergütung gemäß TVöD/VKA,unklar,,vollzeit_teilzeit,"Eine abgeschlossene Ausbildung zur Operationstechnischen Assistenz (m/w/d) | Eine abgeschlossene Ausbildung zum Gesundheits- und Krankenpfleger (m/w/d) mit abgeschlossener Fachweiterbildung im Operationsdienst oder alternativ die Bereitschaft, diese zu absolvieren | Die Bereitschaft zur Teilnahme zum Ruf- und Bereitschaftsdienst | Eine aufgeschlossene, freundliche und engagierte Persönlichkeit | Teamfähigkeit und Flexibilität zur Erledigung von Aufgaben verschiedener Dringlichkeitsgrade und Komplexität",,3,"Klinik über Stadt, nicht über Portal; Ort der Stelle nicht belegt",https://www.khdw.de/stellenangebote/operationstechnische-assistenz-pflegepersonal-m-w-d-fuer-den-op/
Kreisklinik Wertingen,Wertingen,,Pflegefachhelfer (m/w/d),hilfskraft,,Eine Position entsprechende Vergütung gemäß TVöD/VKA,unklar,,vollzeit_teilzeit,"Abgeschlossene einjährige Ausbildung als staatlich geprüfter Pflegefachhelfer/Altenpflegehelfer | Erste Berufserfahrung wünschenswert | Freude an der Arbeit mit pflegebedürftigen Menschen | Teamfähigkeit, Empathie, Verantwortungsbewusstsein, Flexibilität",,3,"Klinik über Stadt, nicht über Portal; Ort der Stelle nicht belegt",https://www.khdw.de/stellenangebote/pflegefachhelfer-m-w-d/
Kreisklinik Wertingen,Wertingen,Bettenstationen,Pflegefachkraft (m/w/d) für den Standort Dillingen,pflegefachkraft,,"Attraktive Vergütung nach TVöD-VKA, Entgeltgruppe 7 bis 8, mit stufengerechter Eingruppierung entsprechend der einschlägigen Berufserfahrung",unklar,,vollzeit_teilzeit,"Eine abgeschlossene Ausbildung zur Pflegefachkraft (m/w/d) | Eine engagierte Persönlichkeit mit sozialer Kompetenz | Kommunikative Kompetenz im Umgang mit Ansprechpartnern unterschiedlicher Berufsgruppen sowie mit Patienten, Angehörigen und Besuchern | Freude an Verantwortung für die fachgerechte Versorgung der Patienten Ihrer Fachrichtungen | Die Bereitschaft zur Teilnahme an internen und externen Fort- und Weiterbildungen | Sicherer Umgang mit dem PC",,3,"Klinik über Stadt, nicht über Portal; Ort der Stelle nicht belegt",https://www.khdw.de/stellenangebote/pflegefachkraft-m-w-d-fuer-den-standort-dillingen/
Kreisklinik Wertingen,Wertingen,Bettenstationen,Pflegefachkraft (m/w/d) für den Standort Wertingen,pflegefachkraft,,"Attraktive Vergütung nach TVöD-VKA, Entgeltgruppe 7 bis 8, mit stufengerechter Eingruppierung entsprechend der einschlägigen Berufserfahrung",unklar,,vollzeit_teilzeit,"Eine abgeschlossene Ausbildung zur Pflegefachkraft (m/w/d) | Eine engagierte Persönlichkeit mit sozialer Kompetenz | Kommunikative Kompetenz im Umgang mit Ansprechpartnern unterschiedlicher Berufsgruppen sowie mit Patienten, Angehörigen und Besuchern | Freude an Verantwortung für die fachgerechte Versorgung der Patienten Ihrer Fachrichtungen | Die Bereitschaft zur Teilnahme an internen und externen Fort- und Weiterbildungen | Sicherer Umgang mit dem PC",,4,Ort der Stelle nicht belegt,https://www.khdw.de/stellenangebote/pflegefachkraft-m-w-d-fuer-den-standort-wertingen/
Kreisklinik Wertingen,Wertingen,Anästhesie,Pflegefachkraft (m/w/d) für die Anästhesie,pflegefachkraft,,Eine der Position entsprechende Vergütung gemäß TVöD,unklar,,vollzeit_teilzeit,"Eine abgeschlossene Ausbildung zur Pflegefachkraft (m/w/d) | Eine engagierte Persönlichkeit mit sozialer Kompetenz | Kommunikative Kompetenz im Umgang mit Ansprechpartnern unterschiedlicher Berufsgruppen sowie mit Patienten, Angehörigen und Besuchern | Freude an Verantwortung für die fachgerechte Versorgung der Patienten Ihrer Fachrichtungen | Die Bereitschaft zur Teilnahme an internen und externen Fort- und Weiterbildungen | Sicherer Umgang mit dem PC",,3,"Klinik über Stadt, nicht über Portal; Ort der Stelle nicht belegt",https://www.khdw.de/stellenangebote/pflegefachkraft-m-w-d-fuer-die-anaesthesie/
Kreisklinik Wertingen,Wertingen,Geriatrie,Pflegefachkraft (m/w/d) für die Geriatrie,pflegefachkraft,,Attraktive Vergütung nach den Tarifen des öffentlichen Dienstes (TVöD),unklar,,vollzeit_teilzeit,"Abgeschlossene Ausbildung als Pflegefachkraft (examinierte/r Altenpfleger/in, Gesundheits- und Krankenpfleger/in oder Pflegefachkraft mit entsprechendem Abschluss) | Berufserfahrung in der Geriatrie oder in der Altenpflege von Vorteil | Einfühlungsvermögen und Sensibilität im Umgang mit älteren Menschen | Teamfähigkeit und Engagement | Bereitschaft zur kontinuierlichen Fort- und Weiterbildung | Sicherer Umgang mit modernen Pflegekonzepten und EDV-Anwendungen",Berufserfahrung in der Geriatrie oder in der Altenpflege von Vorteil,3,"Klinik über Stadt, nicht über Portal; Ort der Stelle nicht belegt",https://www.khdw.de/stellenangebote/pflegefachkraft-m-w-d-fuer-die-geriatrie/
Kreisklinik Wertingen,Wertingen,Zentrale Notaufnahme,Pflegefachkraft (m/w/d) für die Zentrale Notaufnahme,fachweiterbildung,,Eine der Position entsprechende Vergütung gemäß TVöD/VKA,unklar,,vollzeit_teilzeit,"Abgeschlossene Ausbildung als Pflegefachkraft / GKP / examinierter Krankenpflegerin/ Krankenpfleger | Idealerweise Fachweiterbildung Notfallpflege | Gute Kenntnisse der Abläufe in der Notaufnahme sowie im Triage-System (ESI) | Sicherer Umgang mit IT‑Anwendungen | Ausgeprägte soziale und kommunikative Kompetenz im Umgang mit Patient*innen, Angehörigen und verschiedenen Berufsgruppen | Verantwortungsbewusstsein für eine fachgerechte, patientenorientierte Versorgung | Bereitschaft zu kontinuierlicher Fort- und Weiterbildung | Zuverlässiger Umgang mit Datenschutz, Schweigepflicht und Hygienevorschriften",,3,"Klinik über Stadt, nicht über Portal; Ort der Stelle nicht belegt",https://www.khdw.de/stellenangebote/pflegefachkraft-m-w-d-fuer-die-zentrale-notaufnahme/
Kreisklinik Wertingen,Wertingen,Flexteam,Pflegefachkraft (m/w/d) für unser Flexteam,pflegefachkraft,,"Attraktive Vergütung nach TVöD-VKA, Entgeltgruppe 7, mit stufengerechter Eingruppierung entsprechend der einschlägigen Berufserfahrung",unklar,,vollzeit_teilzeit,"Eine abgeschlossene Ausbildung zur/zum Pflegefachkraft (m/w/d), Gesundheits- und Krankenpfleger (m/w/d) oder Kinderkrankenpfleger (m/w/d) | Erfahrung im Umgang mit Wöchnerinnen, Stillberatung und Betreuung Neugeborener wäre wünschenswert | Fach- und Sozialkompetenz, verbunden mit prozessorientiertem Denken | Die Bereitschaft zur Teilnahme an internen und externen Fort- und Weiterbildungen | Bereitschaft zur Teilnahme am Schichtdienst | Teamfähigkeit, Belastbarkeit, Organisationstalent, Einfühlungsvermögen und Diskretion",,3,"Klinik über Stadt, nicht über Portal; Ort der Stelle nicht belegt",https://www.khdw.de/stellenangebote/pflegefachkraft-m-w-d-fuer-unser-flexteam/
Kreisklinik Wörth an der Donau,Wörth an der Donau,Zentrale Notaufnahme,Gesundheits- und Krankenpfleger oder Pflegefachmann/-frau (m/w/d) für die Zentrale Notaufnahme,pflegefachkraft,,,nein,,,Abgeschlossene Berufsausbildung zum Gesundheits- und Krankenpfleger oder Pflegefachmann/-frau,"Abgeschlossene Zusatzqualifikation ""Notfallpflege"" wünschenswert",2,"Zuordnung aus dem vorherigen Lauf übernommen; Ort der Stelle nicht belegt; keine Belegzitate · pay_text auf der Seite nicht gefunden, geleert",https://www.kreisklinik-woerth.de/stellenangebote/
Kreiskrankenhaus Höchstadt,Höchstadt an der Aisch,interdisziplinäre Intensivstation,Pflegefachkraft,pflegefachkraft,,Eine Vergütung nach TVöD-K und alle Sozialleistungen des öffentlichen Dienstes,unklar,,vollzeit,"Eine abgeschlossene Ausbildung zur Gesundheits- und Krankenpfleger (m/w/d) bzw. als Pflegefachkraft (m/w/d) | Fachweiterbildung Intensiv- und Anästhesiepflege (DKG) | mehrjährige Berufserfahrung in der Intensivmedizin sind wünschenswert | Bereitschaft zur Teilnahme an Fort- und Weiterbildungen | Verantwortungsvolles und selbstständiges Arbeiten, sowie kundenorientiertes Auftreten | Spaß an der kollegialen Zusammenarbeit",mehrjährige Berufserfahrung in der Intensivmedizin sind wünschenswert,3,"einzige Klinik am Portal, Ort der Anzeige unbekannt; Ort der Stelle nicht belegt",https://www.team-anna.de/stellenboerse/pflegefachkraft-intensiv/
Kreiskrankenhaus Höchstadt,Höchstadt an der Aisch,interdisziplinäre Station,Pflegefachkraft (m/w/d) Station mit Schwerpunkt Chirurgie,pflegefachkraft,,Eine Vergütung nach TVöD-K und alle Sozialleistungen des öffentlichen Dienstes,unklar,,vollzeit_teilzeit,"Abgeschlossene Ausbildung zum Gesundheits- und Krankenpfleger (m/w/d), als Pflegefachkraft (m/w/d) oder Krankenschwester (m/w/d) | Berufserfahrung im klinischen Umfeld wünschenswert | Verantwortungsvolles und selbstständiges Arbeiten | Spaß an der kollegialen Zusammenarbeit | Einfühlungsvermögen und Kommunikationsfähigkeit im Umgang mit Patienten und Angehörigen | Bereitschaft zur Teilnahme an Fort- und Weiterbildungen",Berufserfahrung im klinischen Umfeld wünschenswert,3,"einzige Klinik am Portal, Ort der Anzeige unbekannt; Ort der Stelle nicht belegt",https://www.team-anna.de/stellenboerse/pflegefachkraft-interdisziplinaere-station/
Kreiskrankenhaus Höchstadt,Höchstadt an der Aisch,Innere Station,Pflegefachkraft (m/w/d) Station mit Schwerpunkt Innere Medizin,pflegefachkraft,,Eine Vergütung nach TVöD-K und alle Sozialleistungen des öffentlichen Dienstes,unklar,,vollzeit_teilzeit,"Abgeschlossene Ausbildung zum Gesundheits- und Krankenpfleger (m/w/d), als Pflegefachkraft (m/w/d) oder Krankenschwester (m/w/d) | Berufserfahrung im klinischen Umfeld wünschenswert | Verantwortungsvolles und selbstständiges Arbeiten | Spaß an der kollegialen Zusammenarbeit | Einfühlungsvermögen und Kommunikationsfähigkeit im Umgang mit Patienten und Angehörigen | Bereitschaft zur Teilnahme an Fort- und Weiterbildungen",Berufserfahrung im klinischen Umfeld wünschenswert,3,"einzige Klinik am Portal, Ort der Anzeige unbekannt; Ort der Stelle nicht belegt",https://www.team-anna.de/stellenboerse/pflegefachkraft-innere-station/
Kreiskrankenhaus Höchstadt,Höchstadt an der Aisch,Zentrale Notaufnahme,Pflegefachkraft Notaufnahme,pflegefachkraft,,Eine Vergütung nach TVöD-K und alle Sozialleistungen des öffentlichen Dienstes,unklar,,vollzeit_teilzeit,"Abgeschlossene Ausbildung zur Gesundheits- und Krankenpflegerin bzw. -pfleger, Pflegefachkraft oder Notfallpflegefachkraft | Berufserfahrung im klinischen Alltag bevorzugt im Bereich einer Zentralen Notaufnahme | Bereitschaft zur Teilnahme an Fort- und Weiterbildungen | Verantwortungsvolles und selbstständiges Arbeiten | kundenorientiertes Auftreten | Spaß an der kollegialen Zusammenarbeit",Berufserfahrung im klinischen Alltag bevorzugt im Bereich einer Zentralen Notaufnahme,3,"einzige Klinik am Portal, Ort der Anzeige unbekannt; Ort der Stelle nicht belegt",https://www.team-anna.de/stellenboerse/pflegefachkraft-notaufnahme/
LMU Klinikum (Campus Großhadern),München,Psychiatrie & Psychosomatik (stationär),Altenpfleger (m/w/d) Psychiatrie & Psychosomatik in Garmisch-Partenkirchen,pflegefachkraft,P8,TVöD-K bis EG P8/P9,unklar,,"Teil- oder Vollzeit (bis 38,5 h/Woche)","Abgeschlossene Ausbildung als Pflegefachfrau/Pflegefachmann, Gesundheits- und Krankenpfleger/in, Altenpfleger/in oder Heilerziehungspfleger/in (m/w/d)",Idealerweise Fachweiterbildung im Bereich Psychiatrie,4,Klinik nach Anzeigenort korrigiert,https://kbo.de/karriere/jobs/22-13b-ap-gap-altenpfleger-m-w-d-psychiatrie-psychosomatik-in-garmisch-partenkirchen
LMU Klinikum (Campus Großhadern),München,Psychiatrische Institutsambulanz,Fachgesundheits- und Krankenpfleger Psychiatrie (m/w/d) Institutsambulanz in Garmisch- Partenkirchen,fachweiterbildung,P8,,unklar,,Vollzeit oder Teilzeit,Pflegefachkraft bzw. Gesundheits- und Krankenpfleger (m/w/d) mit Fachweiterbildung Psychiatrie (abgeschlossen/laufend) oder Bachelor mit Schwerpunkt psychiatrische Pflege,Fachweiterbildung Psychiatrie; Berufserfahrung in der psychiatrischen oder psychosomatischen Pflege,4,"Klinik nach Anzeigenort korrigiert · pay_text auf der Seite nicht gefunden, geleert",https://kbo.de/karriere/jobs/25-36-pfk-ambulanz-gap-fachgesundheits-und-krankenpfleger-psychiatrie-m-w-d-institutsambulanz-in-garmisch-partenkirchen
LMU Klinikum (Campus Großhadern),München,Psychiatrie und Psychosomatik,Gesundheits- und Krankenpfleger (m/w/d) Psychiatrie/Psychosomatik in Landsberg am Lech,pflegefachkraft,P8,,ja,Wohnungssuche und Kinderbetreuung,"Teil- oder Vollzeit (bis 38,5 Wochenstunden)","Abgeschlossene Ausbildung als exam. Pflegefachmann/-frau, Gesundheits- und Krankenpfleger, Altenpfleger oder Heilerziehungspfleger",,4,"Klinik nach Anzeigenort korrigiert · pay_text auf der Seite nicht gefunden, geleert",https://kbo.de/karriere/jobs/22-14-gukp-ll-gesundheits-und-krankenpfleger-m-w-d-psychiatrie-psychosomatik-in-landsberg-am-lech
LMU Klinikum (Campus Großhadern),München,Psychiatrische Akutstation,Gesundheits- und Krankenpfleger (m/w/d) Psychiatrische Akutstation in Agatharied,pflegefachkraft,P8/P9,Bewertung TVöD-K bis P8/P9 (gem. persönlicher Qualifikation),ja,Unterstützung in persönlichen Lebenssituationen wie Wohnungssuche und Kinderbetreuung,Voll- oder Teilzeit,"Abgeschlossene Ausbildung als exam. Gesundheits- und Krankenpfleger, Altenpfleger oder Heilerziehungspfleger (m/w/d)","Fachweiterbildung Psychiatrie, Psychosomatik und Psychotherapie wünschenswert, jedoch keine Voraussetzung",4,Klinik nach Anzeigenort korrigiert,https://kbo.de/karriere/jobs/24-01-gukp-auf-aga-gesundheits-und-krankenpfleger-m-w-d-psychiatrische-akutstation-in-agatharied
LMU Klinikum (Campus Großhadern),München,Psychiatrie und Psychosomatik (stationär),Gesundheits- und Krankenpfleger (m/w/d) Psychiatrische und Psychosomatische Pflege in Agatharied,pflegefachkraft,P8/P9,Bewertung TVöD-K bis P8/P9 (gem. persönlicher Qualifikation),ja,Unterstützung in persönlichen Lebenssituationen wie Wohnungssuche und Kinderbetreuung,Voll- oder Teilzeit,"Abgeschlossene Ausbildung als Pflegefachfrau/Pflegefachmann, Gesundheits- und Krankenpfleger/in, Altenpfleger/in oder Heilerziehungspfleger/in (m/w/d)",Idealerweise Fachweiterbildung im Bereich Psychiatrie oder vergleichbare Qualifikation,4,Klinik nach Anzeigenort korrigiert,https://kbo.de/karriere/jobs/22-11a-gukp-gesundheits-und-krankenpfleger-m-w-d-psychiatrische-und-psychosomatische-pflege-in-agatharied
LMU Klinikum (Campus Großhadern),München,Stationsäquivalente Behandlung (StäB),Gesundheits- und Krankenpfleger (m/w/d) Stationsäquivalente Behandlung in Garmisch-Partenkirchen,pflegefachkraft,P8,attraktive Vergütung nach TVöD-K (EG P8 bis EG P9),unklar,,Teilzeit; Vollzeit,"Abgeschlossene Ausbildung als Pflegefachmann/Pflegefachfrau, Gesundheits- und Krankenpfleger, Krankenschwester/Krankenpfleger oder als Altenpfleger (m/w/d) mit psychiatrischer Berufserfahrung | Führerschein Klasse B","psychiatrische Berufserfahrung; Fachweiterbildung Psychiatrie/Psychosomatik idealerweise, keine Voraussetzung",4,Klinik nach Anzeigenort korrigiert,https://kbo.de/karriere/jobs/26-03-gukp-staeb-gap-gesundheits-und-krankenpfleger-m-w-d-stationsaequivalente-behandlung-in-garmisch-partenkirchen
LMU Klinikum (Campus Großhadern),München,Stationsäquivalente Behandlung (StäB),Gesundheits- und Krankenpfleger f. Psychiatrie (m/w/d) Stationsäquivalente Behandlung in Landsberg am Lech,pflegefachkraft,P8,,ja,"Wir unterstützen Sie auch bei persönlichen Anliegen, wie Wohnungssuche und Kinderbetreuung","Teilzeit, Vollzeit, unbefristet","Abgeschlossene Ausbildung Pflegefachmann/-frau, Gesundheits- und Krankenpfleger oder Altenpfleger mit fundierter psychiatrischer Berufserfahrung | Führerschein Klasse B",fundierte psychiatrische Berufserfahrung,4,"Klinik nach Anzeigenort korrigiert · pay_text auf der Seite nicht gefunden, geleert",https://kbo.de/karriere/jobs/25-44-gukp-staeb-ll-gesundheits-und-krankenpfleger-f-psychiatrie-m-w-d-stationsaequivalente-behandlung-in-landsberg-am-lech
LMU Klinikum (Campus Großhadern),München,,Initiativbewerbung als Pflegefachkraft (m/w/d),pflegefachkraft,,Die Vergütung richtet sich nach dem Tarifvertrag für den Öffentlichen Dienst der Länder (TV-L) zuzüglich aller im Öffentlichen Dienst üblichen Zulagen.,ja,Personalwohnraum (soweit verfügbar),vollzeit_teilzeit,,,3,"einzige Klinik am Portal, Ort der Anzeige unbekannt; Ort der Stelle nicht belegt",https://lmu-klinikum.de/stellenanzeigen/initiativbewerbung-als-pflegefachkraft/920e6ee5fc841bc6
LMU Klinikum (Campus Großhadern),München,Psychiatrie & Psychosomatik (stationär),Pflegefachkraft (m/w/d) Psychiatrie & Psychosomatik in Garmisch-Partenkirchen,pflegefachkraft,P8,TVöD-K bis EG P8/P9 (gem. persönlicher Qualifikation),unklar,,"Teil- oder Vollzeit (bis 38,5 h/Woche)","Abgeschlossene Ausbildung als Pflegefachfrau/Pflegefachmann, Gesundheits- und Krankenpfleger/in, Altenpfleger/in oder Heilerziehungspfleger/in (m/w/d)",Idealerweise Fachweiterbildung im Bereich Psychiatrie,4,Klinik nach Anzeigenort korrigiert,https://kbo.de/karriere/jobs/24-24-pfk-gap-pflegefachkraft-m-w-d-psychiatrie-psychosomatik-in-garmisch-partenkirchen
LMU Klinikum (Campus Großhadern),München,Psychiatrie und Psychosomatik,Pflegefachkraft (m/w/d) Psychiatrie/Psychosomatik in Landsberg am Lech,pflegefachkraft,P8,,ja,Unterstützung in persönlichen Lebenssituationen wie Wohnungssuche und Kinderbetreuung,"Vollzeit, Teilzeit, unbefristet","Abgeschlossene Ausbildung als exam. Pflegefachmann/-frau, Gesundheits- und Krankenpfleger, Altenpfleger oder Heilerziehungspfleger",,4,"Klinik nach Anzeigenort korrigiert · pay_text auf der Seite nicht gefunden, geleert",https://kbo.de/karriere/jobs/22-14-pfk-ll-pflegefachkraft-m-w-d-psychiatrie-psychosomatik-in-landsberg-am-lech
LMU Klinikum (Campus Großhadern),München,EKT-Behandlungseinheit der Psychiatrie (Elektrokonvulsionstherapie),Pflegefachkraft / Medizinische Fachangestellte / Notfallsanitäter (m/w/d) EKT-Behandlungseinheit der Psychiatrie,pflegefachkraft,,,ja,"Wir unterstützen Sie auch bei persönlichen Anliegen, wie Wohnungssuche und Kinderbetreuung",Vollzeit oder Teilzeit (mind. 25 WStd.),"Abgeschlossene Ausbildung als Medizinische Fachangestellte, Pflegefachkraft oder Notfallsanitäter (m/w/d)",,4,"Klinik nach Anzeigenort korrigiert · pay_text auf der Seite nicht gefunden, geleert",https://kbo.de/karriere/jobs/26-23-gukp-mfa-pfk-ekt-pflegefachkraft-oder-medizinische-fachangestellte-m-w-d-ekt-behandlungseinheit-der-psychiatrie
LMU Klinikum (Campus Großhadern),München,Nachtdienst (stationsübergreifend),Pflegefachkraft als Dauernachtwache mit Schwerpunkt Pausenablösung (m/w/d) in Agatharied,pflegefachkraft,,Bewertung TVöD-K (EG P8 bis EG P9),ja,"Wir unterstützen Sie auch bei privaten Anliegen, wie Wohnungssuche und Kinderbetreuung",Voll- oder Teilzeit,"Abgeschlossene Ausbildung als Pflegefachkraft, Gesundheits- und Krankenpfleger, Altenpfleger oder Heilerziehungspfleger (m/w/d)","Berufserfahrung im Fachgebiet Psychiatrie, Psychosomatik oder in einem verwandten Bereich von Vorteil",4,"Klinik nach Anzeigenort korrigiert · pay_grade auf der Seite nicht gefunden, geleert",https://kbo.de/karriere/jobs/26-17-pfk-dn-aga-pflegefachkraft-als-dauernachtwache-mit-schwerpunkt-pausenabloesung-m-w-d-in-agatharied
LMU Klinikum (Campus Großhadern),München,,Pflegefachkraft als Dauernachtwache mit Schwerpunkt Pausenablösung (m/w/d) in Garmisch-Partenkirchen,pflegefachkraft,P8,TVöD-K (EG P8 bis EG P9),ja,"Wir unterstützen Sie auch bei privaten Anliegen, wie Wohnungssuche und Kinderbetreuung",Voll- oder Teilzeit,"Abgeschlossene Ausbildung als Pflegefachkraft, Gesundheits- und Krankenpfleger, Altenpfleger oder Heilerziehungspfleger (m/w/d)","Berufserfahrung im Fachgebiet Psychiatrie, Psychosomatik oder in einem verwandten Bereich von Vorteil",4,Klinik nach Anzeigenort korrigiert,https://kbo.de/karriere/jobs/26-19-pfk-dn-gap-pflegefachkraft-als-dauernachtwache-mit-schwerpunkt-pausenabloesung-m-w-d-in-garmisch-partenkirchen
LMU Klinikum (Campus Großhadern),München,"Neurologische Klinik, Intensivstation I2 (Intensiv-Pflege und IMC)",Pflegefachkraft für die neurologische Intensivstation I2  (m/w/d),pflegefachkraft,,Die Vergütung richtet sich nach dem Tarifvertrag für den Öffentlichen Dienst der Länder (TV-L) zuzüglich aller im Öffentlichen Dienst üblichen Zulagen,ja,Personalwohnraum (soweit verfügbar),Vollzeit/Teilzeit,"3-jährige abgeschlossene Ausbildung zur Pflegefachkraft, bei ausländischem Examen deutsche Anerkennung | Deutsch mindestens Niveau B2","Fachweiterbildung für Intensivpflege und Anästhesie ist von Vorteil, alternativ Bereitschaft diese zu absolvieren",3,Zuordnung aus dem vorherigen Lauf übernommen; Ort der Stelle nicht belegt,https://www.lmu-klinikum.de/stellenanzeigen/pflegefachkraft-fur-die-neurologische-intensivstation-i2/df2fc39103a036cd
LMU Klinikum (Campus Großhadern),München,Pädiatrische Intensivstation KIIKIPS (Kinderkrankenpflege),Pflegefachkraft für die pädiatrische Intensivstation KIPS  (m/w/d),pflegefachkraft,,Die Vergütung richtet sich nach dem Tarifvertrag für den Öffentlichen Dienst der Länder (TV-L) zuzüglich aller im Öffentlichen Dienst üblichen Zulagen,ja,Personalwohnraum (soweit verfügbar),Vollzeit/Teilzeit,Abgeschlossene dreijährige Berufsausbildung zur Pflegefachkraft | Deutsch mindestens Niveau B2,,3,Zuordnung aus dem vorherigen Lauf übernommen; Ort der Stelle nicht belegt,https://www.lmu-klinikum.de/stellenanzeigen/pflegefachkraft-fur-die-padiatrische-intensivstation-kips/48b504d9b1f7fa4e
LMU Klinikum (Campus Großhadern),München,"Klinik und Poliklinik für Psychiatrie und Psychotherapie, Station C4",Pflegefachkraft oder Altenpfleger für die Psychiatrie und Psychotherapie C4  (m/w/d),pflegefachkraft,,Die Vergütung richtet sich nach dem Tarifvertrag für den Öffentlichen Dienst der Länder (TV-L) zuzüglich aller im Öffentlichen Dienst üblichen Zulagen,ja,Personalwohnraum (soweit verfügbar),Vollzeit/Teilzeit,abgeschlossene dreijährige Ausbildung als Pflegefachkraft oder Altenpfleger (bei ausländischem Examen mit deutscher Anerkennung) | Deutsch mindestens Niveau B2,Vorerfahrung in der Psychiatrie sind von Vorteil,3,Zuordnung aus dem vorherigen Lauf übernommen; Ort der Stelle nicht belegt,https://www.lmu-klinikum.de/stellenanzeigen/pflegefachkraft-oder-altenpfleger-fur-die-psychiatrie-und-psychotherapie-c4/0f2c883436eb2c50
LMU Klinikum (Campus Großhadern),München,"Anästhesiepflege, Campus Innenstadt (Anästhesie-Pflege und ATA)","Pflegefachkraft, ATA oder Pflegefachkraft für die Anästhesie und Intensivpflege (m/w/d)",pflegefachkraft,,Die Vergütung richtet sich nach dem Tarifvertrag für den Öffentlichen Dienst der Länder (TV-L) zuzüglich aller im Öffentlichen Dienst üblichen Zulagen,ja,Personalwohnraum (soweit verfügbar),Vollzeit/Teilzeit,Abgeschlossene dreijährige Berufsausbildung zur Pflegefachkraft oder Anästhesietechnische Assistenz | bei ausländischem Abschluss deutsche Anerkennung | Deutsch mindestens B2,"Eine Fachweiterbildung in Anästhesie- und Intensivpflege ist wünschenswert, jedoch keine Voraussetzung",3,Zuordnung aus dem vorherigen Lauf übernommen; Ort der Stelle nicht belegt,https://www.lmu-klinikum.de/stellenanzeigen/pflegefachkraft-ata-oder-pflegefachkraft-fur-die-anasthesie-und-intensivpflege/3f69b4a46053f9fa
LMU Klinikum (Campus Großhadern),München,"Ambulantes OP-Zentrum, OP-Pflege und OTA","Pflegefachkraft, OTA oder Fachpflegekraft für das Ambulante OP-Zentrum  (m/w/d)",pflegefachkraft,,Die Vergütung richtet sich nach dem Tarifvertrag für den Öffentlichen Dienst der Länder (TV-L) zuzüglich aller im Öffentlichen Dienst üblichen Zulagen,ja,Personalwohnraum (soweit verfügbar),Vollzeit/Teilzeit,abgeschlossene dreijährige Ausbildung als Pflegefachkraft oder OTA oder Weiterbildung zur Fachpflegekraft für den Operationsdienst | mindestens Sprachniveau B2,,3,Zuordnung aus dem vorherigen Lauf übernommen; Ort der Stelle nicht belegt,https://www.lmu-klinikum.de/stellenanzeigen/pflegefachkraft-ota-oder-fachpflegekraft-fur-das-ambulante-op-zentrum/ad6fc35c9e103197
LMU Klinikum (Standort Innenstadt),München,Augenklinik Allgemeinstation,Pflegefachkraft für die Augenklinik Allgemeinstation (m/w/d),pflegefachkraft,,Die Vergütung richtet sich nach dem Tarifvertrag für den Öffentlichen Dienst der Länder (TV-L) zuzüglich aller im Öffentlichen Dienst üblichen Zulagen,ja,Personalwohnraum (soweit verfügbar),Vollzeit/Teilzeit,Abgeschlossene dreijährige Berufsausbildung zur Pflegefachkraft | Deutsch mindestens B2 mit Sprachzertifikat,,3,Zuordnung aus dem vorherigen Lauf übernommen; Ort der Stelle nicht belegt,https://www.lmu-klinikum.de/stellenanzeigen/pflegefachkraft-fur-die-augenklinik-allgemeinstation/6f18c315543b0bf2
LMU Klinikum (Standort Innenstadt),München,Interdisziplinäre Wahlleistungsstation IBIS1B,Pflegefachkraft für die Interdisziplinäre Wahlleistungsstation IBIS1B (m/w/d),pflegefachkraft,,Die Vergütung richtet sich nach dem Tarifvertrag für den Öffentlichen Dienst der Länder (TV-L) zuzüglich aller im Öffentlichen Dienst üblichen Zulagen,ja,Personalwohnraum (soweit verfügbar),Vollzeit/Teilzeit,Abgeschlossene Ausbildung zur Pflegefachkraft | Deutsch mindestens B2 mit Sprachzertifikat,,3,Zuordnung aus dem vorherigen Lauf übernommen; Ort der Stelle nicht belegt,https://www.lmu-klinikum.de/stellenanzeigen/pflegefachkraft-fur-die-interdisziplinare-wahlleistungsstation-ibis1b/d8b73c2e09db84ca
LMU Klinikum (Standort Innenstadt),München,OP Klinikum Innenstadt,"Pflegefachkraft, OTA oder Fachpflegekraft für den OP Klinikum Innenstadt (m/w/d)",ota_ata,,Die Vergütung richtet sich nach dem Tarifvertrag für den Öffentlichen Dienst der Länder (TV-L) zuzüglich aller im Öffentlichen Dienst üblichen Zulagen,ja,Personalwohnraum (soweit verfügbar),Vollzeit/Teilzeit,Abgeschlossene dreijährige Ausbildung als Pflegefachkraft oder Operationstechnische/r Assistent/in (OTA) oder Weiterbildung zur Fachpflegekraft für den Operationsdienst | Deutsch mindestens B2,,3,Zuordnung aus dem vorherigen Lauf übernommen; Ort der Stelle nicht belegt,https://www.lmu-klinikum.de/stellenanzeigen/pflegefachkraft-ota-oder-fachpflegekraft-fur-den-op-klinikum-innenstadt/a2f5d84f24560132
Leopoldina-Krankenhaus,Schweinfurt,Intermediate Care Station (IMC),(Fach-) Gesundheits- und Krankenpfleger (m/w/d) IMC,pflegefachkraft,,Sichere Perspektive: Eine unbefristete Festanstellung mit leistungsgerechter Vergütung nach TVöD-K/VKA und betrieblicher Altersvorsorge bietet Ihnen langfristige Stabilität.,,,vollzeit_teilzeit,"Sie verfügen über eine abgeschlossene Ausbildung in der Gesundheits- und Krankenpflege | Sie besitzen die notwendigen Kenntnisse für die Arbeit auf einer IMC oder sind bereit diese zu erwerben | Sie besitzen Kommunikationsfähigkeit und Empathie gegenüber den Patienten und Angehörigen | Sie sind kreativ, engagiert und motiviert",,5,,https://leopoldina.softgarden.io/job/17478903/-Fach-Gesundheits-und-Krankenpfleger-m-w-d-IMC?jobDbPVId=280888193&l=de
Leopoldina-Krankenhaus,Schweinfurt,Medizinisch-Neurologische Intensivstation,(Fach-) Gesundheits- und Krankenpfleger (m/w/d) Medizinisch-Neurologische Intensivstation,fachweiterbildung,,Sichere Perspektive: Eine unbefristete Festanstellung mit leistungsgerechter Vergütung nach TVöD-K/VKA und betrieblicher Altersvorsorge bietet Ihnen langfristige Stabilität.,,,vollzeit_teilzeit,"Erfolgreich abgeschlossene Ausbildung in der Gesundheits- und Krankenpflege | Von Vorteil: erfolgreich abgeschlossene Weiterbildung für die Anästhesie und Intensivpflege | Bereitschaft zur kontinuierlichen Weiterbildung | Flexibilität in der Arbeitsorganisation | Fach- und Sozialkompetenz, Belastbarkeit | Konflikt- und Kritikfähigkeit sowie diplomatisches Geschick | Sicherer Umgang mit einem elektronischen Krankenhausinformationssystem",,5,,https://leopoldina.softgarden.io/job/17483493/-Fach-Gesundheits-und-Krankenpfleger-m-w-d-Medizinisch-Neurologische-Intensivstation?jobDbPVId=283749430&l=de
Leopoldina-Krankenhaus,Schweinfurt,Operative Intensivstation,(Fach-) Gesundheits- und Krankenpfleger (m/w/d) Operative Intensivstation,fachweiterbildung,,Sichere Perspektive: Eine unbefristete Festanstellung mit leistungsgerechter Vergütung nach TVöD-K/VKA und betrieblicher Altersvorsorge bietet Ihnen langfristige Stabilität.,,,vollzeit_teilzeit,"Erfolgreich abgeschlossene Ausbildung in der Gesundheits- und Krankenpflege | Von Vorteil: erfolgreich abgeschlossene Weiterbildung für die Anästhesie und Intensivpflege | Bereitschaft zur kontinuierlichen Weiterbildung | Flexibilität in der Arbeitsorganisation | Fach- und Sozialkompetenz, Belastbarkeit | Konflikt- und Kritikfähigkeit sowie diplomatisches Geschick | Sicherer Umgang mit einem elektronischen Krankenhausinformationssystem",,5,,https://leopoldina.softgarden.io/job/53507046/-Fach-Gesundheits-und-Krankenpfleger-m-w-d-Operative-Intensivstation?jobDbPVId=283749445&l=de
Leopoldina-Krankenhaus,Schweinfurt,,Bereichsleitung Pflege (m/w/d),leitung,,Leistungsgerechte Vergütung nach TVöD-K/VKA mit Betrieblicher Altersvorsorge,,,vollzeit,"Ausbildung zum Gesundheits- und Krankenpfleger (m/w/d) mit abgeschlossenem Studium im Bereich Pflegemanagement, Gesundheitsökonomie oder vergleichbarem | Berufs- und Führungserfahrung mit mind. 3-jähriger Erfahrung in einem Krankenhaus der Schwerpunkt/Maximalversorgung | Lösungsorientierte Persönlichkeit mit einem hohen Maß an Teamfähigkeit und Mitarbeiterorientierung | Durchsetzungsstärke, professionelle Kommunikations- und Organisationsfähigkeit | Flexibilität, Belastbarkeit und wirtschaftliche Arbeitsweise",Berufs- und Führungserfahrung mit mind. 3-jähriger Erfahrung in einem Krankenhaus der Schwerpunkt/Maximalversorgung,5,,https://leopoldina.softgarden.io/job/64865511/Bereichsleitung-Pflege-m-w-d-?jobDbPVId=278941733&l=de
Leopoldina-Krankenhaus,Schweinfurt,Berufsfachschule für Pflegeberufe,Berufspädagogische Lehrkraft (ATA) (m/w/d),unklar,,Vergütung: Eine leistungsgerechte Vergütung nach TVöD-K/VKA mit Betrieblicher Altersvorsorge.,,,teilzeit,"Fachliche Qualifikation: Eine erfolgreich abgeschlossene Ausbildung als Anästhesietechnischer Assistent (ATA) | Pädagogische Qualifikation: Ein abgeschlossenes Hochschulstudium (mindestens Bachelor) im Bereich Berufspädagogik mit mind. 20 ECTS im Bereich ATA Fachkunde | Entwicklungsbereitschaft: Sie haben das klare Ziel, ein aufbauendes Masterstudium zu absolvieren, oder befinden sich bereits darin. | Persönlichkeit: Sie haben Freude an der Wissensvermittlung, besitzen eine hohe soziale Kompetenz und können junge Menschen für den Beruf begeistern. | Arbeitsweise: Engagement, Teamfähigkeit und eine selbstständige, strukturierte Arbeitsweise zeichnen Sie aus.",,5,,https://leopoldina.softgarden.io/job/65161398/Berufsp%C3%A4dagogische-Lehrkraft-ATA-m-w-d-?jobDbPVId=283396225&l=de
Leopoldina-Krankenhaus,Schweinfurt,,Fachkräfte (m/w/d) für die Pflege,unklar,,Sichere Perspektive: Eine unbefristete Festanstellung mit leistungsgerechter Vergütung nach TVöD-K/VKA und betrieblicher Altersvorsorge bietet Ihnen langfristige Stabilität.,,,vollzeit_teilzeit,"Sie sind unsere erste Wahl, wenn Sie über eine abgeschlossene Ausbildung in einem Pflege- oder Gesundheitsberuf verfügen",,5,,https://leopoldina.softgarden.io/job/12869182/Fachkr%C3%A4fte-m-w-d-f%C3%BCr-die-Pflege?jobDbPVId=280322848&l=de
Leopoldina-Krankenhaus,Schweinfurt,"Kinder- und Jugendpsychiatrie, Psychosomatik und Psychotherapie","Gesundheits- und Kinderkrankenpfleger (m/w/d) - Kinder- und Jugendpsychiatrie, Psychosomatik und Psychotherapie",pflegefachkraft,,Eine leistungsgerechte Vergütung nach TVöD-K/VKA mit Betrieblicher Altersvorsorge,,,teilzeit,"Abgeschlossene Ausbildung in der Gesundheits- und Kinderkrankenpflege | Arbeit im 3-Schicht-System (inkl. Nacht- und Wochenenddienste und Rufdienst) | Motivation, Engagement sowie Teamfähigkeit | Bereitschaft zur Zusammenarbeit im interdisziplinären und interprofessionellen Team",,5,,"https://leopoldina.softgarden.io/job/12412937/Gesundheits-und-Kinderkrankenpfleger-m-w-d-Kinder-und-Jugendpsychiatrie,-Psychosomatik-und-Psychotherapie?jobDbPVId=279730348&l=de"
Leopoldina-Krankenhaus,Schweinfurt,Klinik für Kinder und Jugendliche,Gesundheits- und Kinderkrankenpfleger (m/w/d) - Klinik für Kinder und Jugendliche,pflegefachkraft,,Sichere Perspektive: Eine unbefristete Festanstellung mit leistungsgerechter Vergütung nach TVöD-K/VKA und betrieblicher Altersvorsorge bietet Ihnen langfristige Stabilität.,,,vollzeit_teilzeit,"Erfolgreich abgeschlossene Ausbildung in der Gesundheits-und Kinderkrankenpflege | Zuverlässigkeit und hohes Einfühlungsvermögen im Umgang mit unseren Patienten, deren Angehörigen und unter Kollegen | selbständige Arbeitsorganisation und -koordination | Qualitätsorientiertes Handeln im Sinne der medizinischen und pflegerischen Erfordernisse | Hohe Kommunikationsfähigkeit und engagierter Teamgeist | Bereitschaft zur kontinuierlichen Weiterbildung",,5,,https://leopoldina.softgarden.io/job/23423369/Gesundheits-und-Kinderkrankenpfleger-m-w-d-Klinik-f%C3%BCr-Kinder-und-Jugendliche?jobDbPVId=283749420&l=de
Leopoldina-Krankenhaus,Schweinfurt,neonatologisch-pädiatrische Intensivstation,Gesundheits- und Kinderkrankenpfleger (m/w/d) für die neonatologisch-pädiatrische Intensivstation,fachweiterbildung,,Sichere Perspektive: Eine unbefristete Festanstellung mit leistungsgerechter Vergütung nach TVöD-K/VKA und betrieblicher Altersvorsorge bietet Ihnen langfristige Stabilität.,,,vollzeit_teilzeit,Abgeschlossene Berufsausbildung in der Gesundheits- und Kinderkrankenpflege (m/w/d) oder als Pflegefachfrau/-mann mit Vertiefung Pädiatrie | Bereitschaft zur regelmäßigen fachlichen Fort- und Weiterbildung | Wünschenswert ist die Fachweiterbildung im Bereich pädiatrische Intensivpflege oder die Bereitschaft die Weiterbildung zu absolvieren | Zuverlässigkeit und hohes Einfühlungsvermögen im Umgang mit unseren kleinen Patienten und deren Angehörigen | Belastbarkeit und soziale Kompetenz | Ausgeprägte Kommunikationsfähigkeit und Teamgeist,,5,,https://leopoldina.softgarden.io/job/20157225/Gesundheits-und-Kinderkrankenpfleger-m-w-d-f%C3%BCr-die-neonatologisch-p%C3%A4diatrische-Intensivstation?jobDbPVId=283749435&l=de
Leopoldina-Krankenhaus,Schweinfurt,Palliative Care - SAPV,Gesundheits- und Krankenpfleger (m/w/d) Palliative Care - SAPV,fachweiterbildung,,Eine leistungsgerechte Vergütung,,,,Ausbildung zum/r Gesundheits- und Krankenpfleger/ Gesundheits- und Krankenpflegerin oder Altenpfleger/in | Bereitschaft zur Übernahme von Rufbereitschaften auch am Wochenende | Weiterbildung in Palliative Care (160 Std.) | Erfahrung in der ambulanten oder stationären Palliativversorgung | Selbständiges und eigenverantwortliches Arbeiten | Hohe fachliche Kompetenz mit einem hohen Maß an Einfühlungsvermögen in die Situation schwerstkranker und sterbender Menschen sowie deren Umfeld | Führerschein Klasse B,Erfahrung in der ambulanten oder stationären Palliativversorgung,5,,https://leopoldina.softgarden.io/job/54899103/Gesundheits-und-Krankenpfleger-m-w-d-Palliative-Care-SAPV?jobDbPVId=280581553&l=de
Leopoldina-Krankenhaus,Schweinfurt,Zentral-OP,Gesundheits- und Krankenpfleger-Anästhesie oder Anästhesietechnischen Assistenten (m/w/d) Zentral-OP,fachweiterbildung,,Sichere Perspektive: Eine unbefristete Festanstellung mit leistungsgerechter Vergütung nach TVöD-K/VKA und betrieblicher Altersvorsorge bietet Ihnen langfristige Stabilität.,,,vollzeit_teilzeit,"Abgeschlossene Ausbildung zum Gesundheits-und Krankenpfleger (m/w/d) oder als Anästhesietechnischen Assistenten (m/w/d) | vorhandene Fachweiterbildung in der Intensivpflege und Anästhesie wäre wünschenswert | Fachkompetenz und einschlägige Berufserfahrung in der Anästhesiepflege erwünscht | Teamfähigkeit und Einsatzbereitschaft | Hohes Verantwortungsbewusstsein, Einfühlungsvermögen und Patientenorientierung | Zuverlässigkeit und selbständige Arbeitsweise",,5,,https://leopoldina.softgarden.io/job/51886688/Gesundheits-und-Krankenpfleger-An%C3%A4sthesie-oder-An%C3%A4sthesietechnischen-Assistenten-m-w-d-Zentral-OP?jobDbPVId=283879515&l=de
Leopoldina-Krankenhaus,Schweinfurt,Geschäftsbereich Pflege,Hauptamtliche Praxisanleiter (m/w/d) Geschäftsbereich Pflege,unklar,,Leistungsorientierte Vergütung nach TVöD/VKA mit Betrieblicher Altersvorsorge,,,,"Abgeschlossenen Ausbildung zum Gesundheits- und Kranken bzw. Kinderkrankenpfleger (m/w/d) oder abgeschlossenes Bachelor Studium in der Pflege oder | Abgeschlossene Weiterbildung zum Praxisanleiter (m/w/d), mit mindestens 200 Stunden | Mehrjährige Berufserfahrung in der Kranken- bzw. Kinderkrankenpflege | Selbstständige Arbeitsweise, Kommunikationsstärke, Empathie und Begeisterungsfähigkeit | Kenntnisse in der Mitarbeiterführung",Mehrjährige Berufserfahrung in der Kranken- bzw. Kinderkrankenpflege,5,,https://leopoldina.softgarden.io/job/58830265/Hauptamtliche-Praxisanleiter-m-w-d-Gesch%C3%A4ftsbereich-Pflege?jobDbPVId=278016276&l=de
Leopoldina-Krankenhaus,Schweinfurt,MVZ Ambulantes OP-Zentrum,"Medizinischen Fachangestellten, Operations- oder Anästhesietechnischen Assistenten (m/w/d) - MVZ Ambulantes OP-Zentrum",ota_ata,,"Eine leistungsgerechte Vergütung in Anlehnung Manteltarifvertrag MFA, bzw. TVÖDK/VKA mit betrieblicher Altersvorsorge",,,vollzeit_teilzeit,"Sie verfügen über eine erfolgreich abgeschlossene Ausbildung als Medizinischer Fachangestellter (bestenfalls mit Erfahrung im Bereich Anästhesie) | Das Wohl der Patienten hat für Sie höchste Priorität | Sie haben Freude an interdisziplinärer Zusammenarbeit und einer teamorientierten Arbeitsweise | Engagement, Belastbarkeit und Motivation, an der Weiterentwicklung unseres ambulanten OP-Zentrums mitzuwirken, zeichnen Sie aus | Eine hohe Qualität der selbständig durchgeführten Arbeit und ein hohes Verantwortungsbewusstsein sind für Sie selbstverständlich | Sie praktizieren einen sachlichen, kompetenten und freundlichen Umgang mit Patienten, Mitarbeitern und anderen Kollegen",,5,,"https://leopoldina.softgarden.io/job/65015888/Medizinischen-Fachangestellten,-Operations-oder-An%C3%A4sthesietechnischen-Assistenten-m-w-d-MVZ-Ambulantes-OP-Zentrum?jobDbPVId=280322868&l=de"
Leopoldina-Krankenhaus,Schweinfurt,Zentral-OP,Operationstechnischen Assistenten oder Gesundheits- und Krankenpfleger (m/w/d) für den Zentral-OP,ota_ata,,Sichere Perspektive: Eine unbefristete Festanstellung mit leistungsgerechter Vergütung nach TVöD-K/VKA und betrieblicher Altersvorsorge bietet Ihnen langfristige Stabilität.,,,vollzeit_teilzeit,"Abgeschlossene OTA-Ausbildung oder abgeschlossene Ausbildung in der Gesundheits- und Krankenpflege oder Medizinische Fachangestellte mit Berufserfahrung im | Engagement und Bereitschaft zum teamorientierten, abteilungsübergreifenden Arbeiten | Ausgeprägtes Verantwortungsbewusstsein, Flexibilität und Belastbarkeit",,5,,https://leopoldina.softgarden.io/job/13417337/Operationstechnischen-Assistenten-oder-Gesundheits-und-Krankenpfleger-m-w-d-f%C3%BCr-den-Zentral-OP?jobDbPVId=283749460&l=de
Leopoldina-Krankenhaus,Schweinfurt,"Akutgeriatrie, Innere Medizin und Hals-Nasen-Ohren-Heilkunde (HNO)","Pflegefachhelfer (m/w/d) für den Bereich Akutgeriatrie, Innere Medizin und Hals-Nasen-Ohren-Heilkunde (HNO)",hilfskraft,,Leistungsgerechte Vergütung nach TVöD-VKA mit Betrieblicher Altersvorsorge,,,vollzeit_teilzeit,"Abgeschlossene Berufsausbildung Pflegefachhelfer | Offene, freundliche zugewandte Kommunikationsfähigkeit gegenüber Patienten und Angehörigen | Verbindliches und korrektes Verhalten gegenüber den Patienten | Engagement und Freude am Aufgabengebiet des Stationsservices | Kollegialität, Teamgeist, Flexibilität und Belastbarkeit | Eigenverantwortung und selbständige Arbeitsweise",,5,,"https://leopoldina.softgarden.io/job/65302251/Pflegefachhelfer-m-w-d-f%C3%BCr-den-Bereich-Akutgeriatrie,-Innere-Medizin-und-Hals-Nasen-Ohren-Heilkunde-HNO-?jobDbPVId=281840820&l=de"
Leopoldina-Krankenhaus,Schweinfurt,Kardiologie,Pflegefachkraft (m/w/d) Kardiologie,pflegefachkraft,,Sichere Perspektive: Eine unbefristete Festanstellung mit leistungsgerechter Vergütung nach TVöD-K/VKA und betrieblicher Altersvorsorge bietet Ihnen langfristige Stabilität.,,,vollzeit_teilzeit,"Erfolgreich abgeschlossene Berufsausbildung als Gesundheits- und Krankenpfleger oder Pflegefachkraft | Interesse am Fachbereich der Kardiologie | Kommunikation und Empathie gegenüber den Patienten, Angehörigen und Kollegen | Kreativität, Engagement und Motivation | Freude am Pflegeberuf | Organisationsfähigkeit und Durchsetzungsvermögen | Belastbarkeit und soziale Kompetenz | Bereitschaft zur regelmäßigen fachlichen Fort- und Weiterbildung",,5,,https://leopoldina.softgarden.io/job/58198007/Pflegefachkraft-m-w-d-Kardiologie?jobDbPVId=278132284&l=de
Leopoldina-Krankenhaus,Schweinfurt,Kardiologie (neue kardiologische Station),Pflegefachkraft (m/w/d) Kardiologie,pflegefachkraft,,,unklar,,in Voll- oder Teilzeit; unbefristete Festanstellung,Erfolgreich abgeschlossene Berufsausbildung als Gesundheits- und Krankenpfleger oder Pflegefachkraft,,3,"Zuordnung aus dem vorherigen Lauf übernommen; keine Belegzitate · pay_text auf der Seite nicht gefunden, geleert",https://leopoldina.softgarden.io/job/58198007
Leopoldina-Krankenhaus,Schweinfurt,Stroke Unit,Pflegefachkräfte (m/w/d) Stroke Unit,fachweiterbildung,,Sichere Perspektive: Eine unbefristete Festanstellung mit leistungsgerechter Vergütung nach TVöD-K/VKA und betrieblicher Altersvorsorge bietet Ihnen langfristige Stabilität.,,,vollzeit_teilzeit,"über eine abgeschlossene Ausbildung als Gesundheits- und Krankenpfleger (m/w/d) verfügen | die Weiterbildung Stroke Unit bereits absolviert haben oder bereit sind, diese abzuleisten | Flexibilität und Organisationsgeschick mitbringen | einen freundlichen Umgang mit den Patienten und Angehörigen zeigen | Freude an der Zusammenarbeit im Team haben | Verantwortungsbewusstsein und Motivationsfähigkeit für Sie selbstverständlich ist | offen für Veränderungen und Entwicklungen sind",,5,,https://leopoldina.softgarden.io/job/65384041/Pflegefachkr%C3%A4fte-m-w-d-Stroke-Unit?jobDbPVId=282128640&l=de
Leopoldina-Krankenhaus,Schweinfurt,"Stroke Unit (überregional, 10 Betten)",Pflegefachkräfte (m/w/d) Stroke Unit,pflegefachkraft,,,unklar,,in Voll- oder Teilzeit; unbefristete Festanstellung,abgeschlossene Ausbildung als Gesundheits- und Krankenpfleger bzw. Pflegefachkraft,,3,"Zuordnung aus dem vorherigen Lauf übernommen; keine Belegzitate · pay_text auf der Seite nicht gefunden, geleert",https://leopoldina.softgarden.io/job/65384041
Leopoldina-Krankenhaus,Schweinfurt,Neurologische Station,Pflegefachkräfte (m/w/d) für unsere Neurologische Station,pflegefachkraft,,leistungsgerechte Vergütung nach TVöD-K/VK,,,vollzeit_teilzeit,über eine abgeschlossene Ausbildung als Gesundheits- und Krankenpfleger (m/w/d) verfügen | Flexibilität und Organisationsgeschick mitbringen | einen freundlichen Umgang mit den Patienten und Angehörigen zeigen | Freude an der Zusammenarbeit im Team haben | Verantwortungsbewusstsein und Motivationsfähigkeit für Sie selbstverständlich ist | offen für Veränderungen und Entwicklungen sind,,5,,https://leopoldina.softgarden.io/job/63425984/Pflegefachkr%C3%A4fte-m-w-d-f%C3%BCr-unsere-Neurologische-Station?jobDbPVId=283634280&l=de
Leopoldina-Krankenhaus,Schweinfurt,Neurologische Station,Pflegefachkräfte (m/w/d) für unsere Neurologische Station,pflegefachkraft,,leistungsgerechte Vergütung nach TVöD-K/VK,unklar,,in Voll- oder Teilzeit; unbefristeter Vertrag,abgeschlossene Ausbildung als Gesundheits- und Krankenpfleger,,4,Zuordnung aus dem vorherigen Lauf übernommen,https://leopoldina.softgarden.io/job/63425984
Leopoldina-Krankenhaus,Schweinfurt,allgemeinchirurgische Station 53/54,Pflegefachperson (m/w/d) für unsere allgemeinchirurgische Station 53/54,pflegefachkraft,,Sichere Perspektive: Eine unbefristete Festanstellung mit leistungsgerechter Vergütung nach TVöD-K/VKA und betrieblicher Altersvorsorge bietet Ihnen langfristige Stabilität.,,,vollzeit_teilzeit,"Abgeschlossene Ausbildung als Pflegefachperson / Gesundheits- und Krankenpfleger:in (m/w/d) | Sorgfältige, strukturierte Arbeitsweise – auch in anspruchsvollen oder akuten Situationen | Flexibilität und Organisationsgeschick im Arbeitsalltag | Empathie und Freundlichkeit im Umgang mit Patientinnen, Patienten und Angehörigen | Teamgeist, Belastbarkeit und Freude an interdisziplinärer Zusammenarbeit | Bereitschaft zur fachlichen und persönlichen Weiterentwicklung | Sichere EDV-Kenntnisse und Routine im Umgang mit digitaler Dokumentation",,5,,https://leopoldina.softgarden.io/job/58626720/Pflegefachperson-m-w-d-f%C3%BCr-unsere-allgemeinchirurgische-Station-53-54?jobDbPVId=280212358&l=de
Leopoldina-Krankenhaus,Schweinfurt,Allgemeinchirurgische Station 53/54,Pflegefachperson (m/w/d) für unsere allgemeinchirurgische Station 53/54,pflegefachkraft,,,unklar,,in Voll- oder Teilzeit; unbefristete Festanstellung,Abgeschlossene Ausbildung als Pflegefachperson / Gesundheits- und Krankenpfleger:in | sichere EDV-Kenntnisse,,3,"Zuordnung aus dem vorherigen Lauf übernommen; keine Belegzitate · pay_text auf der Seite nicht gefunden, geleert",https://leopoldina.softgarden.io/job/58626720
Leopoldina-Krankenhaus,Schweinfurt,gastroenterologische Station 51/52,Pflegefachperson (m/w/d) für unsere gastroenterologische Station 51/52,pflegefachkraft,,Sichere Perspektive: Eine unbefristete Festanstellung mit leistungsgerechter Vergütung nach TVöD-K/VKA und betrieblicher Altersvorsorge bietet Ihnen langfristige Stabilität.,,,vollzeit_teilzeit,"Abgeschlossene Ausbildung als Pflegefachperson / Gesundheits- und Krankenpfleger:in (m/w/d) | Sorgfältige, strukturierte Arbeitsweise – auch in anspruchsvollen oder akuten Situationen | Flexibilität und Organisationsgeschick im Arbeitsalltag | Empathie und Freundlichkeit im Umgang mit Patientinnen, Patienten und Angehörigen | Teamgeist, Belastbarkeit und Freude an interdisziplinärer Zusammenarbeit | Bereitschaft zur fachlichen und persönlichen Weiterentwicklung | Sichere EDV-Kenntnisse und Routine im Umgang mit digitaler Dokumentation",,5,,https://leopoldina.softgarden.io/job/58627035/Pflegefachperson-m-w-d-f%C3%BCr-unsere-gastroenterologische-Station-51-52?jobDbPVId=283749405&l=de
Leopoldina-Krankenhaus,Schweinfurt,Gastroenterologische Station 51/52 (Medizinische Klinik II),Pflegefachperson (m/w/d) für unsere gastroenterologische Station 51/52,pflegefachkraft,,,unklar,,in Voll- oder Teilzeit; unbefristete Festanstellung,Abgeschlossene Ausbildung als Pflegefachperson / Gesundheits- und Krankenpfleger:in | sichere EDV-Kenntnisse,,3,"Zuordnung aus dem vorherigen Lauf übernommen; keine Belegzitate · pay_text auf der Seite nicht gefunden, geleert",https://leopoldina.softgarden.io/job/58627035
Leopoldina-Krankenhaus,Schweinfurt,Berufsfachschule für Gesundheitswesen und Pflegeberufe,Pflegepädagogen oder Medizinpädagogen (m/w/d),unklar,,Eine abwechslungsreiche und verantwortungsvolle Tätigkeit mit Entwicklungsmöglichkeiten und leistungsgerechte Vergütung nach TVöD,,,vollzeit_teilzeit,"Abgeschlossenes Studium der Pflege- oder Medizinpädagogik (FH, B.A. oder M.A.) oder einen vergleichbaren pädagogischen Hochschulabschluss sowie einen | Spaß an der Lehre, Freude an der Zusammenarbeit mit Menschen und an der Vermittlung von Wissen und Können in heterogenen Lerngruppen | Ihre ausgeprägte Kommunikationsfähigkeit begeistert, gleichzeitig zeigen Sie sich durchsetzungsfähig, wenn nötig | Sie lieben die Abwechslung und begegnen der Entwicklung zukunftsweisender Bildungskonzepte mit Engagement und Offenheit für Neues | Sie besitzen den PKW-Führerschein und einen PKW",,5,,https://leopoldina.softgarden.io/job/65662946/Pflegep%C3%A4dagogen-oder-Medizinp%C3%A4dagogen-m-w-d-?jobDbPVId=283395985&l=de
Limes Schlossklinik Fürstenhof,Bad Brückenau,,Gesundheits- und Krankenpfleger (m/w/d),pflegefachkraft,,Leistungsgerechte und übertarifliche Vergütung,unklar,,vollzeit_teilzeit,Sie verfügen über eine abgeschlossene Berufsausbildung als examinierter Gesundheits- und Krankenpfleger (m/w/d) | Sie zeichnen sich durch wertorientiertes Handeln und ein hohes Maß an Teamgeist aus | Vorerfahrung im Bereich Psychosomatik/ Psychiatrie sind wünschenswert,,3,"einzige Klinik am Portal, Ort der Anzeige unbekannt; Ort der Stelle nicht belegt",https://www.limes-schlossklinik-fuerstenhof.de/klinik/karriere/gesundheits-krankenpfleger/
Limes Schlossklinik Fürstenhof,Bad Brückenau,,Pflegefachkraft (m/w/d),pflegefachkraft,,Leistungsgerechte und übertarifliche Vergütung,unklar,,vollzeit_teilzeit,Sie verfügen über eine abgeschlossene Berufsausbildung als examinierter Gesundheits- und Krankenpfleger (m/w/d) | Sie zeichnen sich durch wertorientiertes Handeln und ein hohes Maß an Teamgeist aus | Vorerfahrung im Bereich Psychosomatik/ Psychiatrie sind wünschenswert,,3,"einzige Klinik am Portal, Ort der Anzeige unbekannt; Ort der Stelle nicht belegt",https://www.limes-schlossklinik-fuerstenhof.de/klinik/karriere/pflegefachkraft-m-w-d-2/
Main-Klinik Ochsenfurt,Ochsenfurt,Anästhesie,Fachkrankenpfleger Anästhesie und Intensivmedizin / Anästhesietechnischer Assistent / Pflegefachkraft Anästhesie (m/w/d),fachweiterbildung,,Die angegebene Vergütung erfolgt in Abhängigkeit der Berufsausbildung und dem Umfang der Berufserfahrung nach TVöD mit betrieblicher Altersversorgung.,unklar,,,"Abgeschlossene Ausbildung als Anästhesietechnischer Assistent / Gesundheits- und Krankenpfleger / Gesundheits- und Krankenpfleger mit Fachweiterbildung Intensiv und Anästhesie oder mit der Bereitschaft zur Fachweiterbildung. | Sie behalten in herausfordernden Situationen den Überblick. | Verantwortungsbewusstsein, Teamfähigkeit und Engagement. | Hilfsbereiter und zuvorkommender Umgang gegenüber Patienten, Angehörigen und Kollegen. | Sie arbeiten gerne als Teamplayer.",,5,,https://www.karriere-main-klinik.de/jobs/64899546/Fachkrankenpfleger-An%C3%A4sthesie-und-Intensivmedizin-An%C3%A4sthesietechnischer-Assistent-Pflegefachkraft-An%C3%A4sthesie-m-w-d-/
Main-Klinik Ochsenfurt,Ochsenfurt,Anästhesie / OP,Fachkrankenpfleger Anästhesie und Intensivmedizin / Anästhesietechnischer Assistent / Pflegefachkraft Anästhesie (m/w/d),ota_ata,,Die angegebene Vergütung erfolgt in Abhängigkeit der Berufsausbildung und dem Umfang der Berufserfahrung nach TVöD mit betrieblicher Altersversorgung,unklar,,Unbefristetes Arbeitsverhältnis,Abgeschlossene Ausbildung als Anästhesietechnischer Assistent / Gesundheits- und Krankenpfleger / Gesundheits- und Krankenpfleger mit Fachweiterbildung Intensiv und Anästhesie oder mit der Bereitschaft zur Fachweiterbildung,Fachweiterbildung Intensiv und Anästhesie oder Bereitschaft dazu,4,Zuordnung aus dem vorherigen Lauf übernommen,https://www.karriere-main-klinik.de/jobs/64899546/
Main-Klinik Ochsenfurt,Ochsenfurt,Allgemein- und Viszeralchirurgie / Urologie,Gesundheits- und Krankenpfleger Allgemein- und Viszeralchirurgie / Urologie (m/w/d),pflegefachkraft,,Die angegebene Vergütung erfolgt in Abhängigkeit der Berufsausbildung und dem Umfang der Berufserfahrung nach TVÖD mit betrieblicher Altersversorgung.,unklar,,,"Freude am Pflegeberuf | Kommunikation und Empathie gegenüber den Patienten, Angehörigen und Kollegen | Kreativität, Engagement und Motivation | Organisationsfähigkeit und Durchsetzungsvermögen | Belastbarkeit und soziale Kompetenz | Bereitschaft zur regelmäßigen fachlichen Fort- und Weiterbildung",,5,,https://www.karriere-main-klinik.de/jobs/30500108/Gesundheits--und-Krankenpfleger-Allgemein--und-Viszeralchirurgie-Urologie-m-w-d-/
Main-Klinik Ochsenfurt,Ochsenfurt,Allgemein- und Viszeralchirurgie / Urologie (Station 2),Gesundheits- und Krankenpfleger Allgemein- und Viszeralchirurgie / Urologie (m/w/d),unklar,,Die angegebene Vergütung erfolgt in Abhängigkeit der Berufsausbildung und dem Umfang der Berufserfahrung nach TVÖD mit betrieblicher Altersversorgung,unklar,,Unbefristetes Arbeitsverhältnis,,,4,Zuordnung aus dem vorherigen Lauf übernommen,https://www.karriere-main-klinik.de/jobs/30500108/
Main-Klinik Ochsenfurt,Ochsenfurt,Innere Medizin,Gesundheits- und Krankenpfleger Innere Medizin (m/w/d),pflegefachkraft,,Die angegebene Vergütung erfolgt in Abhängigkeit der Berufsausbildung und dem Umfang der Berufserfahrung nach TVÖD mit betrieblicher Altersversorgung.,unklar,,,"Gesundheits- und Krankenpfleger / Krankenschwester / Pflegefachkraft | Freude am Pflegeberuf | Kommunikation und Empathie gegenüber den Patienten, Angehörigen und Kollegen | Kreativität, Engagement und Motivation | Organisationsfähigkeit und Durchsetzungsvermögen | Belastbarkeit und soziale Kompetenz | Bereitschaft zur regelmäßigen fachlichen Fort- und Weiterbildung",,5,,https://www.karriere-main-klinik.de/jobs/30500353/Gesundheits--und-Krankenpfleger-Innere-Medizin-m-w-d-/
Main-Klinik Ochsenfurt,Ochsenfurt,Innere Medizin (Station 1),Gesundheits- und Krankenpfleger Innere Medizin (m/w/d),pflegefachkraft,,Die angegebene Vergütung erfolgt in Abhängigkeit der Berufsausbildung und dem Umfang der Berufserfahrung nach TVÖD mit betrieblicher Altersversorgung,unklar,,Unbefristetes Arbeitsverhältnis,Gesundheits- und Krankenpfleger / Krankenschwester / Pflegefachkraft,,4,Zuordnung aus dem vorherigen Lauf übernommen,https://www.karriere-main-klinik.de/jobs/30500353/
Main-Klinik Ochsenfurt,Ochsenfurt,Normal-/ Intensivstation,Gesundheits- und Krankenpfleger Normal-/ Intensivstation (m/w/d),pflegefachkraft,,Die angegebene Vergütung erfolgt in Abhängigkeit der Berufsausbildung und dem Umfang der Berufserfahrung nach TVÖD mit betrieblicher Altersversorgung.,unklar,,,"Gesundheits- und Krankenpfleger / Krankenschwester / Pflegefachkraft | Freude am Pflegeberuf | Kommunikation und Empathie gegenüber den Patienten, Angehörigen und Kollegen | Kreativität, Engagement und Motivation | Organisationsfähigkeit und Durchsetzungsvermögen | Belastbarkeit und soziale Kompetenz | Bereitschaft zur regelmäßigen fachlichen Fort- und Weiterbildung",,5,,https://www.karriere-main-klinik.de/jobs/29952443/Gesundheits--und-Krankenpfleger-Normal--Intensivstation-m-w-d-/
Main-Klinik Ochsenfurt,Ochsenfurt,Unfallchirurgie / Orthopädie / Innere Medizin,Gesundheits- und Krankenpfleger Unfallchirurgie / Orthopädie / Innere Medizin (m/w/d),pflegefachkraft,,Die angegebene Vergütung erfolgt in Abhängigkeit der Berufsausbildung und dem Umfang der Berufserfahrung nach TVÖD mit betrieblicher Altersversorgung.,unklar,,,"Gesundheits- und Krankenpfleger / Krankenschwester / Pflegefachkraft | Freude am Pflegeberuf | Kommunikation und Empathie gegenüber den Patienten, Angehörigen und Kollegen | Kreativität, Engagement und Motivation | Organisationsfähigkeit und Durchsetzungsvermögen | Belastbarkeit und soziale Kompetenz | Bereitschaft zur regelmäßigen fachlichen Fort- und Weiterbildung",,5,,https://www.karriere-main-klinik.de/jobs/30501172/Gesundheits--und-Krankenpfleger-Unfallchirurgie-Orthop%C3%A4die-Innere-Medizin-m-w-d-/
Main-Klinik Ochsenfurt,Ochsenfurt,Unfallchirurgie / Orthopädie / Innere Medizin (Station 3),Gesundheits- und Krankenpfleger Unfallchirurgie / Orthopädie / Innere Medizin (m/w/d),pflegefachkraft,,Die angegebene Vergütung erfolgt in Abhängigkeit der Berufsausbildung und dem Umfang der Berufserfahrung nach TVÖD mit betrieblicher Altersversorgung,unklar,,Unbefristetes Arbeitsverhältnis,Gesundheits- und Krankenpfleger / Krankenschwester / Pflegefachkraft,,4,Zuordnung aus dem vorherigen Lauf übernommen,https://www.karriere-main-klinik.de/jobs/30501172/
Main-Klinik Ochsenfurt,Ochsenfurt,Intensivstation,Gesundheits- und Krankenpfleger für die Intensivstation (m/w/d),fachweiterbildung,,Die angegebene Vergütung erfolgt in Abhängigkeit der Berufsausbildung und dem Umfang der Berufserfahrung nach TVÖD mit betrieblicher Altersversorgung.,unklar,,,"Abgeschlossene Ausbildung in der Krankenpflege | Fachweiterbildung wäre wünschenswert | Zuverlässigkeit und hohes Einfühlungsvermögen im Umgang mit unseren Patienten und deren Angehörigen | Verantwortungsbewusste und flexible Arbeitsweise, Organisationstalent | Fach- und Sozialkompetenz sowie Belastbarkeit | Hohe Kommunikationsfähigkeit und Teamgeist | Bereitschaft zur kontinuierlichen Weiterbildung",,5,,https://www.karriere-main-klinik.de/jobs/20983610/Gesundheits--und-Krankenpfleger-f%C3%BCr-die-Intensivstation-m-w-d-/
Main-Klinik Ochsenfurt,Ochsenfurt,Intensivstation,Gesundheits- und Krankenpfleger für die Intensivstation (m/w/d),pflegefachkraft,,Die angegebene Vergütung erfolgt in Abhängigkeit der Berufsausbildung und dem Umfang der Berufserfahrung nach TVÖD mit betrieblicher Altersversorgung,unklar,,Unbefristetes Arbeitsverhältnis,Abgeschlossene Ausbildung in der Krankenpflege,Fachweiterbildung wäre wünschenswert,4,Zuordnung aus dem vorherigen Lauf übernommen,https://www.karriere-main-klinik.de/jobs/20983610/
Main-Klinik Ochsenfurt,Ochsenfurt,,Zentraler Praxisanleiter | Krankenhaus (m/w/d),pflegefachkraft,,Attraktive Vergütung nach TVöD sowie betriebliche Altersversorgung,unklar,,,"Abgeschlossene Ausbildung als Pflegefachfrau / Pflegefachmann, Gesundheits- und Krankenpfleger, Gesundheits- und Kinderkrankenpfleger oder Altenpfleger (m/w/d) | Abgeschlossene Weiterbildung zur Praxisanleitung | Freude an der Begleitung und Förderung von Auszubildenden | Ausgeprägte soziale und kommunikative Kompetenz | Organisationsgeschick und eine selbstständige, strukturierte Arbeitsweise | Bereitschaft, die praktische Ausbildung aktiv weiterzuentwickeln | Teamgeist und Freude an der Zusammenarbeit mit verschiedenen Berufsgruppen und der Pflegeschule",,5,,https://www.karriere-main-klinik.de/jobs/66798510/Zentraler-Praxisanleiter-%7C-Krankenhaus-m-w-d-/
Maria-Theresia-Klinik,München,chirurgische Intensivstation,Gesundheits- und Krankenpfleger - Intensivstation (m/w/d),pflegefachkraft,,,ja,"Eigene, preiswerte Mitarbeiterwohnung (nach Verfügbarkeit)",Voll- oder Teilzeit,"Abgeschlossene Ausbildung als Gesundheits- und Krankenpfleger, Pflegefachkraft Krankenschwester/Pfleger oder Altenpfleger (m/w/d)",Fachkompetenter Mitarbeiter mit Intensiverfahrung; Fachweiterbildung Intensiv und Anästhesie wünschenswert (kein muss),3,"Zuordnung aus dem vorherigen Lauf übernommen; Ort der Stelle nicht belegt · pay_text auf der Seite nicht gefunden, geleert",https://karriere.barmherzige.net/jobs/gesundheits-und-krankenpfleger-intensivstation-mwd-43160341
Marianne-Strauß-Klinik,Berg (Starnberger See),,Gesundheits- und Krankenpfleger oder Pflegefachkraft (w/m/d),pflegefachkraft,,,unklar,,Vollzeit,"abgeschlossene Ausbildung Gesundheits- und Krankenpflege, Pflegefachkraft oder Altenpflegefachkraft",,2,"Zuordnung aus dem vorherigen Lauf übernommen; Ort der Stelle nicht belegt; keine Belegzitate · pay_text auf der Seite nicht gefunden, geleert",https://jobs.smartrecruiters.com/ArtemedSE/744000115856611-gesundheits-und-krankenpfleger-oder-pflegefachkraft-w-m-d-
Marianne-Strauß-Klinik,Berg (Starnberger See),,Stationsleitung in der Pflege (w/m/d),leitung,,,ja,Personalwohnung in Seenähe (nach Verfügbarkeit),Vollzeit,Abgeschlossene Ausbildung Gesundheits- und Krankenpflege/Pflegefachkraft/Altenpflegefachkraft | Studium Pflegemanagement o. WB Stationsleitung (oder Bereitschaft),"Mehrjährige Berufserfahrung, idealerweise im Bereich Neurologie",3,"Zuordnung aus dem vorherigen Lauf übernommen; Ort der Stelle nicht belegt · pay_text auf der Seite nicht gefunden, geleert",https://jobs.smartrecruiters.com/ArtemedSE/744000128648806-stationsleitung-in-der-pflege-w-m-d-
Marianne-Strauß-Klinik,Berg (Starnberger See),,Zentraler Praxisanleiter (w/m/d),fachweiterbildung,,,ja,Personalwohnung in Seenähe (nach Verfügbarkeit),Vollzeit,Abgeschlossene Ausbildung Gesundheits- und Krankenpflege/Pflegefachkraft/Altenpflegefachkraft | abgeschlossene Weiterbildung Praxisanleiter:in,Weiterbildung Praxisanleiter:in; Erfahrung in Entwicklung von Schulungs- und Einarbeitungskonzepten,3,"Zuordnung aus dem vorherigen Lauf übernommen; Ort der Stelle nicht belegt · pay_text auf der Seite nicht gefunden, geleert",https://jobs.smartrecruiters.com/ArtemedSE/744000115857367-zentraler-praxisanleiter-w-m-d-
Max-Planck-Institut für Psychiatrie,München,Max-Planck-Tagklinik für Depressionen,Pflegefachperson (m/w/d) Max-Planck-Tagklinik für Depressionen,pflegefachkraft,,Bezahlung richtet sich nach dem TVöD-Bund (Einstufung abhängig von Qualifikation und Berufserfahrung); Jahressonderzahlung; Zahlung einer monatlichen Gewinnungszulage,ja,"Bei Bedarf vorübergehend Bereitstellung einer Wohnung, je nach Verfügbarkeit","ab 01.11.2026, Voll- oder Teilzeit, unbefristet","examinierte Pflegefachperson (Gesundheits- und (Kinder-) Krankenpfleger/in, Altenpfleger/in oder Fachkrankenpfleger/in) | bei ausländischem Examen deutsche Anerkennung | Deutsch B2",,4,Zuordnung aus dem vorherigen Lauf übernommen,https://jobs.psych.mpg.de/jobposting/dc69f99114a5546cbc4bf5cefe835e916f8f110f0
Max-Planck-Institut für Psychiatrie,München,Privatstation,Pflegefachperson (m/w/d) für unsere Privatstation,pflegefachkraft,,Bezahlung richtet sich nach dem TVöD-Bund (Einstufung abhängig von Qualifikation und Berufserfahrung); Jahressonderzahlung; Zahlung einer monatlichen Gewinnungszulage,ja,"Bei Bedarf vorübergehend Bereitstellung einer Wohnung, je nach Verfügbarkeit","ab 01.07.2026, Voll-oder Teilzeit, unbefristet","examinierte Pflegefachperson (Gesundheits- und (Kinder-) Krankenpfleger/in, Altenpfleger/in oder Fachkrankenpfleger/in) | bei ausländischem Examen deutsche Anerkennung | Deutsch B2",,4,Zuordnung aus dem vorherigen Lauf übernommen,https://jobs.psych.mpg.de/jobposting/ecb7e722da62320a4b9045c12d26954ad7d23dc00
Max-Planck-Institut für Psychiatrie,München,Transitionsstation (junge Erwachsene),Pflegefachperson (m/w/d) für unsere Transitionsstation (junge Erwachsene),pflegefachkraft,,Bezahlung richtet sich nach dem TVöD-Bund (Einstufung abhängig von Qualifikation und Berufserfahrung); Jahressonderzahlung; Zahlung einer monatlichen Gewinnungszulage,ja,Bei Bedarf vorübergehend Bereitstellung einer Wohnung,"zum nächstmöglichen Zeitpunkt, unbefristet, Voll- oder Teilzeit","examinierte Pflegefachperson (Gesundheits- und (Kinder-) Krankenpfleger/in, Altenpfleger/in oder Fachkrankenpfleger/in) | bei ausländischem Examen deutsche Anerkennung | Deutsch B2",,4,Zuordnung aus dem vorherigen Lauf übernommen,https://jobs.psych.mpg.de/jobposting/c409bfd2b75515294d73a3bfbdc73f7feb9b2a620
Max-Planck-Institut für Psychiatrie,München,beschützte Station,Pflegefachperson (m/w/d) für unsere beschützte Station,pflegefachkraft,,Bezahlung richtet sich nach dem TVöD-Bund (Einstufung abhängig von Qualifikation und Berufserfahrung); Jahressonderzahlung; Zahlung einer monatlichen Gewinnungszulage,ja,"Bei Bedarf vorübergehend Bereitstellung einer Wohnung, je nach Verfügbarkeit","ab 01.08.2026, Voll- oder Teilzeit, unbefristet","examinierte Pflegefachperson (Gesundheits- und (Kinder-) Krankenpfleger/in, Altenpfleger/in oder Fachkrankenpfleger/in) | bei ausländischem Examen deutsche Anerkennung | Deutsch B2",,4,Zuordnung aus dem vorherigen Lauf übernommen,https://jobs.psych.mpg.de/jobposting/973cc5bcb9b02414061227214c04fcdb69bcda1b0
Max-Planck-Institut für Psychiatrie,München,,Pflegefachperson (m/w/d) zum überwiegenden Einsatz im Nachtdienst,pflegefachkraft,,Bezahlung richtet sich nach dem TVöD-Bund (Einstufung abhängig von Qualifikation und Berufserfahrung); Jahressonderzahlung; Zahlung einer monatlichen Gewinnungszulage,ja,"Bei Bedarf vorübergehend Bereitstellung einer Wohnung, je nach Verfügbarkeit","zum nächstmöglichen Zeitpunkt, Voll- oder Teilzeit, unbefristet","examinierte Pflegefachperson (Gesundheits- und (Kinder-) Krankenpfleger/in, Altenpfleger/in oder Fachkrankenpfleger/in) | bei ausländischem Examen deutsche Anerkennung | Deutsch B2",,4,Zuordnung aus dem vorherigen Lauf übernommen,https://jobs.psych.mpg.de/jobposting/97a2f68d0e9cb1f19478c466ce79ad0d9a341a6a0
Medical Park Bad Rodach,Bad Rodach,Neurologie,Examinierte Pflegefachkraft (m/w/d),pflegefachkraft,,Eine angemessene und leistungsorientierte Vergütung,unklar,,,"Eine erfolgreich abgeschlossene Ausbildung zurGesundheits- und Krankenpflege (m/w/d), Pflegefachmann/-frau (m/w/d) oder als Altenpfleger (m/w/d) | Ein hohes Maß an Verantwortungsbereitschaft, Flexibilität und Engagement | Freude an der Arbeit mit neurologischen Patienten | Zuverlässigkeit, Kontaktfreudigkeit und Einfühlungsvermögen | Die Fähigkeit und Bereitschaft zur Zusammenarbeit ineinem multiprofessionellen Team | EDV Kenntnisse",,3,"einzige Klinik am Portal, Ort der Anzeige unbekannt; Ort der Stelle nicht belegt",https://karriere.medicalpark.de/stellenangebot/examinierte-pflegefachkraft-m-w-d-de-j3797/
Medical Park Bad Rodach,Bad Rodach,Neurologie und Orthopädie,Examinierte Pflegefachkraft (m/w/d) in Voll- oder Teilzeit,pflegefachkraft,,Eine angemessene und leistungsgerechte Vergütung und Arbeitgeberzuschuss zur betrieblichen Altersversorgung,unklar,,vollzeit_teilzeit,Abgeschlossene Ausbildung als Gesundheits- und Krankenpfleger (m/w/d) oder Altenpfleger (m/w/d) | Hohe Dienstleistungs- und Patientenorientierung | Englischkenntnisse von Vorteil | Erfahrung - Neugier - Tatendrang,,3,"einzige Klinik am Portal, Ort der Anzeige unbekannt; Ort der Stelle nicht belegt",https://karriere.medicalpark.de/stellenangebot/examinierte-pflegefachkraft-m-w-d-in-voll-oder-teilzeit-de-j3292/
Medical Park Bad Rodach,Bad Rodach,Springerpool,Gesundheits- und Krankenpfleger (m/w/d) oder Pflegefachmann/-frau für Springerpool,pflegefachkraft,,Vergütung nach MPBC 8 zuzüglich 150 Euro Springerpauschale,unklar,,,"Eine erfolgreich abgeschlossene Ausbildung zurGesundheits- und Krankenpflege (m/w/d), Pflegefachmann/-frau (m/w/d) oder als Altenpfleger (m/w/d) | Ein hohes Maß an Verantwortungsbereitschaft, Flexibilität und Engagement | Freude an der Arbeit mit neurologischen Patienten | Zuverlässigkeit, Kontaktfreudigkeit und Einfühlungsvermögen | Die Fähigkeit und Bereitschaft zur Zusammenarbeit ineinem multiprofessionellen Team | EDV Kenntnisse | Spontane und flexible Einsatztätigkeit zwischen unseren 3 Abteilungen | Unterstützung des Pflegepersonals bei vorweigend kurzfristigen, meist unvorhersehbaren Personalausfällen",,3,"einzige Klinik am Portal, Ort der Anzeige unbekannt; Ort der Stelle nicht belegt",https://karriere.medicalpark.de/stellenangebot/gesundheits-und-krankenpfleger-m-w-d-oder-pflegefachmann-frau-fuer-springerpool-de-j2976/
Medical Park Bad Rodach,Bad Rodach,,Pflegefachhelfer (m/w/d) in Voll- oder Teilzeit,hilfskraft,,Attraktive Vergütung in Anlehnung an den TVöD zzgl. Zulagen und Zuschlägen,unklar,,vollzeit_teilzeit,"Abgeschlossene Ausbildung zum Pflegehelfer mit mind. 500 Stunden theoretischem Unterricht | Teamfähigkeit, Zuverlässigkeit, Pünktlichkeit | Interesse an pflegerischer Arbeit",,3,"einzige Klinik am Portal, Ort der Anzeige unbekannt; Ort der Stelle nicht belegt",https://karriere.medicalpark.de/stellenangebot/pflegefachhelfer-m-w-d-in-voll-oder-teilzeit-de-j4764/
Medical Park Bad Rodach,Bad Rodach,"Orthopädie, Traumatologie, Sportmedizin, Innere Medizin und Kardiologie",Pflegefachkraft (m/w/d) für den Nachtdienst,pflegefachkraft,,"Wir zahlen ein attraktives und leistungsgerechtes Gehalt mit Zuwendungen in Form einer Master Card und einem bunten Strauß an ""corporate benefits""",unklar,,,Staatliche Anerkennung als Gesundheits- und Krankenpfleger (m/w/d) | Interesse und Freude am Arbeiten mit verschiedenen Fachabteilungen | Engagement und Teamfähigkeit | Fähigkeit zum selbständigen und gewissenhaften Arbeiten | Kenntnisse im Umgang mit medizinischen Geräten sowie mit gängigen PC-Anwendungen,,3,"einzige Klinik am Portal, Ort der Anzeige unbekannt; Ort der Stelle nicht belegt",https://karriere.medicalpark.de/stellenangebot/pflegefachkraft-m-w-d-fuer-den-nachtdienst-de-j4856/
Medical Park Bad Rodach,Bad Rodach,,stellv. Stationsleitung (m/w/d) in Vollzeit,leitung,,Attraktive Vergütung in Anlehnung an den TVöD zzgl. Zulagen und Zuschlägen,unklar,,vollzeit,"Ausbildung zum Gesundheits- und Krankenpfleger (m/d/w) | Erfahrung in der Führung von Mitarbeitern | Gute EDV-Kenntnisse (MS-Office) | Selbständig, detailorientiert, teamfähig, flexibel, zuverlässig, belastbar",,3,"einzige Klinik am Portal, Ort der Anzeige unbekannt; Ort der Stelle nicht belegt",https://karriere.medicalpark.de/stellenangebot/stellv-stationsleitung-m-w-d-in-vollzeit-de-j4777/
Moser-Klinik Augsburg,Augsburg,OP,"OP-Schwester, Krankenschwester mit OP-Erfahrung oder OTA (m/w/d)",fachweiterbildung,,,unklar,,teilzeit,"Abschluss als exam. Gesundheits- und Krankenpfleger/-in oder Fachpflegekraft im Operationsdienst bzw. GuK mit OP-Erfahrung (m/w/d) | offenes, patienten-zentriertes Arbeiten | Teamfähigkeit | Lernbereitschaft (Eine Qualifikation als MTA oder Arzthelfer/-in alleine reicht leider nicht aus.)",,3,"einzige Klinik am Portal, Ort der Anzeige unbekannt; Ort der Stelle nicht belegt",https://www.moser-kliniken.de/de/aktuelle-jobs/op-schwester-augsburg
München Klinik Bogenhausen,München Klinik Harlaching,"Herzkatheterlabor (Standort Bogenhausen), kardiologischer Funktionsdienst",Pflegefachkraft / ATA / OTA Herzkatheterlabor & kardiologischer Funktionsdienst (w|m|d),pflegefachkraft,P8,"Die Tätigkeit im Herzkatheterlabor ist mit P8 TVöD-K/VKA bewertet.; im kardiologischen Funktionsbereich mit P 7 TVöD-K/VKA; in der Endoskopie P8, mit Fachweiterbildung P9",ja,"Derzeit haben wir leider keine Möglichkeit, Wohnraum im Rahmen des Einstellungsprozesses zu vermitteln","für 38.5 Stunden/Woche in Vollzeit, Teilzeitbeschäftigung ist möglich; ab sofort unbefristet","Abgeschlossene Ausbildung als Pflegefachkraft / Gesundheits- und Krankenpfleger*in, ATA oder OTA",Idealerweise Erfahrung in der Endoskopie oder im Herzkatheterlabor,4,Zuordnung aus dem vorherigen Lauf übernommen,https://www.muenchen-klinik.de/stellenmarkt/aktuelles-stellenangebot/stellenangebot/pflegefachkraft-ata-ota-herzkatheterlabor-kardiologischer-funktionsdienst-w-m-d-stellennummer-43994/
München Klinik Bogenhausen,München,"Allgemeine / Innere Medizin: Endokrinologie, Gastroenterologie, Kardiologie, Nephrologie, Pneumologie, Infektiologie, Dermatologie",Pflegefachkraft Innere Medizin (w|m|d),pflegefachkraft,P7,Die Tätigkeit ist entsprechend Ihrer Qualifikation mit P7 TVöD-K/VKA bewertet. Unsere pneumologischen Stationen in Bogenhausen sind mit P8 TVöD-K/VKA bewertet.,ja,"Derzeit haben wir leider keine Möglichkeit, Wohnraum im Rahmen des Einstellungsprozesses zu vermitteln",,Abgeschlossene Ausbildung als Pflegefachkraft bzw. Gesundheits- und Krankenpfleger*in | Sehr gute Deutschkenntnisse in Wort und Schrift,Idealerweise erste Berufserfahrung im gewünschten Fachbereich,4,Zuordnung aus dem vorherigen Lauf übernommen,https://www.muenchen-klinik.de/stellenmarkt/aktuelles-stellenangebot/stellenangebot/pflegefachkraft-innere-medizin-w-m-d-stellennummer-43483/
München Klinik Bogenhausen,München,"Intensiv, Notfall, IMC, Stroke Unit, Stammzellentherapie (Bogenhausen: konservative IMC, ICU Schwerbrandverletzte, chirurgisch/anästhetische ICU, neurochirurgische ICU, 2 konservative ICUs)","Pflegefachkraft Intensiv, Notfall, IMC, Stroke Unit und Stammzellentherapie (w|m|d)",pflegefachkraft,P8,Die Tätigkeit ist entsprechend Ihrer Qualifikation mit P8 TVöD-K/VKA ohne passende Weiterbildung und mit P9 TVöD-K/VKA mit der Weiterbildung bewertet.,ja,"Derzeit haben wir leider keine Möglichkeit, Wohnraum im Rahmen des Einstellungsprozesses zu vermitteln","für 38,5 Stunden in Vollzeit, Teilzeitbeschäftigung ist möglich; ab sofort unbefristet",Abgeschlossene Ausbildung als Pflegefachkraft bzw. Gesundheits- und Krankenpfleger*in | Sehr gute Deutschkenntisse in Wort und Schrift,"Weiterbildung Intensiv-/Anästhesiepflege, IMC, Notfallpflege, Onkologie oder Stroke Unit wünschenswert",4,Zuordnung aus dem vorherigen Lauf übernommen,https://www.muenchen-klinik.de/stellenmarkt/aktuelles-stellenangebot/stellenangebot/pflegefachkraft-intensiv-notfall-imc-stroke-unit-und-stammzellentherapie-w-m-d-stellennummer-43467/
München Klinik Bogenhausen,München Klinik,"Intensivmedizin, Intensivstation (ICU) Konservativ",Stellvertretende Stationsleitung Intensivstation (ICU) Konservativ (w|m|d),leitung,,,unklar,,"für 38.5 Stunden/Woche in Vollzeit, Teilzeitbeschäftigung ist möglich; ab sofort unbefristet",Abgeschlossene Ausbildung als Pflegefachkraft | Abgeschlossene Fachweiterbildung in Intensiv- und Anästhesiepflege,"Fachweiterbildung Intensiv- und Anästhesiepflege; Bachelorstudium pflegebezogen wünschenswert, alternativ Weiterbildung 'Leitung einer Station/Funktionseinheit'",4,"Zuordnung aus dem vorherigen Lauf übernommen · pay_text auf der Seite nicht gefunden, geleert · pay_grade auf der Seite nicht gefunden, geleert",https://www.muenchen-klinik.de/stellenmarkt/aktuelles-stellenangebot/stellenangebot/stellvertretende-stationsleitung-intensivstation-icu-konservativ-w-m-d-stellennummer-44572/
München Klinik Bogenhausen,München,,Wiedereinstieg als Pflegefachkraft (w|m|d),pflegefachkraft,,Die Tätigkeit ist mit P 7 TVöD-K/VKA bewertet. Einsatzbezogene Zulagen sind je nach Station möglich.,unklar,,"Individuelles Arbeitszeitmodell: 10 - 38,5 Stunden pro Woche",abgeschlossene Ausbildung als Gesundheits- und Krankenpfleger*in bzw. Pflegefachkraft,,4,"Zuordnung aus dem vorherigen Lauf übernommen · pay_grade auf der Seite nicht gefunden, geleert",https://www.muenchen-klinik.de/stellenmarkt/aktuelles-stellenangebot/stellenangebot/wiedereinstieg-als-pflegefachkraft-w-m-d-stellennummer-42643/
München Klinik Harlaching,München,Zentrale OP-Abteilung,OTA oder OP-Pflegefachkraft (w|m|d),ota_ata,P8,"Attraktive Vergütung durch Tarifvertrag mit automatischen Erhöhungen, 13. Gehalt und München-Zulage; Die Tätigkeit ist entsprechend Ihrer Qualifikation mit P8 TVöD-K/VKA bewertet.",unklar,,"Vollzeit, Teilzeit",Abgeschlossene Ausbildung als OTA bzw. abgeschlossene Anerkennung oder Ausbildung als Pflegefachkraft mit Erfahrung im OP,Erfahrung im OP (bei Pflegefachkraft),4,Zuordnung aus dem vorherigen Lauf übernommen,https://www.muenchen-klinik.de/stellenmarkt/aktuelles-stellenangebot/stellenangebot/ota-oder-op-pflegefachkraft-w-m-d-stellennummer-43479/
München Klinik Harlaching,München,Kindernotaufnahme,Pflegefachkraft Kindernotaufnahme (w|m|d),pflegefachkraft,,"Attraktive Vergütung durch Tarifvertrag mit automatischen Erhöhungen, 13. Gehalt und München-Zulage; Die Tätigkeit ist entsprechend Ihrer Qualifikation mit P8 TVöD-K/VKA ohne Weiterbildung und P9 TVöD K/VKA mit Weiterbildung bewertet.",unklar,,"Vollzeit, Teilzeit",Abgeschlossene Ausbildung als Gesundheits- und Kinderkrankenpfleger*in oder Pflegefachkraft - gerne mit Vertiefung Pädiatrie,,4,"Zuordnung aus dem vorherigen Lauf übernommen · pay_grade auf der Seite nicht gefunden, geleert",https://www.muenchen-klinik.de/stellenmarkt/aktuelles-stellenangebot/stellenangebot/pflegefachkraft-kindernotaufnahme-w-m-d-stellennummer-43527/
München Klinik Harlaching,München,Neurologie und Frührehabilitation,Pflegefachkraft Neurologie und Frührehabilitation (w|m|d),pflegefachkraft,,"Attraktive Vergütung durch Tarifvertrag mit automatischen Erhöhungen, 13. Gehalt und München-Zulage; Die Tätigkeit ist mit P7 TVöD-K/VKA bewertet. In der Frührehabilitation ist die Tätigkeit mit P8 TVöD-K/VKA bewertet.",unklar,,"Vollzeit, Teilzeit",Abgeschlossene Ausbildung als Pflegefachkraft bzw. Gesundheits- und Krankenpfleger*in,,4,"Zuordnung aus dem vorherigen Lauf übernommen · pay_grade auf der Seite nicht gefunden, geleert",https://www.muenchen-klinik.de/stellenmarkt/aktuelles-stellenangebot/stellenangebot/pflegefachkraft-neurologie-und-fruehrehabilitation-w-m-d-stellennummer-44252/
München Klinik Neuperlach,München,"Onkologie, Hämatologie, Stammzellentherapie/KMT","Pflegefachkraft Onkologie, Hämatologie und Stammzellentherapie/KMT (w|m|d)",pflegefachkraft,P8,Die Tätigkeit ist entsprechend Ihrer Qualifikation mit P8 TVöD-VKA und P9 TVöD-VKA mit der Weiterbildung bewertet.,ja,"Derzeit haben wir leider keine Möglichkeit, Wohnraum im Rahmen des Einstellungsprozesses zu vermitteln",,Abgeschlossene Ausbildung als Pflegefachkraft (w|m|d) bzw. Gesundheits- und Krankenpfleger*in (w|m|d) | Sehr gute Deutschkenntnisse,Fachweiterbildung 'Pflege in der Onkologie (DKG)' wünschenswert,4,Zuordnung aus dem vorherigen Lauf übernommen,https://www.muenchen-klinik.de/stellenmarkt/aktuelles-stellenangebot/stellenangebot/pflegefachkraft-onkologie-haematologie-und-stammzellentherapie-kmt-w-m-d-stellennummer-43491/
München Klinik Schwabing,München,"Chirurgie (Allgemein-, Gefäß-, Herz-, Thorax-, Unfall-, Viszeral-, Neurochirurgie, Urologie)",Pflegefachkraft Chirurgie (w|m|d),pflegefachkraft,P7,,ja,"Derzeit haben wir leider keine Möglichkeit, Wohnraum im Rahmen des Einstellungsprozesses zu vermitteln.",,Abgeschlossene Ausbildung als Pflegefachkraft bzw. Gesundheits- und Krankenpfleger*in | sehr gute Deutschkenntnisse,,4,"Zuordnung aus dem vorherigen Lauf übernommen · pay_text auf der Seite nicht gefunden, geleert",https://www.muenchen-klinik.de/stellenmarkt/aktuelles-stellenangebot/stellenangebot/pflegefachkraft-chirurgie-w-m-d-stellennummer-43487/
München Klinik Schwabing,München,"Pädiatrie, Kinderchirurgie, Kinderonkologie","Pflegefachkraft Pädiatrie, Kinderchirurgie oder Kinderonkologie (w|m|d)",pflegefachkraft,,,ja,,,Abgeschlossene Ausbildung als Gesundheits- und Kinderkrankenpfleger*in oder Pflegefachkraft mit Vertiefung Pädiatrie | sehr gute Deutschkenntnisse,,4,"Zuordnung aus dem vorherigen Lauf übernommen · pay_text auf der Seite nicht gefunden, geleert · pay_grade auf der Seite nicht gefunden, geleert · housing_quote auf der Seite nicht gefunden, geleert",https://www.muenchen-klinik.de/stellenmarkt/aktuelles-stellenangebot/stellenangebot/pflegefachkraft-paediatrie-kinderchirurgie-oder-kinderonkologie-w-m-d-stellennummer-43507/
München Klinik Schwabing,München,Pädiatrische und neonatologische Intensiv / IMC,Pflegefachkraft pädiatrische und neonatologische Intensiv und IMC (w|m|d),fachweiterbildung,,P8 TVöD-K/VKA ohne Weiterbildung und P9 TVöD K/VKA mit Weiterbildung; 13. Gehalt und München-Zulage,ja,,,Abgeschlossene Ausbildung als Gesundheits- und Kinderkrankenpfleger*in oder Pflegefachkraft | sehr gute Deutschkenntnisse,"idealerweise Fachweiterbildung ""Pädiatrische Intensiv und Anästhesiepflege""",4,"Zuordnung aus dem vorherigen Lauf übernommen · pay_grade auf der Seite nicht gefunden, geleert · housing_quote auf der Seite nicht gefunden, geleert",https://www.muenchen-klinik.de/stellenmarkt/aktuelles-stellenangebot/stellenangebot/pflegefachkraft-paediatrische-und-neonatologische-intensiv-und-imc-w-m-d-stellennummer-43511/
Orthopädische Fachkliniken der Hessing Stiftung,Augsburg,Intensivstation,(Fach-) Gesundheits- und (Kinder-) Krankenpfleger:Innen (m/w/d) für die Intensivstation der orthopädischen Fachklinik,fachweiterbildung,,"Unbefristeter Arbeitsvertrag inklusive einer attraktiven Vergütung nach TVöD, Eingruppierung als Pflegefachkraft (m/w/d) in der EG P8 TVöD; Pflegefachkraft (m/w/d) mit Fachweiterbildung in der EG P9 TVöD",ja,"Günstige Betriebswohnungen in unmittelbarer Nähe, Ferienwohnungen sowie Mietfahr-zeuge",vollzeit_teilzeit,Examen als Gesundheits- und Kinder-/Krankenpfleger/in | Fachweiterbildung Anästhesie und Intensivmedizin wünschenswert (aber keine Voraussetzung) | Team- und Kommunikationsfähigkeit | Flexibilität im Handeln | Physische und psychische Belastbarkeit,Mit Berufserfahrung,5,,https://hessing-kliniken.softgarden.io/job/61998984/-Fach-Gesundheits-und-Kinder-Krankenpfleger-Innen-m-w-d-f%C3%BCr-die-Intensivstation-der-orthop%C3%A4dischen-Fachklinik?jobDbPVId=282369125&l=de
Orthopädische Fachkliniken der Hessing Stiftung,Augsburg,Alterstraumatologie,Gesundheits- und (Alten-)Krankenpfleger:Innen (m/w/d) für die Alterstraumatologie der Hessing Kliniken,fachweiterbildung,P7,"Unbefristeter Arbeitsvertrag inklusive einer attraktiven Vergütung nach TVöD-K, Eingruppierung als Pflegefachkraft (m/w/d) in der EG P7 TVöD-K",ja,"Günstige Betriebswohnungen in unmittelbarer Nähe, Ferienwohnungen sowie Mietfahr-zeuge",vollzeit_teilzeit,Absolvierte Ausbildung zur Gesundheits- und (Alten-)Krankenpfleger:Innen | Idealerweise abgeschlossener Zercur Basiskurs oder Fachweiterbildung Geriatrie bzw. die Bereitschaft dazu | Empathie mit geriatrischen Menschen | Aktivierende-unterstützende Pflegegedanken | Hohe Team- und Kommunikationsfähigkeit,Mit Berufserfahrung,5,,https://hessing-kliniken.softgarden.io/job/45379967/Gesundheits-und-Alten-Krankenpfleger-Innen-m-w-d-f%C3%BCr-die-Alterstraumatologie-der-Hessing-Kliniken?jobDbPVId=283761700&l=de
Orthopädische Fachkliniken der Hessing Stiftung,Augsburg,geriatrische Rehabilitationsklinik,Gesundheits- und Krankenpfleger/Altenpflegekraft/Pflegefachkraft (m/w/d) für die geriatrische Rehabilitationsklinik,pflegefachkraft,P7,"Unbefristeter Arbeitsvertrag inklusive einer attraktiven Vergütung nach TVöD, Eingruppierung als Pflegefachkraft (m/w/d) in der EG P7 TVöD; zusätzliche Zulage für die geriatrische Rehabilitationsklinik",ja,"Günstige Betriebswohnungen in unmittelbarer Nähe, Ferienwohnungen sowie Mietfahr-zeuge",vollzeit_teilzeit,Ausbildung zum Gesundheits- und Krankenpflegekraft oder generalistische Ausbildung mit Schwerpunkt Krankenpflege | Empathie mit geriatrischen Menschen | Aktivierende-unterstützendende Pflegegedanken | Hohe Team- und Kommunikationsfähigkeit,Ohne Berufserfahrung,5,,https://hessing-kliniken.softgarden.io/job/48306132/Gesundheits-und-Krankenpfleger-Altenpflegekraft-Pflegefachkraft-m-w-d-f%C3%BCr-die-geriatrische-Rehabilitationsklinik-?jobDbPVId=281310498&l=de
Orthopädische Fachkliniken der Hessing Stiftung,Augsburg,OP,Operationstechnische Assistenten oder Pflegefachkräfte mit und ohne Fachweiterbildung (m/w/d) für den OP,ota_ata,,"Attraktiven Vergütung nach TVöD-K: Eingruppierung als OTA (m/w/d) in der EG P8 TVöD-K; Pflegefachkraft (m/w/d) mit Fachweiterbildung in der EG P9 TVöD-K, sowie Weihnachtsgeld und Leistungsentgelt",ja,"Günstige Betriebswohnungen in unmittelbarer Nähe, Ferienwohnungen sowie Mietfahrzeuge",vollzeit_teilzeit,Abgeschlossene Ausbildung als Operationstechnische Assistentin (m/w/d) | oder eine abgeschlossene Ausbildung zur Pflegefachkraft (m/w/d) mit und ohne OP-Fachweiterbildung | Kommunikationsfähigkeit und Teamfähigkeit | Verantwortungsbewusstsein | Bereitschaft zu Rufdiensten | Fähigkeit zum flexiblen Handeln und selbständigen Arbeiten,Mit Berufserfahrung,5,,https://hessing-kliniken.softgarden.io/job/38963081/Operationstechnische-Assistenten-oder-Pflegefachkr%C3%A4fte-mit-und-ohne-Fachweiterbildung-m-w-d-f%C3%BCr-den-OP?jobDbPVId=281310518&l=de
Orthopädische Fachkliniken der Hessing Stiftung,Augsburg,Station A3,"Pflegefachkr%C3%A4fte m w d f%C3%BCr unsere Station mit Spezialisierung auf das Fachgebiet Kinder , Jugendlichen und Neuroorthop%C3%A4die sowie Wirbels%C3%A4ulen und Skoliosen",pflegefachkraft,,Unbefristeter Arbeitsvertrag inklusive einer attraktiven Vergütung nach TVöD-K,ja,"Günstige Betriebswohnungen in unmittelbarer Nähe, Ferienwohnungen sowie Mietfahr-zeuge",vollzeit_teilzeit,"Abgeschlossene Ausbildung als examinierte Pflegefachkraft (m/w/d) oder Kinderpflegefachkraft (m/w/d) | Fähigkeit zur selbstständigen und verantwortungsbewussten Arbeitsweise | Teamfähigkeit | Kommunikationsfähigkeit | Physische und psychische Belastbarkeit | Hohe soziale Kompetenz und Empathie im Umgang mit Patienten und Angehörigen | Interesse an der Arbeit mit Erwachsenen, Kindern- und Jugendlichen mit neuroorthopädischen und neuromuskulären Krankheitsbildern und Wirbelsäulenerkrankungen | Motivation an der Arbeit mit Patient:Innen mit Behinderung - und oder besonderen Beeinträchtigungen",Mit Berufserfahrung,5,,"https://hessing-kliniken.softgarden.io/job/63231769/Pflegefachkr%C3%A4fte-m-w-d-f%C3%BCr-unsere-Station-mit-Spezialisierung-auf-das-Fachgebiet-Kinder-,-Jugendlichen-und-Neuroorthop%C3%A4die-sowie-Wirbels%C3%A4ulen-und-Skoliosen?jobDbPVId=281178038&l=de"
Orthopädische Fachkliniken der Hessing Stiftung,Augsburg,Notaufnahme,Pflegefachkraft (m/w/d) für die Notaufnahme,pflegefachkraft,P8,"Unbefristeter Arbeitsvertrag inklusive einer attraktiven Vergütung nach TVöD-K, Eingruppierung als Pflegefachkraft (m/w/d) in der EG P8 TVöD-K",ja,"Günstige Betriebswohnungen in unmittelbarer Nähe, Ferienwohnungen sowie Mietfahrzeuge",vollzeit_teilzeit,"Sie verfügen über eine erfolgreich abgeschlossene Ausbildung zur Pflegefachkraft (m/w/d) | Sie bringen eine hohe Eigenmotivation, sowie Leistungsbereitschaft mit | Sie zeichnet Begeisterungsfähigkeit, Teamgeist und Leidenschaft aus | Sie verfügen über eine physische und psychische Belastbarkeit",Mit Berufserfahrung,5,,https://hessing-kliniken.softgarden.io/job/34720714/Pflegefachkraft-m-w-d-f%C3%BCr-die-Notaufnahme-?jobDbPVId=281178153&l=de
Orthopädische Fachkliniken der Hessing Stiftung,Augsburg,Anästhesie-Pflege,Pflegefachkräfte (m/w/d) für die Anästhesie-Pflege der Orthopädischen Fachkliniken,fachweiterbildung,,"Unbefristeter Arbeitsvertrag inklusive einer attraktiven Vergütung nach TVöD-K, Eingruppierung als Pflegefachkraft (m/w/d) oder Anästhesietechnischer Assistent (m/w/d) in der EG P8 TVöD-K; Pflegefachkraft (m/w/d) mit Fachweiterbildung in der EG P9 TVöD-K",ja,"Günstige Betriebswohnungen in unmittelbarer Nähe, Ferienwohnungen sowie Mietfahr-zeuge",vollzeit_teilzeit,"Abgeschlossene Ausbildung als Pflegefachkraft (m/w/d) oder Anästhesietechnischer Assistent (m/w/d) | Fachweiterbildung Anästhesie und Intensivmedizin erwünscht, oder Bereitschaft, diese zu erwerben | Team- und Kommunikationsfähigkeit | Flexibilität im Handeln | Physische und psychische Belastbarkeit | Interesse an Weiterbildungsprogramm",Mit Berufserfahrung,5,,https://hessing-kliniken.softgarden.io/job/26105883/Pflegefachkr%C3%A4fte-m-w-d-f%C3%BCr-die-An%C3%A4sthesie-Pflege-der-Orthop%C3%A4dischen-Fachkliniken?jobDbPVId=282369050&l=de
Orthopädische Fachkliniken der Hessing Stiftung,Augsburg,orthopädische Fachklinik,Pflegefachkräfte (m/w/d) für die orthopädische Fachklinik,pflegefachkraft,,Unbefristeter Arbeitsvertrag inklusive einer attraktiven Vergütung nach TVöD-K,ja,"Günstige Betriebswohnungen in unmittelbarer Nähe, Ferienwohnungen sowie Mietfahr-zeuge",vollzeit_teilzeit,3-jährige Ausbildung als Pflegefachkraft oder Kinderpflegefachkraft (m/w/d) | Teamfähigkeit | Kommunikationsfähigkeit | Physische und psychische Belastbarkeit,Mit Berufserfahrung,5,,https://hessing-kliniken.softgarden.io/job/27937640/Pflegefachkr%C3%A4fte-m-w-d-f%C3%BCr-die-orthop%C3%A4dische-Fachklinik?jobDbPVId=283761680&l=de
Orthopädische Fachkliniken der Hessing Stiftung,Augsburg,orthopädische Rehabilitationsklinik,Pflegefachkräfte (m/w/d) für die orthopädische Rehabilitationsklinik,pflegefachkraft,P7,"Unbefristeter Arbeitsvertrag inklusive einer attraktiven Vergütung nach TVöD-K, Eingruppierung als Pflegefachkraft (m/w/d) in der EG P7 TVöD-K",ja,"Günstige Betriebswohnungen in unmittelbarer Nähe, Ferienwohnungen sowie Mietfahr-zeuge",vollzeit_teilzeit,3-jährige Ausbildung zur Pflegefachkraft (m/w/d) | Teamfähigkeit | Kommunikationsfähigkeit | Physische und psychische Belastbarkeit,Mit Berufserfahrung,5,,https://hessing-kliniken.softgarden.io/job/61661772/Pflegefachkr%C3%A4fte-m-w-d-f%C3%BCr-die-orthop%C3%A4dische-Rehabilitationsklinik?jobDbPVId=282369175&l=de
Orthopädische Fachkliniken der Hessing Stiftung,Augsburg,SCU (StudentCareUnit),Pflegefachkräfte (m/w/d) mit der Fachweiterbildung Praxisanleitung für unsere SCU (StudentCareUnit),fachweiterbildung,P9,"Leistungsgerechte Vergütung nach TVöD-K, Eingruppierung als Pflegefachkraft (m/w/d) mit der Fachweiterbildung Praxisanleitung in EG P9 TVöD-K",unklar,,vollzeit,"Examen als Gesundheits- und (Kinder-) Krankenpfleger oder Altenpfleger (m/w/d) | Abgeschlossene Weiterbildung zum Praxisanleiter | Hohe Eigenmotivation und Leistungsbereitschaft | Begeisterungsfähigkeit, Kreativität, Teamgeist und Leidenschaft",Mit Berufserfahrung,5,,https://hessing-kliniken.softgarden.io/job/56934488/Pflegefachkr%C3%A4fte-m-w-d-mit-der-Fachweiterbildung-Praxisanleitung-f%C3%BCr-unsere-SCU-StudentCareUnit-?jobDbPVId=283141190&l=de
Orthopädische Fachkliniken der Hessing Stiftung,Augsburg,,Pflegefachkräfte (m/w/d) zur Berufsanerkennung,hilfskraft,P6,"Vergütung nach TVöD-K, Eingruppierung in Entgeltgruppe P6; einschließlich Sonn-, Feiertags- und Nachtzuschläge",ja,"Günstige Betriebswohnungen in unmittelbarer Nähe, Ferienwohnungen sowie Mietfahrzeuge",vollzeit,"Einen Anerkennungsbescheid einer Regierungsbehörde | Deutsche Sprachkenntnisse auf dem Niveau B1 und Interesse, Ihre Sprachkenntnisse kontinuierlich zu verbessern | Bereitschaft an einem Vorbereitungskurs zum Anerkennungsverfahren teilzunehmen und B2-Kurs zu absolvieren | Freude und hohe Motivation in unserem Team zu arbeiten und unsere Patienten zu unterstützen | Freundlichkeit, Verantwortungsbewusstsein und Professionalität | Motivation für das Anerkennungsverfahren",Ohne Berufserfahrung,5,,https://hessing-kliniken.softgarden.io/job/49128798/Pflegefachkr%C3%A4fte-m-w-d-zur-Berufsanerkennung?jobDbPVId=283430945&l=de
Orthopädische Fachkliniken der Hessing Stiftung,Augsburg,,Praxisanleiter (m/w/d) für den Pflegebereich,fachweiterbildung,P8,"Vergütung nach TVöD-BT-K EG P8 inklusive einer jährlichen Sonderzahlung und einer möglichen zusätzlichen Zulage von 176,-€ monatlich für die Tätigkeit als Praxisanleiter.",ja,Je nach Verfügbarkeit können Sie eine vergünstigte Betriebswohnung in unmittelbarer Nähe zu Ihrem Arbeitsplatz nutzen.,vollzeit_teilzeit,Abgeschlossene Ausbildung in der Gesundheits- und Krankenpflege oder Altenpflege mit Weiterbildung zum/zur Praxisanleiter/in. | Abgeschlossene Weiterbildung zum Praxisanleiter mit mindestens 1-Jähriger Berufserfahrung als Praxisanleiter | Mehrjährige Berufserfahrung im Pflegebereich | Ausgeprägte Kommunikations- und Organisationsfähigkeiten | Fähigkeit zur eigenverantwortlichen und strukturierten Arbeit | Flexibilität und Belastbarkeit in einem dynamischen Arbeitsumfeld,Mit Leitungsfunktion,5,,https://hessing-kliniken.softgarden.io/job/66787365/Praxisanleiter-m-w-d-f%C3%BCr-den-Pflegebereich?jobDbPVId=282443095&l=de
Orthopädische Klinik König-Ludwig-Haus,Würzburg,,Blitzbewerbung für examinierte Pflegekräfte,pflegefachkraft,,,unklar,,,Grundvoraussetzung für eine Bewerbung ist eine abgeschlossene Ausbildung als Pflegekraft!,,3,"einzige Klinik am Portal, Ort der Anzeige unbekannt; Ort der Stelle nicht belegt",https://www.koenig-ludwig-haus.de/karriere/jobs-im-klh/blitzbewerbung/index.html
Orthopädische Klinik König-Ludwig-Haus,Würzburg,"Orthopädische Klinik, Nachtdienst",Gesundheits- und Krankenpflegerin bzw. Gesundheits- und Krankenpfleger (w/m/d) für den dauerhaften Einsatz im Nachtdienst,pflegefachkraft,P7,,nein,,Vollzeit oder Teilzeit,examinierte/r Gesundheits- und Krankenpfleger/in (Examen frisch möglich),,3,"Zuordnung aus dem vorherigen Lauf übernommen; Ort der Stelle nicht belegt · pay_text auf der Seite nicht gefunden, geleert",https://www.koenig-ludwig-haus.de/karriere/jobs-im-klh/index.html?detID=185
Orthopädische Klinik König-Ludwig-Haus,Würzburg,"Orthopädische Klinik (Station, Primäre Pflege)",Gesundheits- und Krankenpflegerin bzw. Gesundheits- und Krankenpfleger (w/m/d) in Vollzeit oder Teilzeit,pflegefachkraft,P7,Wir bezahlen übrigens nach EG P7 TVöD-K,nein,,Vollzeit oder Teilzeit,examinierte/r Gesundheits- und Krankenpfleger/in (Berufsanfänger willkommen),,3,Zuordnung aus dem vorherigen Lauf übernommen; Ort der Stelle nicht belegt,https://www.koenig-ludwig-haus.de/karriere/jobs-im-klh/index.html?detID=149
Orthopädische Klinik König-Ludwig-Haus,Würzburg,"Psychiatrische Institutsambulanz (PIA), Zentrum für Seelische Gesundheit",Pflegefachkraft (w/m/d) für die Psychiatrische Institutsambulanz (PIA) in Teilzeit,pflegefachkraft,P8,Wir bezahlen übrigens nach EG P8 TVöD-K (bzw. mit abgeschlossener Fachweiterbildung für die psychiatrische Pflege nach EG P9),nein,,Teilzeit mit bis zu 80% (bis zu 30 Stunden/Woche),Pflegefachkraft | Erfahrung/Weiterbildung psychiatrische Pflege idealerweise,"Idealerweise Berufserfahrung in der psychiatrischen Pflege und Weiterbildung Pflege in der Psychiatrie, Psychosomatik und Psychotherapie nach DKG-Richtlinien",3,Zuordnung aus dem vorherigen Lauf übernommen; Ort der Stelle nicht belegt,https://www.koenig-ludwig-haus.de/karriere/jobs-im-klh/index.html?detID=1772
Orthopädische Klinik König-Ludwig-Haus,Würzburg,OP-Dienst,Pflegekräfte (w/m/d) für den OP-Dienst oder OTA (w/m/d) in Voll- oder Teilzeit,ota_ata,,,nein,,Voll- oder Teilzeit,dreijährige Ausbildung als Gesundheits- und Krankenpfleger oder als Operationstechnischer Assistent abgeschlossen bzw. in Kürze,"Berufserfahrung im OP-Dienst erleichtert Einarbeitung, nicht zwingend; Fachkundelehrgang I nicht zwingend",2,"Zuordnung aus dem vorherigen Lauf übernommen; Ort der Stelle nicht belegt; keine Belegzitate · pay_text auf der Seite nicht gefunden, geleert",https://www.koenig-ludwig-haus.de/karriere/jobs-im-klh/index.html?detID=1003
Orthopädische Klinik König-Ludwig-Haus,Würzburg,,Stellenanzeige Onkologische Fachkraft (m/w/d) auf einer Pflegestation in der Orthopädischen Klinik König-Ludwig-Haus,fachweiterbildung,P9,Ein höheres Maß an Verantwortung bringt natürlich auch eine höhere Vergütung mit sich - mit abgeschlossener Fachweiterbildung in der Onkologie können Sie eine Vergütung nach EG P9TVöD-K erwarten.,unklar,,vollzeit_teilzeit,examinierte Pflegekraft | die Fachweiterbildung in der Onkologie nach den Richtlinien der DKG erfolgreich abgeschlossen,,3,"einzige Klinik am Portal, Ort der Anzeige unbekannt; Ort der Stelle nicht belegt",https://www.koenig-ludwig-haus.de/karriere/jobs-im-klh/index.html?detID=1747
Prosomno Klinik für Schlafmedizin,München,Schlafklinik,Pflegefachkraft für den Nachtdienst in unserer Schlafklinik (m/w/d),pflegefachkraft,,,ja,Wohnmöglichkeit im Zentrum Münchens nach Absprache,vollzeit_teilzeit,Erfolgreicher Abschluss als: Pflegefachkraft (m/w/d) Gesundheits- und Krankenpfleger (m/w/d) oder vergleichbare Qualifikationen | Interesse am Erlernen von neuen Fachwissen | Technisches Verständnis | Aufgeschlossene sowie eigenverantwortliche Arbeitsweise | Freude an der Arbeit im Team,,3,"einzige Klinik am Portal, Ort der Anzeige unbekannt; Ort der Stelle nicht belegt",https://prosomno.de/stelle/pflegefachkraft-fuer-den-nachtdienst-in-unserer-schlafklinik-m-w-d/
Reha-Zentrum Nittenau,Nittenau,neurologische Rehabilitation,Pflegefachkraft (m/w/d) neurologische Rehabilitation Berufseinsteiger Pflege Nittenau Neu,pflegefachkraft,,"tarifliche Vergütung (VPKA), unter Berücksichtigung der Berufserfahrung und Zusatzqualifikation",unklar,,,"abgeschlossene staatlich anerkannte Ausbildung oder Vorliegen einer deutsche Urkunde als Pflegefachmann/ Gesundheits- und Krankenpfleger/ Altenpfleger (m/w/d) | oder vergleichbares Studium | Erfahrung in der Gesundheits- und Krankenpflege wünschenswert | vollständiger Masernimpfschutz bzw. -immunität gemäß gesetzlicher Vorgabe für Mitarbeiter, die nach dem 31.12.1970 geboren wurden",Erfahrung in der Gesundheits- und Krankenpflege wünschenswert,5,,https://karriere.passauerwolf.de/jobs/54905968/Pflegefachkraft-m-w-d-neurologische-Rehabilitation/
Rhön-Klinikum Campus Bad Neustadt,Bad Neustadt an der Saale,Intensivstation,Gesundheits- und Krankenpfleger Intensivstation (m/w/d),pflegefachkraft,,eine attraktive Vergütung entsprechend unserem Haustarifvertrag,unklar,,"in Voll/Teilzeit, Unbefristeter Arbeitsvertrag","Pflegefachkraft, Gesundheits- und Krankenpfleger oder Altenpfleger",,4,Zuordnung aus dem vorherigen Lauf übernommen,https://bewerberportal.rhoen-klinikum-ag.com/Gesundheits-und-Krankenpfleger-Intensivstation-mwd-de-j3106.html
Rhön-Klinikum Campus Bad Neustadt,Bad Neustadt an der Saale,Normalstationen Herzchirurgie,Pflegefachkraft (m/w/d) Normalstationen Herzchirurgie,pflegefachkraft,,eine attraktive Vergütung entsprechend unserem Haustarifvertrag,unklar,,in Voll/Teilzeit,Gesundheits- und Krankenpfleger oder Altenpfleger,idealerweise mit erster Berufserfahrung,4,Zuordnung aus dem vorherigen Lauf übernommen,https://bewerberportal.rhoen-klinikum-ag.com/Pflegefachkraft-mwd-Normalstationen-Herzchirurgie-de-j651.html
Rhön-Klinikum Campus Bad Neustadt,Bad Neustadt an der Saale,Zentrale Notaufnahme,Pflegefachkraft (m/w/d) Zentrale Notaufnahme,pflegefachkraft,,eine attraktive Vergütung entsprechend unserem Haustarifvertrag,unklar,,in Vollzeitbeschäftigung,"erfolgreich abgeschlossene Ausbildung zum Gesundheits- und Krankenpfleger, Krankenpfleger oder Pflegefachmann | gute EDV-Kenntnisse",wünschenswert Berufserfahrung in der Notfallpflege,4,Zuordnung aus dem vorherigen Lauf übernommen,https://bewerberportal.rhoen-klinikum-ag.com/Pflegefachkraft-mwd-Zentrale-Notaufnahme-de-j3105.html
Rhön-Klinikum Campus Bad Neustadt,Bad Neustadt an der Saale,Neurologisch-neurochirurgische Intensivstation,Pflegefachkraft (m/w/d) neurologisch-neurochirurgische Intensivstation,pflegefachkraft,,eine attraktive Vergütung entsprechend unserem Haustarifvertrag,unklar,,"in Voll- oder Teilzeit, Unbefristeten Arbeitsvertrag",Ausbildung zur Gesundheits- & Krankenpflegefachkraft oder Ausbildung als Gesundheits- & Krankenpfleger,,4,Zuordnung aus dem vorherigen Lauf übernommen,https://bewerberportal.rhoen-klinikum-ag.com/Pflegefachkraft-mwd-neurologisch-neurochirurgische-Intensi-de-j2716.html
Rhön-Klinikum Campus Bad Neustadt,Bad Neustadt an der Saale,Endoskopie,Pflegefachkraft Endoskopie (m/w/d),pflegefachkraft,,eine attraktive Vergütung entsprechend unserem Haustarifvertrag,unklar,,in Voll/Teilzeit,Ausbildung zur/zum Gesundheits- und Krankenpfleger/Pflegefachfrau/-mann oder Ausbildung zur/zum Medizinischen Fachangestellte | Bereitschaft zum Schicht/-Rufdienst,idealerweise FWB zur Pflege in der Endoskopie,4,Zuordnung aus dem vorherigen Lauf übernommen,https://bewerberportal.rhoen-klinikum-ag.com/Pflegefachkraft-Endoskopie-mwd-de-j2580.html
RoMed Klinik Bad Aibling,Bad Aibling,,Pflegefachkraft (m/w/d) Wir kennen uns beim Namen – profitieren Sie von kurzen Wegen und einem starken Zusammenhalt.,pflegefachkraft,,P 7 TvöD-Pflege,unklar,,"unbefristet Vollzeit, Teilzeit","abgeschlossene Ausbildung als Pflegefachmann / Pflegefachfrau, Gesundheits- und Krankenpfleger (m/w/d) oder Altenpfleger (m/w/d) | Bereitschaft zur Arbeit im Schichtsystem",,3,"Zuordnung aus dem vorherigen Lauf übernommen; Ort der Stelle nicht belegt · pay_grade auf der Seite nicht gefunden, geleert",https://romed-jobs.de/de/jobs/31410/pflegefachkraft-mwd-wir-kennen-uns-beim-namen-profitieren-sie-von-kurzen-wegen-und-einem-starken-zusammenhalt
RoMed Klinik Bad Aibling,Bad Aibling,Wund- und Stomatherapie,Pflegefachkraft (m/w/d) Wund- und Stomatherapie „Hybrid“ für unsere Standorte Bad Aibling und Rosenheim,pflegefachkraft,,P 8 TvöD-Pflege,unklar,,"unbefristet Vollzeit, Teilzeit","erfolgreich abgeschlossene, staatlich anerkannte Ausbildung als Pflegefachkraft (PFK, GKP)","Idealerweise bereits Erfahrung oder eine Zusatzqualifikation im Wund-, Stoma- oder Inkontinenzmanagement",3,"Zuordnung aus dem vorherigen Lauf übernommen; Ort der Stelle nicht belegt · pay_grade auf der Seite nicht gefunden, geleert",https://romed-jobs.de/de/jobs/31433/pflegefachkraft-mwd-wund-und-stomatherapie-hybrid-fur-unsere-standorte-bad-aibling-und-rosenheim
RoMed Klinik Bad Aibling,Bad Aibling,,Zentraler Praxisanleiter für internationale Pflegekräfte in Anerkennung (m/w/d),fachweiterbildung,,P 8 TvöD-Pflege,unklar,,unbefristet Vollzeit,"abgeschlossene, staatlich anerkannte Ausbildung als Pflegefachkraft | erfolgreich absolvierte Weiterbildung zum Praxisanleiter",Weiterbildung zum Praxisanleiter,3,"Zuordnung aus dem vorherigen Lauf übernommen; Ort der Stelle nicht belegt · pay_grade auf der Seite nicht gefunden, geleert",https://romed-jobs.de/de/jobs/31118/zentraler-praxisanleiter-fur-internationale-pflegekrafte-in-anerkennung-mwd
RoMed Klinik Prien am Chiemsee,Prien am Chiemsee,"Station C1, B1, M1, GHZ",Pflegefachkraft (m/w/d),pflegefachkraft,,,unklar,,"Vollzeit, Teilzeit; unbefristet","Abgeschlossene, staatlich anerkannte Ausbildung als Pflegefachkraft oder Altenpfleger",,3,"Zuordnung aus dem vorherigen Lauf übernommen; Ort der Stelle nicht belegt · pay_text auf der Seite nicht gefunden, geleert · pay_grade auf der Seite nicht gefunden, geleert",https://romed-jobs.de/de/jobs/31395/pflegefachkraft-mwd
RoMed Klinik Prien am Chiemsee,Prien am Chiemsee,ZNA,Pflegefachkraft (m/w/d) Zentrale Notaufnahme,pflegefachkraft,,,unklar,,"Vollzeit, Teilzeit; unbefristet","Abgeschlossene, staatlich anerkannte Ausbildung als Pflegefachfrau/-mann bzw. Gesundheits- und Krankenpfleger",,3,"Zuordnung aus dem vorherigen Lauf übernommen; Ort der Stelle nicht belegt · pay_text auf der Seite nicht gefunden, geleert · pay_grade auf der Seite nicht gefunden, geleert",https://romed-jobs.de/de/jobs/31460/pflegefachkraft-mwd-zentrale-notaufnahme
RoMed Klinik Prien am Chiemsee,Prien am Chiemsee,Anästhesie,Pflegefachkraft/ ATA für die Anästhesie (m/w/d),pflegefachkraft,,,unklar,,"Vollzeit, Teilzeit; unbefristet","Abgeschlossene, staatlich anerkannte Ausbildung als GKP, idealerweise mit Fachweiterbildung oder ATA",idealerweise Fachweiterbildung (Anästhesie),3,"Zuordnung aus dem vorherigen Lauf übernommen; Ort der Stelle nicht belegt · pay_text auf der Seite nicht gefunden, geleert · pay_grade auf der Seite nicht gefunden, geleert",https://romed-jobs.de/de/jobs/265/pflegefachkraft-ata-fur-die-anasthesie-mwd
RoMed Klinik Wasserburg,Wasserburg am Inn,OP,OTA (m/w/d),ota_ata,,P 8 TvöD-Pflege,unklar,,Teilzeit; unbefristet,"Abgeschlossene Ausbildung als Operationstechnischer Assistent (OTA) oder vergleichbare Qualifikation (z. B. Fachkrankenpfleger im Operationsdienst, Pflegefachkraft mit OP-Erfahrung)",OP-Erfahrung,3,"Zuordnung aus dem vorherigen Lauf übernommen; Ort der Stelle nicht belegt · pay_grade auf der Seite nicht gefunden, geleert",https://romed-jobs.de/de/jobs/31454/ota-mwd
RoMed Klinik Wasserburg,Wasserburg am Inn,,Pflegefachkraft (m/w/d),pflegefachkraft,,Nach TVöD sowie eine 100 % arbeitgeberfinanzierte betriebliche Altersvorsorge,unklar,,"Vollzeit, Teilzeit; unbefristet","Abgeschlossene, staatlich anerkannte Ausbildung als Pflegefachkraft/ Gesundheits- und Krankenpfleger (PFK/GKP) oder Altenpfleger",,3,Zuordnung aus dem vorherigen Lauf übernommen; Ort der Stelle nicht belegt,https://romed-jobs.de/de/jobs/31397/pflegefachkraft-mwd
RoMed Klinik Wasserburg,Wasserburg am Inn,Berufsfachschule für Pflege (Praxisbegleitung),Pflegefachkraft (m/w/d) für den Schwerpunkt Praxisbegleitung und fachpraktischem Unterricht,fachweiterbildung,,P 8 TvöD-Pflege,unklar,,Teilzeit; befristet für 2 Jahre,Abgeschlossene 3-jährige Pflegeausbildung | zertifizierte Weiterbildung zur Praxisanleitung,Weiterbildung Praxisanleitung,3,"Zuordnung aus dem vorherigen Lauf übernommen; Ort der Stelle nicht belegt · pay_grade auf der Seite nicht gefunden, geleert",https://romed-jobs.de/de/jobs/31452/pflegefachkraft-mwd-fur-den-schwerpunkt-praxisbegleitung-und-fachpraktischem-unterricht-berufsfachschule-fur-pflege
RoMed Klinikum Rosenheim,Rosenheim,OP-Abteilung (12 Säle),OTA / Pflegefachkraft OP (m/w/d),ota_ata,,,unklar,,"unbefristet Vollzeit, Teilzeit",Ausbildung zum / zur OTA / zum / zur Gesundheits-/ und Krankenpfleger /-in,"Fachweiterbildung OP wäre ideal, ist aber keine Voraussetzung",3,"Zuordnung aus dem vorherigen Lauf übernommen; Ort der Stelle nicht belegt · pay_text auf der Seite nicht gefunden, geleert · pay_grade auf der Seite nicht gefunden, geleert",https://romed-jobs.de/de/jobs/57/ota-pflegefachkraft-op-mwd
RoMed Klinikum Rosenheim,Rosenheim,Intensivstation,Pflegefachkraft (m/w/d) Intensivstation,fachweiterbildung,,,unklar,,"unbefristet Vollzeit, Teilzeit","abgeschlossene, staatlich anerkannte Ausbildung als Gesundheits- und Krankenpflegekraft",Fachweiterbildung in der Intensivpflege oder den Wunsch diese zu absolvieren,3,"Zuordnung aus dem vorherigen Lauf übernommen; Ort der Stelle nicht belegt · pay_text auf der Seite nicht gefunden, geleert · pay_grade auf der Seite nicht gefunden, geleert",https://romed-jobs.de/de/jobs/66/pflegefachkraft-mwd-intensivstation
RoMed Klinikum Rosenheim,Rosenheim,Kardiologie,Pflegefachkraft (m/w/d) Kardiologie,pflegefachkraft,,P 7 TvöD-Pflege,unklar,,"unbefristet Vollzeit, Teilzeit",Abgeschlossene Ausbildung als Pflegefachkraft (bzw. Gesundheits- und Krankenpfleger GKP),,3,"Zuordnung aus dem vorherigen Lauf übernommen; Ort der Stelle nicht belegt · pay_grade auf der Seite nicht gefunden, geleert",https://romed-jobs.de/de/jobs/31163/pflegefachkraft-mwd-kardiologie
RoMed Klinikum Rosenheim,Rosenheim,ZNA / Notfallpflege,Pflegefachkraft (m/w/d) Notfallpflege,fachweiterbildung,,"E 9a TvöD-K/ VKA, P 8 TvöD-Pflege",unklar,,"unbefristet Vollzeit, Teilzeit","abgeschlossene, staatlich anerkannte Ausbildung als Gesundheits- und Krankenpfleger",Fachweiterbildung Notfallpflege absolviert oder strebt die Weiterbildung an,3,"Zuordnung aus dem vorherigen Lauf übernommen; Ort der Stelle nicht belegt · pay_grade auf der Seite nicht gefunden, geleert",https://romed-jobs.de/de/jobs/195/pflegefachkraft-mwd-notfallpflege
RoMed Klinikum Rosenheim,Rosenheim,Palliativstation,Pflegefachkraft (m/w/d) Palliativstation,pflegefachkraft,,P 7 TvöD-Pflege,unklar,,unbefristet Vollzeit,"abgeschlossene, staatlich anerkannte Ausbildung als Pflegefachfrau / Pflegefachmann",,3,"Zuordnung aus dem vorherigen Lauf übernommen; Ort der Stelle nicht belegt · pay_grade auf der Seite nicht gefunden, geleert",https://romed-jobs.de/de/jobs/31170/pflegefachkraft-mwd-palliativstation
Rotkreuzklinikum München,München,Anästhesieabteilung,Anästhesiepflegefachkraft / Anästhesietechnischen Assistenten (ATA) (w/m/d),ota_ata,,,unklar,,Voll- oder Teilzeit,Abgeschlossene Ausbildung als Anästhesietechnische/r Assistent/in (ATA) oder in einem Pflegeberuf | Teilnahme am Bereitschaftsdienst | Masernschutz,erfolgreich abgeschlossene Weiterbildung für Anästhesie- und Intensivpflege (DKG) erwünscht,2,"Zuordnung aus dem vorherigen Lauf übernommen; Ort der Stelle nicht belegt; keine Belegzitate · pay_text auf der Seite nicht gefunden, geleert",https://swmbrk.concludis.de/prj/shw/233f1dd0f3f537bcb7a338ea74d63483_0/5960/Anaesthesiepflegefachkraft_Anaesthesietechnischen_Assistenten_ATA_w_m_d.htm?b=0
Rotkreuzklinikum München,München,OP Frauenklinik und Zentral-OP,Operationstechnischen Assistenten (m/w/d) oder Pflegefachkraft (m/w/d),ota_ata,,,unklar,,Vollzeit,Abgeschlossene Ausbildung zum/zur operationstechnischen Assistenten/Assistentin (m/w/d) oder abgeschlossene Ausbildung zur Pflegefachkraft (m/w/d) mit OP-Weiterbildung wünschenswert | Teilnahme am Bereitschaftsdienst | Masernschutz,,2,"Zuordnung aus dem vorherigen Lauf übernommen; Ort der Stelle nicht belegt; keine Belegzitate · pay_text auf der Seite nicht gefunden, geleert",https://swmbrk.concludis.de/prj/shw/fc0de4e0396fff257ea362983c2dda5a_0/8969/Operationstechnischen_Assistenten_m_w_d_oder_Pflegefachkraft_m_w_d.htm?b=0
Rotkreuzklinikum München,München,Intensivstation / IMC / Überwachungsstation / CPU,Pflegefachkraft (m/w/d) Intensivstation / IMC / Überwachungsstation / CPU,pflegefachkraft,,,unklar,,Voll- oder Teilzeit,Erfolgreich abgeschlossene Ausbildung zur Pflegefachkraft (m/w/d) mit und ohne Fachweiterbildung in der IMC oder die Bereitschaft diese zu absolvieren | Einsatzbereitschaft im 3-Schicht-System | Masernschutz,,2,"Zuordnung aus dem vorherigen Lauf übernommen; Ort der Stelle nicht belegt; keine Belegzitate · pay_text auf der Seite nicht gefunden, geleert",https://swmbrk.concludis.de/prj/shw/b3592b0702998592368d3b4d4c45873a_0/8382/Pflegefachkraft_m_w_d_Intensivstation_IMC_Ueberwachungsstation_CPU.htm?b=0
Rotkreuzklinikum München,München,Hämatologie und Onkologie,Pflegefachkraft (m/w/d) für die Hämatologie und Onkologie,pflegefachkraft,,,unklar,,Vollzeit,Abgeschlossene Ausbildung zur Pflegefachkraft (m/w/d) | Masernschutz,"Erfahrung in der Onkologie oder Fachweiterbildung zur Onko-Nurse wünschenswert, aber nicht Voraussetzung",2,"Zuordnung aus dem vorherigen Lauf übernommen; Ort der Stelle nicht belegt; keine Belegzitate · pay_text auf der Seite nicht gefunden, geleert",https://swmbrk.concludis.de/prj/shw/efe34c4e2190e97d1adc625902822b13_0/9092/Pflegefachkraft_fuer_die_Haematologie_und_Onkologie_m_w_d.htm?b=0
Rotkreuzklinikum München,München,zentrale Notaufnahme,Pflegefachkraft (m/w/d) für die zentrale Notaufnahme,pflegefachkraft,,,unklar,,Voll- oder Teilzeit,Abgeschlossene Ausbildung zur Pflegefachkraft (m/w/d) | EDV-Kenntnisse | Rufdienstbeteiligung | Masernschutz,Berufserfahrung im Notaufnahmebereich wünschenswert,2,"Zuordnung aus dem vorherigen Lauf übernommen; Ort der Stelle nicht belegt; keine Belegzitate · pay_text auf der Seite nicht gefunden, geleert",https://swmbrk.concludis.de/prj/shw/3fefa7bea6f56955b72610cda97bc45b_0/9088/Pflegefachkraft_m_w_d_fuer_die_zentrale_Notaufnahme.htm?b=0
Rottal-Inn Kliniken Eggenfelden,Eggenfelden,Notaufnahme,Pflegefachkraft (m/w/d) für die Notaufnahme,pflegefachkraft,P8,"Die Vergütung erfolgt nach dem Tarifvertrag TVöD BT-K (Ver.di/VKA) in Entgeltgruppe P8 zzgl. tarifliche Zulagen, Zuschläge und Sonderzahlungen.",ja,bieten Ihnen bis zu 6 Monate kostenfreie Unterkunft in unserem Personalwohnheim,vollzeit_teilzeit,"Abgeschlossene Ausbildung zur Pflegefachkraft (m/w/d) | Selbstständigkeit für die umfassende und prozessorientierte Pflege von Menschen | Fachliche und soziale Kompetenz für den methodischen, sozialen, interkulturellen und kommunikativen Umgang | Selbstverständnis für fortlaufende persönliche und fachliche Weiterentwicklung | EDV-Affinität (Innovationen im digitalen Bereich) | Technisches Verständnis zur Bedienung von Medizingeräten | Hohes Verantwortungsbewusstsein, Aufmerksamkeit und Zuverlässigkeit | Teamfähigkeit insbesondere bei der interdisziplinären Zusammenarbeit mit anderen Berufsgruppen",,3,"Klinik über Stadt, nicht über Portal; Ort der Stelle nicht belegt",https://karriere.rottalinnkliniken.de/job/pflegefachkraft-m-w-d-fuer-die-notaufnahme/
Rottal-Inn Kliniken Eggenfelden,Eggenfelden,Gastroenterologie,Pflegefachkraft Gastroenterologie (m/w/d),pflegefachkraft,P7,"Die Vergütung erfolgt nach dem Tarifvertrag TVöD BT-K (Ver.di/VKA) in Entgeltgruppe P7 zzgl. tarifliche Zulagen, Zuschläge und Sonderzahlungen.",ja,bieten Ihnen bis zu 6 Monate kostenfreie Unterkunft in unserem Personalwohnheim,vollzeit_teilzeit,"Abgeschlossene Ausbildung zum Gesundheits- und Krankenpfleger (m/w/d) | hohes Verständnis für Dienst- und Servicequalität | Motivation zur persönlichen und fachlichen Weiterentwicklung | Flexibilität und Einsatzbereitschaft | Kommunikationsfähigkeit, Aufgeschlossenheit und Einfühlungsvermögen im Umgang mit Patienten | Professioneller und verständnisvoller Umgang mit den kooperierenden Berufsgruppen | Verantwortungsbewusstsein und Organisationstalent",,3,"Klinik über Stadt, nicht über Portal; Ort der Stelle nicht belegt",https://karriere.rottalinnkliniken.de/job/pflegefachkraft-gastroenterologie-m-w-d/
Rottal-Inn Kliniken Eggenfelden,Eggenfelden,Kardiologie und Stroke Unit,Pflegefachkraft Kardiologie und Stroke Unit (m/w/d),pflegefachkraft,P7,"Die Vergütung erfolgt nach dem Tarifvertrag TVöD BT-K (Ver.di/VKA) in Entgeltgruppe P7 zzgl. tarifliche Zulagen, Zuschläge und Sonderzahlungen.",ja,bieten Ihnen bis zu 6 Monate kostenfreie Unterkunft in unserem Personalwohnheim,vollzeit_teilzeit,"Abgeschlossene Ausbildung zum Gesundheits- und Krankenpfleger (m/w/d) | idealerweise vorhandene Stroke Nurse-Qualifikation oder die Motivation für die Teilnahme an der Weiterbildung zur persönlichen und fachlichen Weiterentwicklung | Hohes Einfühlungsvermögen im Umgang mit Patienten mit kognitiven Einschränkungen | Flexibilität bei der Dienstplangestaltung | Teamfähigkeit insbesondere bei der interdisziplinären Zusammenarbeit mit anderen Berufsgruppen | Die Fähigkeit, Neuerungen und Umstellungen als Herausforderung anzusehen | Professioneller und verständnisvoller Umgang mit den angrenzenden Berufsgruppen",,3,"Klinik über Stadt, nicht über Portal; Ort der Stelle nicht belegt",https://karriere.rottalinnkliniken.de/job/pflegefachkraft-kardiologie-und-stroke-unit-m-w-d/
Rottal-Inn Kliniken Eggenfelden,Eggenfelden,Unfallchirurgie/Neurochirurgie,Pflegefachkraft Unfallchirurgie (m/w/d),pflegefachkraft,P7,"Die Vergütung erfolgt nach dem Tarifvertrag TVöD BT-K (Ver.di/VKA) in Entgeltgruppe P7 zzgl. tarifliche Zulagen, Zuschläge und Sonderzahlungen.",ja,bieten Ihnen bis zu 6 Monate kostenfreie Unterkunft in unserem Personalwohnheim,vollzeit_teilzeit,"Abgeschlossene Ausbildung zum Gesundheits- und Krankenpfleger (m/w/d) | Erfahrung im chirurgischen Bereich wäre wünschenswert | Motivation zur persönlichen und fachlichen Weiterentwicklung | Flexibilität bei der Dienstplangestaltung und Einsatzbereitschaft | Kommunikationsfähigkeit, Aufgeschlossenheit und Einfühlungsvermögen im Umgang mit Patienten | Professioneller und verständnisvoller Umgang mit den kooperierenden Berufsgruppen | Verantwortungsbewusstsein und Organisationstalent",,3,"Klinik über Stadt, nicht über Portal; Ort der Stelle nicht belegt",https://karriere.rottalinnkliniken.de/job/pflegefachkraft-unfallchirurgie-m-w-d/
Rottal-Inn Kliniken Pfarrkirchen,"Pfarrkirchen, Niederbayern",Geriatrische Rehabilitation,Pflegefachkraft für die Geriatrische Rehabilitation (m/w/d),pflegefachkraft,P7,"TVöD BT-K (Ver.di/VKA) in Entgeltgruppe P7 zzgl. tarifliche Zulagen; eine Geriatriezulage in Höhe von 46,02€/Monat",unklar,,Voll- und/oder Teilzeit,Abgeschlossene Ausbildung zur Pflegefachkraft (m/w/d) in der Gesundheits- und Krankenpflege oder Altenpflege,,3,Zuordnung aus dem vorherigen Lauf übernommen; Ort der Stelle nicht belegt,https://karriere.rottalinnkliniken.de/job/pflegefachkraft-fuer-die-geriatrische-rehabilitation-m-w-d/
Rottal-Inn Kliniken Pfarrkirchen,"Pfarrkirchen, Niederbayern",Akutgeriatrie / Zentrum für Altersmedizin,Pflegefachkraft und/oder Praxisanleitung für die Akutgeriatrie (m/w/d),pflegefachkraft,P7,,unklar,,Voll- und/oder Teilzeit,Abgeschlossene Ausbildung zur Pflegefachkraft (Gesundheits- und Krankenpflege oder Altenpflege) | Ausbildung zum Praxisanleiter oder Bereitschaft,Berufserfahrung und Qualifikationen im geriatrischen Aufgabenfeld,3,"Zuordnung aus dem vorherigen Lauf übernommen; Ort der Stelle nicht belegt · pay_text auf der Seite nicht gefunden, geleert",https://karriere.rottalinnkliniken.de/job/pflegefachkraft-und-oder-praxisanleitung-fuer-die-akutgeriatrie-m-w-d/
Rottal-Inn Kliniken Pfarrkirchen,"Pfarrkirchen, Niederbayern",Geriatrie,Stellv. Stationsleitung für die Geriatrie (m/w/d),leitung,P12,"TVöD BT-K (Ver.di/VKA) in Entgeltgruppe P12 zzgl. tarifliche Zulagen, Zuschläge und Sonderzahlungen",ja,bis zu 6 Monate kostenfreie Unterkunft in unserem Personalwohnheim,Vollzeit,Abgeschlossene Ausbildung zur Pflegefachkraft (m/w/d),,3,Zuordnung aus dem vorherigen Lauf übernommen; Ort der Stelle nicht belegt,https://karriere.rottalinnkliniken.de/job/stellv-stationsleitung-fuer-die-geriatrie-m-w-d/
Sana Klinik München,München,OP,OTA / Operationstechnischer Assistent (m/w/d) oder OP-Pflegefachkraft (m/w/d),ota_ata,,,unklar,,,"Du verfügst über eine abgeschlossene Ausbildung zum/zur operationstechnischen Assistent/in (OTA) oder zur Pflegefachfrau / zum Pflegefachmann | Idealerweise verfügst du als Pflegefachfrau / Pflegefachmann über eine Fachweiterbildung für den OP | Du hast Freude am Umgang mit modernster Medizintechnik | Motivationsfähigkeit, Fähigkeit zur Koordination und Förderung einer erfolgreichen Zusammenarbeit | Ein Lächeln für unsere Patienten und für die Kollegen rundet dein Profil ab",,5,"pay_text auf der Seite nicht gefunden, geleert",https://jobs.sana.de/de/sites/CX_4025/job/5660
Sana Klinik Pegnitz,Pegnitz,,Pflegefachhelfer (w/m/d),hilfskraft,,,unklar,,befristet,"Du hast eine abgeschlossene Ausbildung als Pflegefachhelfer (m/w/d) | Zuverlässigkeit, Selbstständigkeit und Teamgeist gehört zu deinen Stärken, und der Umgang mit Menschen bereitet dir Freude | Ordnung und Sauberkeit ist für dich selbstverständlich | Du lebst eine strukturierte, organisierte und lösungsorientierte Arbeitsweise | Du bringst die Bereitschaft zur Schicht-, Wochenend- und Feiertagsarbeit mit",,5,,https://jobs.sana.de/de/sites/CX_4025/job/3463
Sana Klinik Pegnitz,Pegnitz,,Pflegefachkraft (m/w/d),pflegefachkraft,,,unklar,,vollzeit_teilzeit,"Abgeschlossene Ausbildung als Pflegefachkraft, Gesundheits- und Krankenpfleger, Gesundheits- und Kinderkrankenpfleger oder Altenpfleger sowie idealerweise eine Fachweiterbildung in der Notfallpflege oder eine vergleichbare Qualifikation | Hohe soziale Kompetenz, Kommunikationsstärke und Freude an der interdisziplinären Zusammenarbeit | Gute Deutschkenntnisse in Wort und Schrift sowie die Bereitschaft zur fachlichen Weiterentwicklung runden dein Profil ab",,5,"pay_text auf der Seite nicht gefunden, geleert",https://jobs.sana.de/de/sites/CX_4025/job/6742
Sana Klinik Pegnitz,Pegnitz,,Pflegefachmann (w/m/d),pflegefachkraft,,,,,vollzeit,,,5,,https://jobs.sana.de/de/sites/CX_4025/job/1119
Sana Klinik Pegnitz,Pegnitz,Zentrale Notaufnahme,Pflegefachmann (w/m/d) Zentrale Notaufnahme,fachweiterbildung,,,,,vollzeit,,,5,,https://jobs.sana.de/de/sites/CX_4025/job/1788
Sana Klinik Pegnitz,Pegnitz,interdisziplinäre Wachstation,Pflegefachmann (w/m/d) für die interdisziplinäre Wachstation,fachweiterbildung,,,,,,,,5,,https://jobs.sana.de/de/sites/CX_4025/job/1120
Sana Klinik Pegnitz,Pegnitz,Station für Innere Medizin und Akutgeriatrie,Stationsleitung (m/w/d) – Innere Medizin / Akutgeriatrie,leitung,,,,,,"Abgeschlossene Ausbildung als Pflegefachkraft (m/w/d) | Weiterbildung zur Stationsleitung bzw. Leitung einer Pflegeeinheit oder eine vergleichbare Qualifikation oder die Motivation, diese zeitnah zu absolvieren | Berufserfahrung in der Inneren Medizin, Akutgeriatrie oder einem vergleichbaren Fachbereich | Abgeschlossene Weiterbildung Geriatrie oder die Motivation, diese zeitnah zu absolvieren | Ausgeprägte Führungs-, Organisations- und Kommunikationskompetenz | Verantwortungsbewusstsein, Teamorientierung und Engagement für die Weiterentwicklung pflegerischer Standards","Berufserfahrung in der Inneren Medizin, Akutgeriatrie oder einem vergleichbaren Fachbereich",5,"pay_text auf der Seite nicht gefunden, geleert",https://jobs.sana.de/de/sites/CX_4025/job/6544
Sana Klinikum Hof,Hof,Anästhesie,Anästhesietechnischer Assistent (ATA) (m/w/d) Anästhesie,ota_ata,,,,,vollzeit,"abgeschlossene Berufsausbildung als Anästhesietechnischer Assistent (m/w/d) | Berufserfahrung im Anästhesie-Bereich sowie eine Intensiv- und Anästhesie-Fachweiterbildung sind wünschenswert | Impfnachweis gem. lfSG bzgl. Mumps, Masern, Röteln und Varizellen",,5,"pay_text auf der Seite nicht gefunden, geleert · pay_grade auf der Seite nicht gefunden, geleert",https://jobs.sana.de/de/sites/CX_4025/job/2832
Sana Klinikum Hof,Hof,Intensivstation und IMC-Station,Bereichsleitung Pflege (m/w/d) Intensivstation und IMC-Station,leitung,,,unklar,,befristet,"Pflegefachkraft/Gesundheits- und Krankenpfleger/Krankenschwester (m/w/d) oder abgeschlossenes Studium im Bereich Pflege, B.A. Pflegemanagement oder Stationsleiterkurs und Berufserfahrung | Fachweiterbildung Anästhesie und Intensiv sowie Stationsleitungslehrgang | Gute Kenntnisse in MS-Office (Word, Excel) und KIS | Hohes Maß an Verantwortungsbewusstsein, Engagement und Flexibilität sowie Teamfähigkeit, Organisationstalent und Loyalität | Ausgeprägte Kooperations- und Konfliktfähigkeit sowie Bereitschaft zur interdisziplinären Zusammenarbeit | Impfnachweis gem. lfSG bzgl. Mumps, Masern, Röteln und Varizellen",,5,"pay_text auf der Seite nicht gefunden, geleert",https://jobs.sana.de/de/sites/CX_4025/job/3315
Sana Klinikum Hof,Hof,Endoskopie/Sonographie,Gesundheits- und Krankenpfleger (m/w/d) Endoskopie/Sonographie,pflegefachkraft,,,,,,,,5,"pay_text auf der Seite nicht gefunden, geleert · pay_grade auf der Seite nicht gefunden, geleert",https://jobs.sana.de/de/sites/CX_4025/job/1878
Sana Klinikum Hof,Hof,Herzkatheterlabor,Medizinische Fachangestellte/Gesundheits- und Krankenpfleger/ Notfallsanitäter/Rettungsassistent (m/w/d) Herzkatheterlabor,unklar,,,unklar,,vollzeit_teilzeit,"Kenntnisse und Berufserfahrung in der Inneren Medizin | Berufserfahrung in der kardiologischen Funktionsdiagnostik sowie im Herzkatheterlabor eines Krankenhauses von Vorteil | Eigenverantwortliches, patientenorientiertes Arbeiten | Teamfähigkeit, Flexibilität und Engagement | Impfnachweis gem. lfSG bzgl. Mumps, Masern, Röteln und Varizellen",Berufserfahrung in der kardiologischen Funktionsdiagnostik sowie im Herzkatheterlabor eines Krankenhauses von Vorteil,5,"pay_text auf der Seite nicht gefunden, geleert",https://jobs.sana.de/de/sites/CX_4025/job/4058
Sana Klinikum Hof,Hof,OP-Abteilung,Operationstechnischer Assistent (m/w/d) OP-Abteilung,ota_ata,,,unklar,,,"Operationstechnischer Assistent (m/w/d) | Berufserfahrung in der OP-Pflege | Weiterbildung zum Praxisanleiter (m/w/d) bzw. Bereitschaft diese zu absolvieren | Kenntnisse im stationären oder ambulanten OP-Bereich | Verantwortungsbewusstsein, Engagement und Flexibilität | Impfnachweis gem. lfSG bzgl. Mumps, Masern, Röteln und Varizellen",Berufserfahrung in der OP-Pflege,5,"pay_text auf der Seite nicht gefunden, geleert · pay_grade auf der Seite nicht gefunden, geleert",https://jobs.sana.de/de/sites/CX_4025/job/2420
Sana Klinikum Hof,Hof,Normalstation,Pflegefachhelfer (m/w/d) Normalstation,hilfskraft,,,unklar,,,"Pflegefachhelfer/Krankenpflegehelfer (m/w/d) | Gute Kenntnisse in MS-Office (Word, Excel) und KIS | Hohes Maß an Verantwortungsbewusstsein, Engagement und Flexibilität | Ausgeprägte Kooperations- und Konfliktfähigkeit sowie Bereitschaft zur interdisziplinären Zusammenarbeit | Teamfähigkeit und Organisationstalent sowie Loyalität und ein freundliches, gepflegtes Auftreten | Impfnachweis gem. lfSG bzgl. Mumps, Masern, Röteln und Varizellen",,5,"pay_text auf der Seite nicht gefunden, geleert · pay_grade auf der Seite nicht gefunden, geleert",https://jobs.sana.de/de/sites/CX_4025/job/3307
Sana Klinikum Hof,Hof,Notaufnahme,Pflegefachhelfer (m/w/d) Notaufnahme,pflegefachkraft,,,,,,"Pflegefachkraft/Gesundheits- und Krankenpfleger/Krankenschwester (m/w/d) | Weiterbildung Notfallpflege nach DKG wünschenswert | erste Erfahrung in der Notfallversorgung von chirurgischen und internistischen Patenten (m/w/d) | Verantwortungsbewusstsein, Engagement und Flexibilität | Impfnachweis gem. lfSG bzgl. Mumps, Masern, Röteln und Varizellen",,5,"pay_text auf der Seite nicht gefunden, geleert",https://jobs.sana.de/de/sites/CX_4025/job/4270
Sana Klinikum Hof,Hof,Anästhesie,Pflegefachkraft (m/w/d) Anästhesie,fachweiterbildung,,,,,vollzeit,"abgeschlossene Berufsausbildung als Pflegefachkraft (m/w/d) | Berufserfahrung im Anästhesie-Bereich sowie eine Intensiv- und Anästhesie-Fachweiterbildung sind wünschenswert | gerne begrüßen wir gleichermaßen interessierte Einsteiger | Freude am Umgang mit modernster Medizintechnik | Motivationsfähigkeit sowie die Fähigkeit zur Koordination und Förderung einer erfolgreichen Zusammenarbeit | Impfnachweis gem. lfSG bzgl. Mumps, Masern, Röteln und Varizellen",,5,"pay_text auf der Seite nicht gefunden, geleert · pay_grade auf der Seite nicht gefunden, geleert",https://jobs.sana.de/de/sites/CX_4025/job/6438
Sana Klinikum Hof,Hof,Normalstation,Pflegefachkraft (m/w/d) Normalstation,pflegefachkraft,,,unklar,,,"Gute Kenntnisse in MS-Office (Word, Excel) und KIS | Hohes Maß an Verantwortungsbewusstsein, Engagement und Flexibilität | Ausgeprägte Kooperations- und Konfliktfähigkeit sowie Bereitschaft zur interdisziplinären Zusammenarbeit | Teamfähigkeit und Organisationstalent sowie Loyalität und ein freundliches, gepflegtes Auftreten | Impfnachweis gem. lfSG bzgl. Mumps, Masern, Röteln und Varizellen",,5,"pay_text auf der Seite nicht gefunden, geleert",https://jobs.sana.de/de/sites/CX_4025/job/4062
Sana Klinikum Hof,Hof,Notaufnahme,Pflegefachkraft (m/w/d) Notaufnahme,pflegefachkraft,,,unklar,,,"Pflegefachkraft/Gesundheits- und Krankenpfleger/Krankenschwester (m/w/d) | Weiterbildung Notfallpflege nach DKG wünschenswert | erste Erfahrung in der Notfallversorgung von chirurgischen und internistischen Patenten (m/w/d) | Verantwortungsbewusstsein, Engagement und Flexibilität | Impfnachweis gem. lfSG bzgl. Mumps, Masern, Röteln und Varizellen",erste Erfahrung in der Notfallversorgung von chirurgischen und internistischen Patenten (m/w/d),5,"pay_text auf der Seite nicht gefunden, geleert",https://jobs.sana.de/de/sites/CX_4025/job/3303
Sana Klinikum Hof,Hof,OP-Abteilung,Pflegefachkraft (m/w/d) OP-Abteilung,pflegefachkraft,,,unklar,,,"Pflegefachkraft/Gesundheits- und Krankenpfleger/Krankenschwester (m/w/d) | Berufserfahrung in der OP-Pflege | Weiterbildung zum Praxisanleiter (m/w/d) bzw. Bereitschaft diese zu absolvieren | Kenntnisse im stationären oder ambulanten OP-Bereich | Verantwortungsbewusstsein, Engagement und Flexibilität | Impfnachweis gem. lfSG bzgl. Mumps, Masern, Röteln und Varizellen",Berufserfahrung in der OP-Pflege,5,"pay_text auf der Seite nicht gefunden, geleert · pay_grade auf der Seite nicht gefunden, geleert",https://jobs.sana.de/de/sites/CX_4025/job/2215
Sana Klinikum Hof,Hof,Station C1,Pflegefachkraft (m/w/d) Station C1,pflegefachkraft,,,unklar,,,"Pflegefachkraft/Gesundheits- und Krankenpfleger/Krankenschwester (m/w/d) | Gute Kenntnisse in MS-Office (Word, Excel) und KIS | Hohes Maß an Verantwortungsbewusstsein, Engagement und Flexibilität | Ausgeprägte Kooperations- und Konfliktfähigkeit sowie Bereitschaft zur interdisziplinären Zusammenarbeit | Teamfähigkeit und Organisationstalent sowie Loyalität und ein freundliches, gepflegtes Auftreten | Vor Tätigkeitsaufnahme ist ein Impfnachweis gem. lfSG bzgl. Masern, Röteln, Mumps und Varizellen vorzulegen",,5,"pay_text auf der Seite nicht gefunden, geleert · pay_grade auf der Seite nicht gefunden, geleert",https://jobs.sana.de/de/sites/CX_4025/job/2125
Sana Klinikum Hof,Hof,Station M5,Pflegefachkraft (m/w/d) Station M5,pflegefachkraft,,,unklar,,,"Pflegefachkraft/Gesundheits- und Krankenpfleger/Krankenschwester (m/w/d) | Gute Kenntnisse in MS-Office (Word, Excel) und KIS | Hohes Maß an Verantwortungsbewusstsein, Engagement und Flexibilität | Ausgeprägte Kooperations- und Konfliktfähigkeit sowie Bereitschaft zur interdisziplinären Zusammenarbeit | Teamfähigkeit und Organisationstalent sowie Loyalität und ein freundliches, gepflegtes Auftreten | Vor Tätigkeitsaufnahme ist ein Impfnachweis gem. lfSG bzgl. Mumps, Masern, Röteln und Varizellen vorzulegen",,5,"pay_text auf der Seite nicht gefunden, geleert · pay_grade auf der Seite nicht gefunden, geleert",https://jobs.sana.de/de/sites/CX_4025/job/2126
Sana Klinikum Hof,Hof,Dialyseeinheit D1,Pflegefachkraft (m/w/d) oder Medizinische Fachangestellte (m/w/d) Dialyseeinheit D1,pflegefachkraft,,,unklar,,teilzeit,"abgeschlossene Ausbildung zur Pflegefachkraft (m/w/d), Gesundheits- und Krankenpfleger*in (m/w/d), Krankenschwester bzw. Krankenpfleger (m/w/d) | Berufserfahrung im Bereich der Dialyse | Gute IT Kenntnisse in Word, Excel und Outlook | Organisationstalent, Teamgeist und Kommunikationsstarke | Freude am eigenverantwortlichen, selbständigen und lösungsorientierten Arbeiten | Loyalität, Belastbarkeit, Ausdauer, Flexibilität vor allem in Stresssituationen | Vor Tätigkeitsaufnahme ist ein Impfnachweis gem. lfSG bzgl. Masern, Röteln, Mumps und Varizellen vorzulegen.",Berufserfahrung im Bereich der Dialyse,5,"pay_text auf der Seite nicht gefunden, geleert · pay_grade auf der Seite nicht gefunden, geleert",https://jobs.sana.de/de/sites/CX_4025/job/7135
Sana Klinikum Hof,Hof,Geriatrie,Pflegefachkraft (m/w/d) zum Einsatz in der Geriatrie,pflegefachkraft,,,,,vollzeit,"Pflegefachkraft mit Bereitschaft zur Fortbildung im Case Management | Mehrjährige Berufserfahrung | Berufserfahrung mit alternden Patienten | IT Kenntnisse in Word, Excel und Orbis Nice | Außergewöhnliches Organisationstalent, Teamgeist, Loyalität, Kommunikationsstärke | Freude am eigenverantwortlichen, selbständigen und lösungsorientierten Arbeiten | Loyalität, Belastbarkeit, Ausdauer, Flexibilität vor allem in Stresssituationen | Vor Tätigkeitsaufnahme ist ein Impfnachweis gem. lfSG bzgl. Masern, Röteln, Mumps und Varizellen vorzulegen",Mehrjährige Berufserfahrung,5,"pay_text auf der Seite nicht gefunden, geleert · pay_grade auf der Seite nicht gefunden, geleert",https://jobs.sana.de/de/sites/CX_4025/job/4276
Sana Klinikum Hof,Hof,OP-Abteilung,Pflegefachkraft / Operationstechnischer Assistent (m/w/d) OP-Abteilung,ota_ata,,,unklar,,,"Pflegefachkraft/Gesundheits- und Krankenpfleger/Krankenschwester (m/w/d) bzw. Operationstechnischer Assistent (m/w/d) | Berufserfahrung in der OP-Pflege | Weiterbildung zum Praxisanleiter (m/w/d) bzw. Bereitschaft diese zu absolvieren | Kenntnisse im stationären oder ambulanten OP-Bereich | Verantwortungsbewusstsein, Engagement und Flexibilität | Impfnachweis gem. lfSG bzgl. Mumps, Masern, Röteln und Varizellen",Berufserfahrung in der OP-Pflege,5,"pay_text auf der Seite nicht gefunden, geleert · pay_grade auf der Seite nicht gefunden, geleert",https://jobs.sana.de/de/sites/CX_4025/job/5549
Sana Klinikum Hof,Hof,Intensivstation oder IMC-Station,Pflegefachkraft/Gesundheits- und Krankenpfleger (m/w/d) Intensivstation oder IMC-Station,pflegefachkraft,,,unklar,,,"Pflegefachfrau (m/w/d) oder Gesundheits- und Krankenpfleger (m/w/d) | Gute Kenntnisse in MS-Office (Word, Excel) und KIS | Verantwortungsbewusstsein, Engagement und Flexibilität | Ausgeprägte Kooperations- und Konfliktfähigkeit sowie Bereitschaft zur interdisziplinären Zusammenarbeit | Teamfähigkeit und Organisationstalent sowie Loyalität und ein freundliches, gepflegtes Auftreten | Impfnachweis gem. lfSG bzgl. Mumps, Masern, Röteln und Varizellen",,5,"pay_text auf der Seite nicht gefunden, geleert · pay_grade auf der Seite nicht gefunden, geleert",https://jobs.sana.de/de/sites/CX_4025/job/3444
Schön Klinik Bad Staffelstein,Bad Staffelstein,neurologische Frührehabilitation,"Altenpfleger, Pflegefachkraft oder Gesundheits- und Krankenpfleger für die neurologische Frührehabilitation (m/w/d)",pflegefachkraft,,,unklar,,Voll/Teilzeit,"abgeschlossene Ausbildung als examinierte Pflegefachkraft, z. B. Gesundheits- und Krankenpfleger/in oder Altenpfleger/in",,3,"Zuordnung aus dem vorherigen Lauf übernommen; keine Belegzitate · pay_text auf der Seite nicht gefunden, geleert",https://jobs.schoen-klinik.de/Altenpfleger-Pflegefachkraft-oder-Gesundheits-und-Krankenp-de-j9862.html
Schön Klinik Bad Staffelstein,Bad Staffelstein,Frührehabilitationsstationen GE/A0,Bereichsleitung Pflege (m/w/d) – Frührehabilitation,leitung,,,unklar,,Voll/Teilzeit,abgeschlossene Ausbildung als Gesundheits- und Krankenpfleger/in | mindestens Abschluss eines Stationsleitungskurses,mehrjährige Berufserfahrung Neurologie/neurologische Frührehabilitation; mindestens 5 Jahre Führungserfahrung,3,"Zuordnung aus dem vorherigen Lauf übernommen; keine Belegzitate · pay_text auf der Seite nicht gefunden, geleert",https://jobs.schoen-klinik.de/Bereichsleitung-Pflege-mwd-Fruehrehabilitation-in-Bad-Staf-de-j16202.html
Schön Klinik Bad Staffelstein,Bad Staffelstein,,"Pflegefachkraft (m/w/d) mit Hochschulabschluss (BScN, MScN)",pflegefachkraft,,,unklar,,Voll/Teilzeit,Ausbildung zum examinierten Gesundheits- und Krankenpfleger (m/w/d) | laufendes oder abgeschlossenes Hochschulstudium (BScN/MScN),,3,"Zuordnung aus dem vorherigen Lauf übernommen; keine Belegzitate · pay_text auf der Seite nicht gefunden, geleert",https://jobs.schoen-klinik.de/Pflegefachkraft-mwd-mit-Hochschulabschluss-BScN-MScN-in-Ba-de-j9856.html
Schön Klinik Bad Staffelstein,Bad Staffelstein,neurologische Intensivstation,"Pflegefachkraft, Altenpfleger oder Gesundheits- und Krankenpfleger (m/w/d) für die neurologische Intensivstation",pflegefachkraft,,,unklar,,Voll/Teilzeit,"abgeschlossene Ausbildung als examinierte Pflegefachkraft, z. B. Gesundheits- und Krankenpfleger/in oder Altenpfleger/in",,3,"Zuordnung aus dem vorherigen Lauf übernommen; keine Belegzitate · pay_text auf der Seite nicht gefunden, geleert",https://jobs.schoen-klinik.de/Pflegefachkraft-Altenpfleger-oder-Gesundheits-und-Krankenp-de-j10292.html
Schön Klinik Bad Staffelstein,Bad Staffelstein,Psychosomatik / Co-Therapie,"Pflegefachkraft, Altenpfleger oder Gesundheits- und Krankenpfleger für die Psychosomatik / Co-Therapie (m/w/d)",pflegefachkraft,,,unklar,,Voll/Teilzeit,"abgeschlossene Ausbildung als examinierte Pflegefachkraft, z. B. Gesundheits- und Krankenpfleger/in oder Altenpfleger/in",mehrjährige Berufserfahrung im Bereich Psychosomatik und/oder Psychiatrie,3,"Zuordnung aus dem vorherigen Lauf übernommen; keine Belegzitate · pay_text auf der Seite nicht gefunden, geleert",https://jobs.schoen-klinik.de/Pflegefachkraft-Altenpfleger-oder-Gesundheits-und-Krankenp-de-j14582.html
Schön Klinik München Harlaching,München,Station (Orthopädie),Gesundheits- und Krankenpfleger (m/w/d) in München,pflegefachkraft,,"überdurchschnittliche Bezahlung, angelehnt an TVöD mit attraktiven Zulagen; Willkommensprämie",nein,,Voll/Teilzeit,abgeschlossene Ausbildung zum Gesundheits- und Krankenpfleger,,4,Zuordnung aus dem vorherigen Lauf übernommen,https://jobs.schoen-klinik.de/Gesundheits-und-Krankenpfleger-mwd-in-Muenchen-de-j15828.html
Schön Klinik München Harlaching,München,OP (Tageslicht-OP mit 12 Sälen),OTA oder OP Schwester / OP Pfleger (m/w/d) in München - Harlaching,ota_ata,,Übertarifliche Vergütung angelehnt an TVöD mit attraktiven Zulagen (bis zu 69.000 Euro/Jahr),nein,,Voll/Teilzeit,abgeschlossene Ausbildung als OTA oder als Gesundheits- und Krankenpfleger | Bereitschaft zu Rufdiensten,idealerweise OP-Fachweiterbildung oder Vorerfahrung im OP,4,Zuordnung aus dem vorherigen Lauf übernommen,https://jobs.schoen-klinik.de/OTA-oder-OP-Schwester-OP-Pfleger-mwd-in-Muenchen-Harlachin-de-j12097.html
Schön Klinik München Harlaching,München,Orthopädie,Stellvertretende Stationsleitung (m/w/d) Orthopädie in München,leitung,,"Übertarifliche Vergütung: Angelehnt an TVöD mit attraktiven Zulagen, bis zu 40 Tagen Urlaub",nein,,Voll/Teilzeit,abgeschlossene Ausbildung als Gesundheits- und Krankenpfleger oder Bachelorabschluss Pflege bzw. laufendes Studium | MS-Office-Kenntnisse,Erfahrung und fundierte Fachkenntnisse aus dem Klinikbereich,4,Zuordnung aus dem vorherigen Lauf übernommen,https://jobs.schoen-klinik.de/Stellvertretende-Stationsleitung-mwd-Orthopaedie-in-Muench-de-j15297.html
Schön Klinik München Schwabing,München,"Neurologie / Frührehabilitation (6 Stationen, Tagesklinik)",Pflegefachkraft / Gesundheits- und Krankenpfleger (m/w/d),pflegefachkraft,,,nein,,Vollzeit,"abgeschlossene Ausbildung zur Pflegefachkraft, Gesundheits- und Krankenpfleger oder Altenpfleger",,3,"Zuordnung aus dem vorherigen Lauf übernommen; keine Belegzitate · pay_text auf der Seite nicht gefunden, geleert",https://jobs.schoen-klinik.de/Pflegefachkraft-mwd-in-Muenchen-de-j15107.html
Schön Klinik Roseneck,Prien am Chiemsee,,Pflegedienstleitung (m/w/d) für die Schön Klinik Roseneck,leitung,,,unklar,,Voll/Teilzeit (min. 30 Wochenstunden),"abgeschlossene Ausbildung als Gesundheits- und Krankenpfleger, Pflegefachkraft oder Gesundheits- und Kinderkrankenpfleger | Weiterbildung zur Stationsleitung oder vergleichbare Qualifikation",Weiterbildung Stationsleitung; idealerweise Leitungserfahrung,3,"Zuordnung aus dem vorherigen Lauf übernommen; keine Belegzitate · pay_text auf der Seite nicht gefunden, geleert",https://jobs.schoen-klinik.de/Pflegedienstleitung-mwd-fuer-die-Schoen-Klinik-Roseneck-de-j14881.html
Schön Klinik Roseneck,Prien am Chiemsee,Komplexstation Erwachsenenbereich,Pflegefachkraft (m/w/d) für unsere Komplexstation Erwachsenenbereich in Prien am Chiemsee,pflegefachkraft,,"überdurchschnittliche Bezahlung, die sich an Ihren Qualifikationen und Ihrem Engagement orientiert",unklar,,Vollzeit,"abgeschlossene Ausbildung in der Gesundheits- und (Kinder-)Krankenpflege, als Pflegefachkraft, MFA, Altenpflege oder Heilerziehungspflege | Deutsch C2",,4,Zuordnung aus dem vorherigen Lauf übernommen,https://jobs.schoen-klinik.de/Pflegefachkraft-mwd-fuer-unsere-Komplexstation-Erwachsenen-de-j15708.html
Schön Klinik Roseneck,Prien am Chiemsee,Kinder- und Jugendstation,Pflegefachkraft im Schichtdienst für unsere Kinder- und Jugendstation (m/w/d) in Prien am Chiemsee,pflegefachkraft,,"überdurchschnittliche Bezahlung, die sich an Ihren Qualifikationen und Ihrem Engagement orientiert",ja,"Umfangreiches Fort- und Weiterbildungsprogramm, sowie Unterstützung bei der Wohnungssuche",Voll/Teilzeit,"abgeschlossene Ausbildung als Gesundheits- und Krankenpfleger:in, Pflegefachkraft oder Kinderkrankenpfleger:in","Berufserfahrung Psychosomatik/Psychiatrie idealerweise, keine Voraussetzung",4,Zuordnung aus dem vorherigen Lauf übernommen,https://jobs.schoen-klinik.de/Pflegefachkraft-im-Schichtdienst-fuer-unsere-Kinder-und-Ju-de-j15565.html
Schön Klinik Vogtareuth,Vogtareuth,Kinder- und Jugendpsychiatrie,Pflegefachkraft (m/w/d) Kinder- und Jugendpsychiatrie an unserem neuen Standort in Vogtareuth,pflegefachkraft,,,ja,Unterstützung bei der Wohnungssuche,Teil-/Vollzeit,"abgeschlossene Ausbildung als Gesundheits- und Krankenpfleger (m/w/d), Pflegefachkraft (m/w/d), Kinderkrankenpfleger (m/w/d)",,4,Zuordnung aus dem vorherigen Lauf übernommen,https://jobs.schoen-klinik.de/Pflegefachkraft-mwd-Kinder-und-Jugendpsychiatrie-an-unsere-de-j15687.html
Schön Klinik Vogtareuth,Vogtareuth,Anästhesie,Pflegefachkraft (m/w/d) für Anästhesie (ATA) in Vogtareuth,ota_ata,,"Vergütung nach TVöD, die sich an Ihren Qualifikationen und Ihrem Engagement orientiert",unklar,,Voll- oder Teilzeit,abgeschlossene Ausbildung als Anästhesietechnische:r Assistent:in (ATA) bzw. Pflegefachkraft,,4,Zuordnung aus dem vorherigen Lauf übernommen,https://jobs.schoen-klinik.de/Pflegefachkraft-mwd-fuer-Anaesthesie-ATA-in-Vogtareuth-de-j16227.html
Schön Klinik Vogtareuth,Vogtareuth,Neuropädiatrie,Pflegefachkraft (m/w/d) für unsere Neuropädiatrie in Vogtareuth,pflegefachkraft,,,unklar,,Voll/Teilzeit,"abgeschlossene Ausbildung als Pflegefachfrau/Pflegefachmann, Gesundheits- und Kinderkrankenpfleger (m/w/d) oder vergleichbare Qualifikation",,3,"Zuordnung aus dem vorherigen Lauf übernommen; keine Belegzitate · pay_text auf der Seite nicht gefunden, geleert",https://jobs.schoen-klinik.de/Pflegefachkraft-mwd-fuer-unsere-Neuropaediatrie-in-Vogtare-de-j16146.html
Schön Klinik Vogtareuth,Vogtareuth,neuropädiatrische IMC,Pflegefachkraft (m/w/d) für unsere neuropädiatrische IMC in Vogtareuth,pflegefachkraft,,"Vergütung nach TVöD, die sich an Ihren Qualifikationen und Ihrem Engagement orientiert",unklar,,Vollzeit,"abgeschlossene Berufsausbildung als Gesundheits- und Krankenpfleger (m/w/d), Pflegefachkraft (m/w/d) oder vergleichbares pflegebezogenes Studium",,4,Zuordnung aus dem vorherigen Lauf übernommen,https://jobs.schoen-klinik.de/Pflegefachkraft-mwd-fuer-unsere-neuropaediatrische-IMC-in--de-j15060.html
Simssee Klinik,Bad Endorf,,Bereichsleitung Pflege (m/w/d),leitung,,,ja,"vergünstigte Mitgliedschaft im PROMOVEO Fitnesszentrum, Mitarbeiterappartements sowie betriebliche Altersvorsorge.",vollzeit_teilzeit,"Einschlägige Berufserfahrung als Gesundheits- und Krankenpfleger:in oder Altenpfleger:in; idealerweise mit Führungserfahrung | Wertschätzender Teamplayer (m/w/d) mit Organisationstalent und Verantwortungsbewusstsein | Empathische, aufgeschlossene Persönlichkeit mit Kommunikationsstärke | Innovationsbereitschaft sowie eine strukturierte und lösungsorientierte Arbeitsweise",Einschlägige Berufserfahrung als Gesundheits- und Krankenpfleger:in oder Altenpfleger:in; idealerweise mit Führungserfahrung,5,,https://karriere.gesundheitswelt.de/Bereichsleitung-Pflege-mwd-de-j2195.html
Simssee Klinik,Bad Endorf,,Gesundheits- und Krankenpfleger / Pflegefachkräfte / Altenpfleger (m/w/d),pflegefachkraft,,,ja,"vergünstigte Mitgliedschaft im PROMOVEO Fitnesszentrum, Mitarbeiterappartements, Rabatte in vielen regionalen Geschäften und über 'Corporate Benefits', sowie betriebliche Altersvorsorge.",vollzeit_teilzeit,"Sie verfügen über eine abgeschlossene Ausbildung als Gesundheits- und Krankenpfleger, Pflegefachkraft oder Altenpfleger (m/w/d). | Ein freundliches Auftreten, Teamfähigkeit, ein gepflegtes Erscheinungsbild sowie Engagement und Flexibilität zeichnen Sie aus. | Ein wertschätzender Umgang mit Patienten und Kunden ist für Sie selbstverständlich. | Sie verfügen über gute PC-Kenntnisse.",,5,,https://karriere.gesundheitswelt.de/Gesundheits-und-Krankenpfleger-Pflegefachkraefte-Altenpfle-de-j1896.html
Simssee Klinik,Bad Endorf,Medizinische Zentrale,Gesundheits- und Krankenpfleger:in / Altenpfleger:in für die Medizinische Zentrale,pflegefachkraft,,,ja,Mitarbeiterappartements und betriebliche Altersvorsorge,teilzeit,"Abgeschlossene Ausbildung als Gesundheits- und Krankenpfleger:in oder Altenpfleger:in | Sensibilität im Umgang mit Menschen, die sich in Lebenskrisen befinden | Strukturierte, eigenverantwortliche und selbstständige Arbeitsweise",,4,Klinik nach Anzeigenort korrigiert,https://karriere.gesundheitswelt.de/Gesundheits-und-Krankenpflegerin-Altenpflegerin-fuer-die-M-de-j2301.html
Simssee Klinik,Bad Endorf,Unfallchirurgisch-Orthopädische Rehabilitation,Pflegefachkraefte als Dauernachtwachen mwd fuer die Unfall de j2134,pflegefachkraft,,,ja,"vergünstigte Mitgliedschaft im PROMOVEO Fitnesszentrum, Mitarbeiterappartements und betriebliche Altersvorsorge.",vollzeit_teilzeit,"Abgeschlossene Ausbildung als Pflegefachkraft, Gesundheits- und Krankenpfleger oder Altenpfleger (m/w/d), gern auch Berufseinsteiger:in | Verantwortungsbewusstsein, Einfühlungsvermögen und Teamgeist | Freude an der Arbeit im Nachtdienst",,5,,https://karriere.gesundheitswelt.de/Pflegefachkraefte-als-Dauernachtwachen-mwd-fuer-die-Unfall-de-j2134.html
Simssee Klinik,Bad Endorf,Akut Orthopädie Station C6,Pflegefachkraft Akut Orthopädie Station C6 (m/w/d),pflegefachkraft,,,ja,Mitarbeiterappartements,vollzeit_teilzeit,"Ausbildung als examinierte Pflegefachkraft, Gesundheits- und Krankenpfleger (m/w/d) o.ä. | Motivation und Freude anspruchsvolle Aufgaben zu übernehmen | Eine offene, wertschätze und freundliche Persönlichkeit als Teamplayer",,5,,https://karriere.gesundheitswelt.de/Pflegefachkraft-Akut-Orthopaedie-Station-C6-mwd-de-j1409.html
Simssee Klinik,Bad Endorf,Geriatrie und orthopädische Krankenhausabteilung,Pflegefachkräfte (m/w/d) / Altenpflegefachkräfte (m/w/d),pflegefachkraft,,,ja,Mitarbeiterappartements,vollzeit_teilzeit,"Abgeschlossene Ausbildung als examinierte Pflegefachkraft / Altenpflegefachkraft (m/w/d) | Berufserfahrung erwünscht, jedoch nicht zwingend erforderlich, da wir gerne Berufseinsteigern die Möglichkeit bieten, Ihre erlernten Kenntnisse in die Praxis | Freundliches Auftreten, Teamfähigkeit, gepflegtes Äußeres, Engagement und Flexibilität | Wertschätzender Umgang mit Patienten und Kunden | PC Kenntnisse","Berufserfahrung erwünscht, jedoch nicht zwingend erforderlich",5,,https://karriere.gesundheitswelt.de/Pflegefachkraefte-mwd-Altenpflegefachkraefte-mwd-de-j61.html
Simssee Klinik,Bad Endorf,Multimodale Schmerztherapie,Pflegefachkräfte (m/w/d) mit Schwerpunkt Multimodale Schmerztherapie,pflegefachkraft,,,ja,Mitarbeiterappartements,vollzeit_teilzeit,"Abgeschlossene Ausbildung als Pflegefachkraft, Gesundheits- und Krankenpfleger oder Altenpfleger (m/w/d) | Weiterbildung zur Pain Nurse / Algesiologischen Fachassistenz (ALFA) oder zum Schmerzexperten (m/w/d) wünschenswert | Interesse an der Betreuung von Patienten mit chronischen Schmerzen und am interdisziplinären Arbeiten | Ausgeprägtes Einfühlungsvermögen sowie eine patientenorientierte Arbeitsweise | Hohes Maß an Verantwortungsbewusstsein, Engagement und Flexibilität | Teamfähigkeit und kommunikative Kompetenz",,5,,https://karriere.gesundheitswelt.de/Pflegefachkraefte-mwd-mit-Schwerpunkt-Multimodale-Schmerzt-de-j2202.html
Simssee Klinik,Bad Endorf,Psychosomatik,Pflegefachkräfte als Dauernachtwachen (m/w/d) für die Psychosomatik,pflegefachkraft,,,ja,"vergünstigte Mitgliedschaft im PROMOVEO Fitnesszentrum, Mitarbeiterappartements und betriebliche Altersvorsorge.",vollzeit_teilzeit,"Abgeschlossene Ausbildung als Pflegefachkraft, Gesundheits- und Krankenpfleger oder Altenpfleger (m/w/d), gern auch Berufseinsteiger:in | Verantwortungsbewusstsein, Einfühlungsvermögen und Teamgeist | Freude an der Arbeit im Nachtdienst",,5,,https://karriere.gesundheitswelt.de/Pflegefachkraefte-als-Dauernachtwachen-mwd-fuer-die-Psycho-de-j2257.html
St. Anna Krankenhaus,Sulzbach-Rosenberg,Kardiologie,Pflegefachkraft (m/w/d) für die Kardiologie,pflegefachkraft,,Wir bieten Ihnen eine Vergütung und soziale Leistungen nach dem TVöD-K.,unklar,"Wir bieten Ihnen Unterstützung bei der Wohnungssuche, falls Sie neu in unseren wunderschönen Landkreis Amberg-Sulzbach ziehen.",vollzeit_teilzeit,"Sie besitzen eine abgeschlossenen Berufsausbildung als Pflegefachkraft (m/w/d) | im Bereich Gesundheits- und Krankenpflege, Gesundheits- und Kinderkrankenpflege oder Altenpflege | Sie verfügen über kommunikative Kompetenzen sowie Teamfähigkeit und Selbständigkeit | Sie sind belastbar, flexibel und zuverlässig | Serviceorientierung sowie eine situativ angemessene Kommunikation sind für Sie selbstverständlich | Sie sind motiviert und haben Freude an einer neuen Herausforderung",,3,"Klinik über Stadt, nicht über Portal; Ort der Stelle nicht belegt",https://jobs.maxime-media.de/krankenhaeuser-des-landkreises-amberg-sulzbach/7653069
St. Anna Krankenhaus,Sulzbach-Rosenberg,Lernstation: Fachbereich Innere Medizin | Akutgeriatrie,Pflegefachkraft (m/w/d) für die Lernstation: Fachbereich Innere Medizin | Akutgeriatrie,pflegefachkraft,,Wir bieten Ihnen eine Vergütung und soziale Leistungen nach dem TVöD-K.,unklar,"Wir bieten Ihnen Unterstützung bei der Wohnungssuche, falls Sie neu in unseren wunderschönen Landkreis Amberg-Sulzbach ziehen.",,"Sie besitzen eine abgeschlossene 3-jähriger Ausbildung in der Gesundheits- und Krankenpflege oder als Pflegefachfrau/-mann (m/w/d) | zusätzlich eine Weiterbildung PA oder der Bereitschaft diese Qualifikation zu absolvieren (180 Stunden Zusatzqualifikation therapeutische Pflege) | Sie verfügen über Erfahrung in der Geriatrie oder Inneren Medizin | Sie besitzen kommunikative Kompetenzen sowie Teamfähigkeit und Selbständigkeit | Sie sind belastbar, flexibel und zuverlässig | Serviceorientierung sowie eine situativ angemessene Kommunikation sind für Sie selbstverständlich | Sie sind motiviert und haben Freude an einer neuen Herausforderung",Sie verfügen über Erfahrung in der Geriatrie oder Inneren Medizin,3,"Klinik über Stadt, nicht über Portal; Ort der Stelle nicht belegt",https://jobs.maxime-media.de/krankenhaeuser-des-landkreises-amberg-sulzbach/7653072
St. Anna Krankenhaus,Sulzbach-Rosenberg,interdisziplinärer High-Care-Bereich ITS/IMC,Pflegefachkräfte (m/w/d) für unseren interdisziplinären High-Care-Bereich ITS/IMC,fachweiterbildung,,Wir bieten Ihnen eine Vergütung und soziale Leistungen nach dem TVöD-K.,unklar,"Wir bieten Ihnen Unterstützung bei der Wohnungssuche, falls Sie neu in unseren wunderschönen Landkreis Amberg-Sulzbach ziehen.",vollzeit_teilzeit,"Sie besitzen eine abgeschlossene Berufsausbildung als Pflegefachkraft (m/w/d) | im Bereich Gesundheits- und Krankenpflege oder Gesundheits- und Kinderkrankenpflege | Ein absolvierte Fachweiterbildung für Intensiv- und Anästhesiepflege bzw. die Bereitschaft diese zu absolvieren wäre wünschenswert. | Sie haben ein hohes technisches Verständnis im Umgang mit modernster Medizintechnik | Sie überzeugen durch ein hohes Maß an Motivation und Engagement bei der Entwicklung und Umsetzung moderner Pflegekonzepte | Kommunikationsstärke und ein hohes Verantwortungsbewusstsein prägen Ihren Arbeitsstil | Eigeninitiative, Flexibilität bei der Aufgabenwahrnehmung und eine positive Einstellung zu interdisziplinärem Arbeiten zeichnen Sie persönlich aus",,3,"Klinik über Stadt, nicht über Portal; Ort der Stelle nicht belegt",https://jobs.maxime-media.de/krankenhaeuser-des-landkreises-amberg-sulzbach/7653075
St. Camillus Ursberg,Ursberg,,Pflegefachkraft als Dauernachtwache,pflegefachkraft,,Leistungsgerechte Vergütung gemäß TVÖD mit Jahressonderzahlung sowie arbeitgeberfinanzierter betrieblicher Altersvorsorge,unklar,,vollzeit_teilzeit,"Eine abgeschlossene Ausbildung zur Pflegefachperson, in der Gesundheits- und Krankenpflege oder Altenpflege | Begeisterung für die besonderen Bedürfnisse von Menschen mit geistiger Behinderung | Hohe fachliche und soziale Kompetenz | Wünschenswert wäre eine mehrjährige Berufserfahrung, jedoch nicht Bedingung","Wünschenswert wäre eine mehrjährige Berufserfahrung, jedoch nicht Bedingung",3,"einzige Klinik am Portal, Ort der Anzeige unbekannt; Ort der Stelle nicht belegt",https://www.krankenhaus-st-camillus.de/stellenangebote/pflegefachkraft-als-dauernachtwache
St. Camillus Ursberg,Ursberg,im Aufbau befindliche Station mit Schwerpunkt Gerontopsychiatrie,Pflegefachperson(m/w/d),pflegefachkraft,,Leistungsgerechte Vergütung gemäß TVÖD mit Jahressonderzahlung sowie arbeitgeberfinanzierter betrieblicher Altersvorsorge,unklar,,vollzeit_teilzeit,"Eine abgeschlossene Ausbildung zur Pflegefachperson, Gesundheits- und Krankenpflege, Altenpflege | Wünschenswert, oder Bereitschaft diese zu absolvieren: Weiterbildung Gerontopsychiatrische Fachkraft | Begeisterung für die besonderen Bedürfnisse von Menschen mit geistiger Behinderung | Bereitschaft, am 3-Schicht-Dienst teilzunehmen | Hohe fachliche und soziale Kompetenz | Wünschenswert wäre eine mehrjährige Berufserfahrung, jedoch nicht Bedingung","Wünschenswert wäre eine mehrjährige Berufserfahrung, jedoch nicht Bedingung",3,"einzige Klinik am Portal, Ort der Anzeige unbekannt; Ort der Stelle nicht belegt",https://www.krankenhaus-st-camillus.de/stellenangebote/gesundheits-und-krankenpfleger-m-w-d-oder-altenpfleger-m-w-d
St. Vinzenz Klinik Pfronten im Allgäu,Pfronten,Zentrale interdisziplinäre Notaufnahme,Pflegefachkraft (m/w/d) für unsere Zentrale interdisziplinäre Notaufnahme,pflegefachkraft,,,unklar,,vollzeit_teilzeit,"abgeschlossene Berufsausbildung zum Gesundheits- und Krankenpfleger (m/w/d) / Pflegefachmann (m/w/d) oder Pflegefachfrau (m/w/d) | Organisationsgeschick | Teamfähigkeit und Flexibilität | Teilnahme am Schicht-, Wochenend- und Feiertagsdienst | Freude am Umgang mit Menschen aller Altersstufen | Fachweiterbildung in der Notfallpflege (wünschenswert) | Belastbarkeit und die Fähigkeit, auch in stressigen Situationen einen kühlen Kopf zu bewahren | Interesse an einer abwechslungsreichen Tätigkeit in einem interdisziplinären Team",,3,"einzige Klinik am Portal, Ort der Anzeige unbekannt; Ort der Stelle nicht belegt",https://recruitingapp-5580.de.umantis.com/Vacancies/577/Description/1
Stiftungskrankenhaus Nördlingen,Nördlingen,zentrale Notaufnahme,Stv. Stationsleitung (m/w/d) für die zentrale Notaufnahme,leitung,,Vergütung nach dem Tarifvertrag TVöD-K.,unklar,,,"Abgeschlossene Ausbildung zum Gesundheits- und Krankenpfleger (m/w/d). | Sie besitzen idealerweise die Fachweiterbildungen zur Stationsleitung, in der Notfallpflege sowie den MTS-Basiskurs | Mehrjährige Berufserfahrung in einer zentralen Notaufnahme. | Hohe Fach-, Sozial- und Führungskompetenz. | Bereitschaft zur Weiterentwicklung der Abteilung im Rahmen der Digitalisierung. | Aktives Interesse, gemeinsam mit der Stationsleitung Neuerungen voranzutreiben und Bewährtes auszugestalten. | Respektvoller Umgang mit Kolleginnen/Kollegen und Vorgesetzten auch aus anderen Fachbereichen.",Mehrjährige Berufserfahrung in einer zentralen Notaufnahme.,3,"einzige Klinik am Portal, Ort der Anzeige unbekannt; Ort der Stelle nicht belegt",https://dongku.de/stellenangebote/stiftungskrankenhaus-nordlingen/stv-stationsleitung-m-w-d-fuer-die-zentrale-notaufnahme/
Therapiezentrum Burgau,"Burgau, Schwaben",neurologische Frührehabilitation,Pflegefachfrau / -mann (m/w/d),pflegefachkraft,,eine spezielle Pflegezulage,unklar,Unterstützung bei der Wohnungssuche,vollzeit_teilzeit,"abgeschlossene Ausbildung zum Pflegefachfrau / -mann (m/w/d), Gesundheits- und Krankenpfleger, Altenpfleger (m/w/d) oder vergleichbar | engagierte, verantwortungsbewusste und selbständige Arbeitsweise | Freundlichkeit und Kommunikationsbereitschaft gegenüber Patienten und Angehörigen | interdisziplinäre Zusammenarbeit mit unterschiedlichen Berufsgruppen | Sozialkompetenz | Berufserfahrung in der Neurologie ist von Vorteil, aber nicht zwingend Voraussetzung","Berufserfahrung in der Neurologie ist von Vorteil, aber nicht zwingend Voraussetzung",3,"einzige Klinik am Portal, Ort der Anzeige unbekannt; Ort der Stelle nicht belegt",https://www.therapiezentrum-burgau.de/karriere/stellenangebote/job-detail/position/pflegefachfrau-mann-mwd
Therapiezentrum Burgau,"Burgau, Schwaben",Intermediate Care-Station (IMC),Pflegefachfrau /-mann (m/w/d),pflegefachkraft,,eine spezielle Pflegezulage,unklar,Unterstützung bei der Wohnungssuche,vollzeit_teilzeit,"abgeschlossene Ausbildung zum Gesundheits- und Krankenpfleger (m/w/d), Pflegelfachfrau /-mann (m/w/d) oder gleichwertige Ausbildung | engagierte, verantwortungsbewusste und selbständige Arbeitsweise | Freundlichkeit und Kommunikationsbereitschaft gegenüber Patienten und Angehörigen | interdisziplinäre Zusammenarbeit mit unterschiedlichen Berufsgruppen | Sozialkompetenz | Berufserfahrung in der Neurologie ist von Vorteil, aber nicht zwingend Voraussetzung","Berufserfahrung in der Neurologie ist von Vorteil, aber nicht zwingend Voraussetzung",3,"einzige Klinik am Portal, Ort der Anzeige unbekannt; Ort der Stelle nicht belegt",https://www.therapiezentrum-burgau.de/karriere/stellenangebote/job-detail/position/personalfachfrau-mann-mwd-intermediate-care-station
Therapiezentrum Burgau,"Burgau, Schwaben",Intensivstation,Pflegefachfrau/-mann für Intensiv- und Anästhesiepflege und Pflegefachfrau/-mann (m/w/d),fachweiterbildung,,eine spezielle Pflegezulage,unklar,Unterstützung bei der Wohnungssuche,vollzeit_teilzeit,"Abgeschlossene Ausbildung zum Gesundheits- und Krankenpfleger (m/w/d), Pflegefachfrau/-mann (m/w/d) oder vergleichbar | Abgeschlossene Fachweiterbildung Intensiv- und Anästhesiepflege nach DKG-Empfehlung oder nach landesrechtlich anerkannter Weiterbildungsordnung | Freude an der Intensivpflege | Berufserfahrung in der Intensivpflege ist von Vorteil | Freude am selbständigen Arbeiten | Bereitschaft zur interdisziplinären Zusammenarbeit | Freundlichkeit und Kommunikationsfähigkeit gegenüber Patienten und Angehörigen",Berufserfahrung in der Intensivpflege ist von Vorteil,3,"einzige Klinik am Portal, Ort der Anzeige unbekannt; Ort der Stelle nicht belegt",https://www.therapiezentrum-burgau.de/karriere/stellenangebote/job-detail/position/pflegefachfrau-mann-fuer-intensiv-und-anaesthesiepflege-und-pflegefachfrau-mann-mwd-intensivstation
Therapiezentrum Burgau,"Burgau, Schwaben",Intensivstation,Praxisanleiter für die Intensivstation (m/w/d),fachweiterbildung,,Attraktive Vergütung entsprechend der Funktion,,,vollzeit_teilzeit,Ausbildung als Gesundheits- und Krankenpfleger (m/w/d) | Abgeschlossene Weiterbildung zum Gesundheits- und Fachkrankenpfleger (m/w/d) für Intensivpflege und Anästhesie (DKG) | Erfahrung in der Intensivpflege | Abgeschlossene Qualifikation zum „Praxisanleiter in der Pflege“ (m/w/d) | Zuverlässigkeit und Verantwortungsbewusstsein | Innovativ und flexibel in der Anleitung gemäß dem Kenntnisstand der Mitarbeiterinnen und Mitarbeiter,Erfahrung in der Intensivpflege,3,"einzige Klinik am Portal, Ort der Anzeige unbekannt; Ort der Stelle nicht belegt",https://www.therapiezentrum-burgau.de/karriere/stellenangebote/job-detail/position/praxisanleiter-fuer-die-intensivstation-mwd
Therapiezentrum Burgau,"Burgau, Schwaben",Intensivstation,Stellvertretende Stationsleitung (m/w/d) für unsere Intensivstation,leitung,,,,,vollzeit,Sie sind Gesundheits- und Krankenpfleger (m/w/d) mit abgeschlossener Weiterbildung zur Intensivpflege und Anästhesie (DKG). | Sie haben mehrere Jahre Berufserfahrung in der Intensivpflege. | Sie haben Verantwortungsbewusstsein für Personalführung und Personalentwicklung. | Sie besitzen Geschick in der Vermittlung von Fachwissen. | Sie verfügen über gute EDV Kenntnisse (MS Office).,Sie haben mehrere Jahre Berufserfahrung in der Intensivpflege.,3,"einzige Klinik am Portal, Ort der Anzeige unbekannt; Ort der Stelle nicht belegt",https://www.therapiezentrum-burgau.de/karriere/stellenangebote/job-detail/position/stellvertretende-stationsleitung-mwd-fuer-unsere-intensivstation
Thoraxzentrum Bezirk Unterfranken,Münnerstadt,OP und Endoskopie,OP-Pflegefachkraft (m/w/d) für den Bereich OP und Endoskopie,pflegefachkraft,P8,,unklar,,"Teilzeit (19,25 Std./Woche), unbefristet","Ausbildung als Pflegefachkraft, Gesundheits- und Krankenpfleger/in oder Fachkrankenpfleger/in für den OP | Bereitschaft Rufdienst",Berufserfahrung OP/Endoskopie wünschenswert; Sachkunde Endoskopieaufbereitung / Fachkundelehrgang 1,4,"Zuordnung aus dem vorherigen Lauf übernommen · pay_text auf der Seite nicht gefunden, geleert",https://bezirk-unterfranken.helixjobs.com/tzbu/jobad?prj=2618P680
Thoraxzentrum Bezirk Unterfranken,Münnerstadt,,Pflegefachkräfte (m/w/d),pflegefachkraft,,,unklar,,"Voll- oder Teilzeit, unbefristet, Festanstellung","Ausbildung als Gesundheits- und Krankenpfleger, Pflegefachkraft oder Krankenschwester/Krankenpfleger",,3,"Zuordnung aus dem vorherigen Lauf übernommen; keine Belegzitate · pay_text auf der Seite nicht gefunden, geleert",https://bezirk-unterfranken.helixjobs.com/tzbu/jobad?prj=2618P660
Universitätsklinikum Augsburg - Medizincampus  ,Augsburg,Uro-Endo-OP,Gesundheits- und Krankenpfleger (m/w/d) / Operationstechnischer Assistent (m/w/d) für den Bereich Uro-Endo-OP,ota_ata,,"Vergütung bis zur Entgeltgruppe KR 8 TV-L je nach Qualifikation und Berufserfahrung ... sowie Sonn-, Feiertags- und Nachtzuschläge",unklar,,Voll- oder Teilzeit,Abgeschlossene Ausbildung als Gesundheits- und Krankenpfleger (m/w/d) oder Operationstechnischer Assistent (m/w/d),"gerne mit abgeschlossener Fachweiterbildung für den Operations- und Endoskopiedienst, aber keine Voraussetzung",4,Zuordnung aus dem vorherigen Lauf übernommen,https://short.sg/j/65555451
Universitätsklinikum Augsburg - Medizincampus  ,Augsburg,Herzchirurgie Station 8.1,Gesundheits- und Krankenpfleger (m/w/d) für unsere Herzchirurgie Station 8.1,pflegefachkraft,,"Vergütung bis zur Entgeltgruppe KR 7 TV-L je nach Qualifikation und Berufserfahrung ... sowie Sonn-, Feiertags- und Nachtzuschläge",unklar,,Voll- oder Teilzeit,Eine abgeschlossene Ausbildung zum Gesundheits- und/oder (Kinder-) Krankenpfleger (m/w/d),,4,Zuordnung aus dem vorherigen Lauf übernommen,https://short.sg/j/66852800
Universitätsklinikum Augsburg - Medizincampus  ,Augsburg,Klinik für Dermatologie und Allergologie / Station 1.3,Onkologische Fachpflegekraft (m/w/d) Dermatologie,fachweiterbildung,,Vergütung bis zur Entgeltgruppe KR 9 TV-L je nach Qualifikation und Berufserfahrung,unklar,,"Voll- oder Teilzeit, unbefristet","Abgeschlossene Ausbildung zur Pflegefachkraft | Fachweiterbildung für Pflege in der Onkologie | Berufserfahrung im stationären, klinischen Setting | gutes Deutsch in Wort und Schrift","Fachweiterbildung für Pflege in der Onkologie; Berufserfahrung im stationären, klinischen Setting",4,Zuordnung aus dem vorherigen Lauf übernommen,https://short.sg/j/67187540
Universitätsklinikum Augsburg - Medizincampus  ,Augsburg,Nuklearmedizinische Therapiestation 5.6,Pflegefachkraft (m/w/d) Nuklearmedizinische Therapiestation,pflegefachkraft,,Vergütung in Entgeltgruppe KR 8 (bei Fachweiterbildung Onkologie bis zu KR 9) TV-L,unklar,,Voll- oder Teilzeit,Abgeschlossene Ausbildung zur Pflegefachkraft (m/w/d) | gutes Deutsch in Wort und Schrift,"Vorzugsweise erste Berufserfahrung im stationären, klinischen Setting",4,Zuordnung aus dem vorherigen Lauf übernommen,https://short.sg/j/66742156
Universitätsklinikum Augsburg - Medizincampus  ,Augsburg,Neo- und pädiatrische Intensivstation,Pflegefachkraft Neo- und pädiatrische Intensivstation m/w/d,pflegefachkraft,,Vergütung nach AVR-Tarif mit zusätzlichen Sozialleistungen,unklar,,Voll- oder Teilzeit,Abgeschlossene Ausbildung als Pflegefachperson oder Gesundheits- und Kinderkrankenpfleger m/w/d | 3-Schicht-System,Berufserfahrung im Bereich Neonatologie oder Pädiatrie; idealerweise Fachweiterbildung Intensiv- und Anästhesiepflege,4,Klinik nach Anzeigenort korrigiert,https://kjf-augsburg.softgarden.io/job/64826241?l=de
Universitätsklinikum Augsburg - Medizincampus  ,Augsburg,Zentrale Notaufnahme,Pflegefachkraft für die Zentrale Notaufnahme m/w/d,pflegefachkraft,,Vergütung nach AVR-Tarif und zusätzliche Sozialleistungen,unklar,,Voll- oder Teilzeit,Abgeschlossene 3-jährige Ausbildung als Pflegefachkraft m/w/d oder alternative Pflegeausbildung z.B. Notfallsanitäter,Berufserfahrung; Kenntnisse Notfallmedizin; Vorerfahrung Versorgung von Kindern und Jugendlichen,4,Klinik nach Anzeigenort korrigiert,https://kjf-augsburg.softgarden.io/job/65211081?l=de
Universitätsklinikum Augsburg - Medizincampus  ,Augsburg,Kreißsaal,Pflegefachkraft im Kreissaal m/w/d,pflegefachkraft,,Vergütung nach AVR-Tarif,unklar,,Voll- oder Teilzeit,Ausbildung als examinierte Pflegefachkraft m/w/d | 3-Schichtdienst,"Berufserfahrung in der Pflege, wünschenswert IMC- oder Intensiverfahrung",4,Klinik nach Anzeigenort korrigiert,https://kjf-augsburg.softgarden.io/job/64877706?l=de
Universitätsklinikum Augsburg - Medizincampus  ,Augsburg,Zentrum für Intensivtherapie (ZIT),Pflegefachperson (m/w/d) Zentrum für Intensivtherapie,pflegefachkraft,,Vergütung bis zur Entgeltgruppe KR 9 TV-L je nach Qualifikation und Berufserfahrung,unklar,,"Voll- oder Teilzeit, unbefristet",Abgeschlossene Ausbildung als Pflegefachperson (m/w/d),,4,Zuordnung aus dem vorherigen Lauf übernommen,https://short.sg/j/65518911
Universitätsklinikum Augsburg - Medizincampus  ,Augsburg,Pädiatrie mit Schwerpunkt Chirurgie,Pflegefachperson Pädiatrie mit Schwerpunkt Chirurgie m/w/d,pflegefachkraft,,Vergütung nach AVR-Tarif,unklar,,Voll- oder Teilzeit,Abgeschlossene Ausbildung als Pflegefachperson m/w/d oder vergleichbare Qualifikation | 3-Schichtsystem,,4,Klinik nach Anzeigenort korrigiert,https://kjf-augsburg.softgarden.io/job/66506928?l=de
Universitätsklinikum Augsburg - Medizincampus  ,Augsburg,PWS-Station / pädiatrisches Schlaflabor,Pflegefachperson im Bereich für PWS-Patient*innen und pädiatrisches Schlaflabor m/w/d,pflegefachkraft,,Vergütung nach AVR-Tarif,unklar,,Voll- oder Teilzeit,Abgeschlossene Ausbildung als Pflegefachperson m/w/d oder MFA m/w/d | 3-Schicht-System Mo-Fr,,4,Klinik nach Anzeigenort korrigiert,https://kjf-augsburg.softgarden.io/job/66917240?l=de
Universitätsklinikum Augsburg - Medizincampus Süd,Augsburg,"Zentral-OP, Unfall-, Hand- und Augenchirurgie am Medizincampus","Mitarbeiter (m/w/d) für den Operationsdienst - Unfall-, Hand- und Augenchirurgie am Medizincampus",pflegefachkraft,,Vergütung bis zur Entgeltgruppe KR 9 TV-L je nach Qualifikation und Berufserfahrung,unklar,,"Voll- oder Teilzeit, unbefristet","Eine abgeschlossene Berufsausbildung in den Berufsfeldern Pflege, MFA (m/w/d), OTA (m/w/d) oder Notfallsanitäter (m/w/d) | Teilnahme an Ruf-, Bereitschafts- und Nachtdiensten",,4,Zuordnung aus dem vorherigen Lauf übernommen,https://uk-augsburg.softgarden.io/job/65549251
Universitätsklinikum Augsburg - Medizincampus Süd,Augsburg,"Dermatologie, Medizincampus Süd",Pflegefachkraft (m/w/d) Dermatologie,pflegefachkraft,,Vergütung bis zur Entgeltgruppe KR 7 TV-L je nach Qualifikation und Berufserfahrung,unklar,,Voll- oder Teilzeit,Abgeschlossene Ausbildung in der Gesundheits- und Krankenpflege | gutes Deutsch in Wort und Schrift,Idealerweise erste Berufserfahrung in der Dermatologie,4,Zuordnung aus dem vorherigen Lauf übernommen,https://uk-augsburg.softgarden.io/job/65517161
Universitätsklinikum Augsburg - Medizincampus Süd,Augsburg,"HNO und MKG oder Dermatologie, Medizincampus Süd (Augsburg-Haunstetten)",Pflegefachkraft (m/w/d) Medizincampus Süd / Standort Augsburg-Haunstetten,pflegefachkraft,,"Vergütung bis zur Entgeltgruppe KR 7 TV-L je nach Qualifikation, Berufserfahrung und Einsatzort",unklar,,Voll- oder Teilzeit,Eine abgeschlossene Ausbildung zur Pflegefachkraft (m/w/d) | gutes Deutsch in Wort und Schrift,"Vorzugsweise erste Berufserfahrung im stationären, klinischen Setting",4,Zuordnung aus dem vorherigen Lauf übernommen,https://uk-augsburg.softgarden.io/job/65564076
Universitätsklinikum Augsburg - Medizincampus Süd,Augsburg,"HNO und MKG oder Dermatologie, Standort Haunstetten",Pflegefachkraft (m/w/d) als dezentraler Praxisanleiter (m/w/d) Standort Haunstetten,fachweiterbildung,,Vergütung bis zur Entgeltgruppe KR 7 TV-L je nach Qualifikation und Berufserfahrung,unklar,,Voll- oder Teilzeit,Berufsabschluss als Pflegefachkraft (m/w/d) | erste Berufserfahrung im klinischen Setting,"Abgeschlossene Weiterbildung zum Praxisanleiter (m/w/d) bzw. Motivation, die Weiterbildung zeitnah zu absolvieren",4,Zuordnung aus dem vorherigen Lauf übernommen,https://uk-augsburg.softgarden.io/job/66033278
Universitätsklinikum Augsburg - Medizincampus Süd,Augsburg,"HNO und MKG Normalstation, Medizincampus Süd Haunstetten",Pflegefachkraft (m/w/d) für Hals-Nasen-Ohrenheilkunde (HNO) und Mund-Kiefer-Gesichtschirurgie (MKG) am Standort Haunstetten,pflegefachkraft,,"Vergütung bis zur Entgeltgruppe KR 7 TV-L je nach Qualifikation und Berufserfahrung sowie Sonn-, Feiertags- und Nachtzuschläge",unklar,,Voll- oder Teilzeit,Abgeschlossene Ausbildung als Pflegefachkraft (m/w/d) | gutes Deutsch in Wort und Schrift,,4,Zuordnung aus dem vorherigen Lauf übernommen,https://uk-augsburg.softgarden.io/job/66739961
Universitätsklinikum Erlangen,Erlangen,FlexTEAM,Anästhesietechnischer Assistent (ATA) für unser FlexTEAM (m/w/d),ota_ata,,"Am Uniklinikum Erlangen wenden wir Tarifverträge an (TV-L/TV-Ä), die Ihre Bezahlung festlegen.",,,,"Erfolgreich abgeschlossene Ausbildung als Anästhesietechnischer Assistent (ATA) (m/w/d) | Freude an der Arbeit in unterschiedlichen Teams und Fachbereichen | Verantwortungsbewusstsein, Engagement und kooperative Zusammenarbeit mit allen Berufsgruppen",,5,,https://www.karriere.uk-erlangen.de/job/anaesthesietechnischer-assistent-ata-fuer-unser-flexteam-m-w-d-13447/
Universitätsklinikum Erlangen,Erlangen,Anästhesiologische Klinik,Anästhesietechnischer Assistent Anästhesiologische Klinik (m/w/d),ota_ata,,,,,vollzeit_teilzeit,"Erfolgreich abgeschlossene Ausbildung als Anästhesietechnischer Assistent (m/w/d) | Persönliche, soziale und fachliche Kompetenz sowie Verantwortungsbewusstsein und Kooperationsbereitschaft gegenüber anderen Berufsgruppen | Flexibilität, Engagement und Interesse an regelmäßiger fachspezifischer Qualifizierung | Innovatives Denken und Handeln",,5,,https://www.karriere.uk-erlangen.de/job/anaesthesietechnischer-assistent-anaesthesiologische-klinik-m-w-d-2026-09-16-an-ata/
Universitätsklinikum Erlangen,Erlangen,OP-Abteilung der Augenklinik,Bereichsleitung OP Augenklinik (m/w/d),leitung,,Beabsichtigte Eingruppierung je nach Qualifikation und persönlichen Voraussetzungen gemäß TV-L,,,vollzeit_teilzeit,"Erfolgreich abgeschlossene Ausbildung als Gesundheits- und Krankenpfleger (m/w/d) oder Operationstechnischer Assistent (m/w/d) | Erste Führungserfahrungen (mindestens ein Jahr) | Erfahrungen im OP-Bereich | Weiterbildung zur Fachkraft für Leitungsaufgaben in der Pflege oder Bereitschaft, diese zu absolvieren | Persönliche, soziale und fachliche Kompetenz sowie Verantwortungsbewusstsein und Kooperationsbereitschaft gegenüber anderen Berufsgruppen | Flexibilität, Engagement und Interesse an regelmäßiger fachspezifischer Qualifizierung",Erste Führungserfahrungen (mindestens ein Jahr),5,,https://www.karriere.uk-erlangen.de/job/bereichsleitung-op-augenklinik-m-w-d-kk-au-op-sl-2026-09-30/
Universitätsklinikum Erlangen,Erlangen,Hochschulambulanz der Kinder- und Jugendklinik,Gesundheits- und Kinderkrankenpfleger Hochschulambulanz/Notaufnahme Kinderklinik (m/w/d),pflegefachkraft,,,unklar,,vollzeit_teilzeit,"Sie haben eine erfolgreich abgeschlossene Ausbildung als Gesundheits- und Kinderkrankenpfleger (m/w/d) oder eine vergleichbare Ausbildung. | Gutes Organisationsgeschick und sehr gute Kommunikationsfähigkeit gehören zu Ihren Eigenschaften. | Sie sind flexibel, engagiert und haben Interesse an regelmäßiger fachspezifischer Qualifizierung. | Neuerungen gegenüber sind Sie aufgeschlossen.",,5,,https://www.karriere.uk-erlangen.de/job/gesundheits-und-kinderkrankenpfleger-hochschulambulanz-notaufnahme-kinderklinik-m-w-d-ki-hsa-2026-08-27/
Universitätsklinikum Erlangen,Erlangen,interdisziplinäre pädiatrische Intensivstation,Gesundheits- und Kinderkrankenpfleger Intensiv Pädiatrie (m/w/d),pflegefachkraft,,,unklar,,vollzeit_teilzeit,"Sie haben eine erfolgreich abgeschlossene Ausbildung als Gesundheits- und Kinderkrankenpfleger (m/w/d) oder vergleichbare Ausbildung. | Sie verfügen über ein hohes Verantwortungsbewusstsein sowie Kooperationsbereitschaft gegenüber anderen Berufsgruppen. | Sie sind flexibel, engagiert und haben Interesse an regelmäßiger fachspezifischer Qualifizierung.",,5,,https://www.karriere.uk-erlangen.de/job/gesundheits-und-kinderkrankenpfleger-intensiv-paediatrie-m-w-d-ki-int-2026-08-27/
Universitätsklinikum Erlangen,Erlangen,neonatologische Intensivstation (Level 1),Gesundheits- und Kinderkrankenpfleger Intensivstation Neonatologie (m/w/d),pflegefachkraft,,,unklar,,vollzeit_teilzeit,"Sie haben eine erfolgreich abgeschlossene Ausbildung als Gesundheits- und Kinderkrankenpfleger (m/w/d). | Sie mögen gerne selbständiges und verantwortungsvolles Arbeiten im interprofessionellen Team und kommunizieren kompetent und selbstbewusst. | Zudem sind Sie flexibel, engagiert und haben Interesse an regelmäßiger fachspezifischer Qualifizierung. | Neuerungen gegenüber sind Sie offen und bringen gerne eigene Ideen ein.",,5,,https://www.karriere.uk-erlangen.de/job/gesundheits-und-kinderkrankenpfleger-intensivstation-neonatologie-m-w-d-ki-neoint-2026-08-27/
Universitätsklinikum Erlangen,Erlangen,FlexTEAM,Gesundheits- und Kinderkrankenpfleger für unser FlexTEAM (m/w/d),pflegefachkraft,,"Am Uniklinikum Erlangen wenden wir Tarifverträge an (TV-L/TV-Ä), die Ihre Bezahlung festlegen.",,,,"Eine erfolgreich abgeschlossene Ausbildung als Gesundheits- und Kinderkrankenpfleger (m/w/d) oder Pflegefachperson (m/w/d) | Freude an der Arbeit in verschiedenen Teams und Fachbereichen | Verantwortungsbewusstsein, Engagement und kooperative Zusammenarbeit mit allen Berufsgruppen",,5,,https://www.karriere.uk-erlangen.de/job/gesundheits-und-kinderkrankenpfleger-fuer-unser-flexteam-m-w-d-13452/
Universitätsklinikum Erlangen,Erlangen,Station für Kinderonkologie,Gesundheits- und Kinderkrankenpfleger onkologische Allgemeinstation mit KMT Kinderklinik (m/w/d),pflegefachkraft,,,unklar,,vollzeit_teilzeit,"Sie haben eine erfolgreich abgeschlossene Ausbildung als Gesundheits- und Kinderkrankenpfleger (m/w/d) oder eine vergleichbare Ausbildung. | Sie verfügen über persönliche, soziale und fachliche Kompetenzen sowie Verantwortungsbewusstsein und Kooperationsbereitschaft gegenüber anderen Berufsgruppen. | Ein abwechslungsreicher und verantwortungsvoller Aufgabenbereich liegt Ihnen. | Sie sind flexibel, engagiert und haben Interesse an einer regelmäßiger fachspezifischen Qualifizierung.",,5,,https://www.karriere.uk-erlangen.de/job/gesundheits-und-kinderkrankenpfleger-onkologische-allgemeinstation-mit-kmt-kinderklinik-m-w-d-ki-onko-2026-08-28/
Universitätsklinikum Erlangen,Erlangen,Allgemeinstationen im Internistischen Zentrum,Gesundheits- und Krankenpfleger Allgemeinstation Innere Medizin (m/w/d),pflegefachkraft,,,unklar,,vollzeit_teilzeit,"Sie haben eine erfolgreich abgeschlossene Ausbildung als Gesundheits- und Krankenpfleger (m/w/d) | Sie verfügen über persönliche, soziale und fachliche Kompetenzen sowie Verantwortungsbewusstsein und Kooperationsbereitschaft gegenüber anderen Berufsgruppen | Sie sind flexibel, engagiert und haben Interesse an regelmäßiger fachspezifischer Qualifizierung | Sie zeichnen sich durch gestalterisches Denken und effektives Handeln sowie ein reflektiertes berufliches Selbstverständnis aus",,5,,https://www.karriere.uk-erlangen.de/job/gesundheits-und-krankenpfleger-allgemeinstation-innere-medizin-m-w-d-inz-allgemeinstationen-gkp-2026-09-08/
Universitätsklinikum Erlangen,Erlangen,operativen Funktionsbereich der Anästhesiologischen Klinik,Gesundheits- und Krankenpfleger Anästhesiologische Klinik OP und Aufwachraum (m/w/d),pflegefachkraft,,,unklar,,vollzeit_teilzeit,"Erfolgreich abgeschlossene Ausbildung als Gesundheits- und Krankenpfleger (m/w/d) | Persönliche, soziale und fachliche Kompetenz sowie Verantwortungsbewusstsein und Kooperationsbereitschaft gegenüber anderen Berufsgruppen | Flexibilität, Engagement und Interesse an regelmäßiger fachspezifischer Qualifizierung | Innovatives Denken und Handeln",,5,,https://www.karriere.uk-erlangen.de/job/gesundheits-und-krankenpfleger-anaesthesiologische-klinik-op-und-aufwachraum-m-w-d-2026-09-16-an-gkp/
Universitätsklinikum Erlangen,Erlangen,Allgemeinstationen des chirurgischen Zentrums,Gesundheits- und Krankenpfleger Chirurgie (m/w/d),pflegefachkraft,,,unklar,,vollzeit_teilzeit,"Erfolgreich abgeschlossene Ausbildung als Gesundheits- und Krankenpfleger (m/w/d) | Persönliche, soziale und fachliche Kompetenz sowie Verantwortungsbewusstsein und Kooperationsbereitschaft gegenüber anderen Berufsgruppen | Flexibilität, Engagement und Interesse an regelmäßiger fachspezifischer Qualifizierung | Innovatives Denken und Handeln sowie ein reflektiertes berufliches Selbstverständnis",,5,,https://www.karriere.uk-erlangen.de/job/gesundheits-und-krankenpfleger-chirurgie-m-w-d-2026-09-16-chz-gkp/
Universitätsklinikum Erlangen,Erlangen,Dermatologie,Gesundheits- und Krankenpfleger Dermatologie (m/w/d),pflegefachkraft,,,unklar,,vollzeit_teilzeit,"Sie haben eine erfolgreich abgeschlossene Ausbildung als Gesundheits- und Krankenpfleger (m/w/d) | Sie verfügen über persönliche, soziale und fachliche Kompetenzen sowie Verantwortungsbewusstsein und Kooperationsbereitschaft gegenüber anderen Berufsgruppen | Sie sind flexibel, engagiert und haben Interesse an regelmäßiger fachspezifischer Qualifizierung | Sie sind aufgeschlossen gegenüber den Innovationen der modernen Universitätsmedizin | Sie zeichnen sich durch gestalterisches Denken und effektives Handeln sowie ein reflektiertes berufliches Selbstverständnis aus",,5,,https://www.karriere.uk-erlangen.de/job/gesundheits-und-krankenpfleger-dermatologie-m-w-d-inz-gkp-derma-2026-09-08/
Universitätsklinikum Erlangen,Erlangen,Dialyseabteilung,Gesundheits- und Krankenpfleger Dialyseabteilung (m/w/d),pflegefachkraft,,,unklar,,vollzeit_teilzeit,"Sie haben eine erfolgreich abgeschlossene Ausbildung als Gesundheits- und Krankenpfleger (m/w/d) | Sie haben mehrere Jahre Berufserfahrung in der Nephrologie und / oder in einer Einrichtung für Hämodialyse gesammelt | Sie verfügen über persönliche, soziale und fachliche Kompetenzen sowie Verantwortungsbewusstsein und Kooperationsbereitschaft gegenüber anderen Berufsgruppen | Sie sind flexibel, engagiert und haben Interesse an regelmäßiger fachspezifischer Qualifizierung",Sie haben mehrere Jahre Berufserfahrung in der Nephrologie und / oder in einer Einrichtung für Hämodialyse gesammelt,5,,https://www.karriere.uk-erlangen.de/job/gesundheits-und-krankenpfleger-dialyseabteilung-m-w-d-inz-gkp-dialyse-2026-09-08/
Universitätsklinikum Erlangen,Erlangen,Endoskopie-Abteilung der Medizinischen Klinik 1 im Internistischen Zentrum,Gesundheits- und Krankenpfleger Endoskopie INZ (m/w/d),pflegefachkraft,,,unklar,,vollzeit_teilzeit,"Sie haben eine erfolgreich abgeschlossene Ausbildung als Gesundheits- und Krankenpfleger (m/w/d) | Sie verfügen über sehr gute fachliche Kompetenzen, einen selbständigen Arbeitsstil | sowie hohes Verantwortungsbewusstsein und Kooperationsbereitschaft gegenüber anderen Berufsgruppen | Sie sind flexibel, engagiert und haben Interesse an regelmäßiger fachspezifischer Qualifizierung",,5,,https://www.karriere.uk-erlangen.de/job/gesundheits-und-krankenpfleger-endoskopie-inz-m-w-d-inz-gkp-endo-2026-09-08/
Universitätsklinikum Erlangen,Erlangen,geburtshilflichen Stationen der Frauenklinik,Gesundheits- und Krankenpfleger Geburtshilfe Frauenklinik (m/w/d),pflegefachkraft,,,unklar,,vollzeit_teilzeit,"Sie haben eine erfolgreich abgeschlossene Ausbildung als Gesundheits- und Krankenpfleger (m/w/d). | Sie besitzen persönliche, soziale und fachliche Kompetenz sowie Verantwortungsbewusstsein und Kooperationsbereitschaft gegenüber anderen Berufsgruppen. | Sie sind flexibel, engagiert und haben Interesse an regelmäßiger fachspezifischer Qualifizierung.",,5,,https://www.karriere.uk-erlangen.de/job/gesundheits-und-krankenpfleger-geburtshilfe-frauenklinik-m-w-d-fk-gh-2026-08-28/
Universitätsklinikum Erlangen,Erlangen,Herz-OP,Gesundheits- und Krankenpfleger Herz-OP (m/w/d),pflegefachkraft,,,unklar,,vollzeit_teilzeit,"erfolgreich abgeschlossene Ausbildung als Gesundheits- und Krankenpfleger (m/w/d) | persönliche, soziale und fachliche Kompetenz sowie Verantwortungsbewusstsein und Kooperationsbereitschaft gegenüber anderen Berufsgruppen | Flexibilität, Engagement und Interesse an regelmäßiger fachspezifischer Qualifizierung | Innovatives Denken und Handeln",,5,,https://www.karriere.uk-erlangen.de/job/gesundheits-und-krankenpfleger-herz-op-m-w-d-2026-09-16-chz-hc-op-gkp/
Universitätsklinikum Erlangen,Erlangen,Medizinischen Klinik 5 - Hämatologie und Internistische Onkologie,Gesundheits- und Krankenpfleger Hämatologie,pflegefachkraft,,,unklar,,vollzeit_teilzeit,"Sie haben eine erfolgreich abgeschlossene Ausbildung als Gesundheits- und Krankenpfleger (m/w/d) | Sie verfügen über persönliche, soziale und fachliche Kompetenzen sowie Verantwortungsbewusstsein und Kooperationsbereitschaft gegenüber anderen Berufsgruppen | Sie sind flexibel, engagiert und haben Interesse an regelmäßiger fachspezifischer Qualifizierung | Sie zeichnen sich durch gestalterisches Denken und effektives Handeln sowie ein reflektiertes berufliches Selbstverständnis aus",,5,,https://www.karriere.uk-erlangen.de/job/gesundheits-und-krankenpfleger-haematologie-onkologie-m-w-d-inz-gkp-haematologie-2026-09-08/
Universitätsklinikum Erlangen,Erlangen,Neurologischen und Neurochirurgischen Intensivstation der Kopfklinik,Gesundheits- und Krankenpfleger Intensivstation Neurochirurgie (m/w/d),pflegefachkraft,,,unklar,,vollzeit_teilzeit,"Erfolgreich abgeschlossene Ausbildung als Gesundheits- und Krankenpfleger (m/w/d) | Persönliche, soziale und fachliche Kompetenz sowie Verantwortungsbewusstsein und Kooperationsbereitschaft gegenüber anderen Berufsgruppen | Flexibilität, Engagement und Interesse an regelmäßiger fachspezifischer Qualifizierung",,5,,https://www.karriere.uk-erlangen.de/job/gesundheits-und-krankenpfleger-intensivstation-neurochirurgie-m-w-d-kk-ni-gkp-2026-09-10/
Universitätsklinikum Erlangen,Erlangen,fachbezogenen Intensivstationen im Internistischen Zentrum,Gesundheits- und Krankenpfleger Intensivstationen des INZ (m/w/d),pflegefachkraft,,,unklar,,vollzeit_teilzeit,"Sie haben eine erfolgreich abgeschlossene Ausbildung als Gesundheits- und Krankenpfleger (m/w/d) | Sie verfügen über persönliche, soziale und fachliche Kompetenzen sowie Verantwortungsbewusstsein und Kooperationsbereitschaft gegenüber anderen Berufsgruppen | Sie sind flexibel, engagiert und haben Interesse an regelmäßiger fachspezifischer Qualifizierung | Sie zeichnen sich durch gestalterisches Denken und effektives Handeln sowie ein reflektiertes berufliches Selbstverständnis aus",,5,,https://www.karriere.uk-erlangen.de/job/gesundheits-und-krankenpfleger-intensivstationen-des-inz-m-w-d-inz-gkp-intensiv-2026-09-08/
Universitätsklinikum Erlangen,Erlangen,Interdisziplinären Operativen Intensivstation (IOI),Gesundheits- und Krankenpfleger Interdisziplinäre Operative Intensivstation (m/w/d),pflegefachkraft,,,unklar,,vollzeit_teilzeit,"Erfolgreich abgeschlossene Ausbildung als Gesundheits- und Krankenpfleger (m/w/d) | Persönliche, soziale und fachliche Kompetenz sowie Verantwortungsbewusstsein und Kooperationsbereitschaft gegenüber anderen Berufsgruppen | Flexibilität, Engagement und Interesse an regelmäßiger fachspezifischer Qualifizierung | Innovatives Denken und Handeln",,5,,https://www.karriere.uk-erlangen.de/job/gesundheits-und-krankenpfleger-interdisziplinaere-operative-intensivstation-m-w-d-2026-09-16-an-ioi-gkp/
Universitätsklinikum Erlangen,Erlangen,IOI-ICC,Gesundheits- und Krankenpfleger Intermediate Care Bereich der Interdisziplinären Operativen Intensivstation (m/w/d),pflegefachkraft,,,unklar,,vollzeit_teilzeit,"Erfolgreich abgeschlossene Ausbildung als Gesundheits- und Krankenpfleger (m/w/d) | Persönliche, soziale und fachliche Kompetenz sowie Verantwortungsbewusstsein und Kooperationsbereitschaft gegenüber anderen Berufsgruppen | Flexibilität, Engagement und Interesse an regelmäßiger fachspezifischer Qualifizierung | Innovatives Denken und Handeln",,5,,https://www.karriere.uk-erlangen.de/job/gesundheits-und-krankenpfleger-intermediate-care-bereich-der-interdisziplinaeren-operativen-intensivstation-m-w-d-2026-09-16-an-icc/
Universitätsklinikum Erlangen,Erlangen,kardiologischen Allgemeinstation der Medizinischen Klinik 2,Gesundheits- und Krankenpfleger Kardiologie (m/w/d),pflegefachkraft,,,unklar,,vollzeit_teilzeit,"Sie haben eine erfolgreich abgeschlossene Ausbildung als Gesundheits- und Krankenpfleger (m/w/d) | Sie verfügen über persönliche, soziale und fachliche Kompetenzen sowie Verantwortungsbewusstsein und Kooperationsbereitschaft gegenüber anderen Berufsgruppen | Sie sind flexibel, engagiert und haben Interesse an regelmäßiger fachspezifischer Qualifizierung | Sie zeichnen sich durch gestalterisches Denken und effektives Handeln sowie ein reflektiertes berufliches Selbstverständnis aus",,5,,https://www.karriere.uk-erlangen.de/job/gesundheits-und-krankenpfleger-kardiologie-m-w-d-inz-gkp-kardio-2026-09-08/
Universitätsklinikum Erlangen,Erlangen,Kieferchirurgischer-OP,Gesundheits- und Krankenpfleger Kieferchirurgischer OP (m/w/d),pflegefachkraft,,Eingruppierung gemäß TV-L,unklar,,vollzeit_teilzeit,"erfolgreich abgeschlossene Ausbildung als Gesundheits- und Krankenpfleger (m/w/d) oder Pflegefachmann/Pflegefachfrau (m/w/d) | persönliche, soziale und fachliche Kompetenz sowie Verantwortungsbewusstsein und Kooperationsbereitschaft gegenüber anderen Berufsgruppen | Flexibilität, Engagement und Interesse an regelmäßiger fachspezifischer Qualifizierung | Innovatives Denken und Handeln",,5,,https://www.karriere.uk-erlangen.de/job/gesundheits-und-krankenpfleger-kieferchirurgischer-op-m-w-d-2026-09-16-chz-kc-op-gkp/
Universitätsklinikum Erlangen,Erlangen,Kinder- und Jugendpsychiatrie,Gesundheits- und Krankenpfleger Kinderpsychiatrie (m/w/d),pflegefachkraft,,Beabsichtigte Eingruppierung je nach Qualifikation und persönlichen Voraussetzungen gemäß TV-L,unklar,,vollzeit_teilzeit,"Erfolgreich abgeschlossene Ausbildung als Gesundheits- und Krankenpfleger (m/w/d) | Persönliche, soziale und fachliche Kompetenz sowie Verantwortungsbewusstsein und Kooperationsbereitschaft gegenüber anderen Berufsgruppen | Flexibilität, Engagement und Interesse an regelmäßiger fachspezifischer Qualifizierung",,5,,https://www.karriere.uk-erlangen.de/job/gesundheits-und-krankenpfleger-kinderpsychiatrie-m-w-d-kk-jp-gkp-2026-09-22/
Universitätsklinikum Erlangen,Erlangen,nephrologischen Allgemeinstation M4 D0-3,Gesundheits- und Krankenpfleger Nephrologie (m/w/d),pflegefachkraft,,Beabsichtigte Eingruppierung je nach Qualifikation und persönlichen Voraussetzungen gemäß TV-L,unklar,,vollzeit_teilzeit,"Sie haben eine erfolgreich abgeschlossene Ausbildung als Gesundheits- und Krankenpfleger (m/w/d) | Sie verfügen über persönliche, soziale und fachliche Kompetenzen sowie Verantwortungsbewusstsein und Kooperationsbereitschaft gegenüber anderen Berufsgruppen | Sie sind flexibel, engagiert und haben Interesse an regelmäßiger fachspezifischer Qualifizierung | Sie zeichnen sich durch gestalterisches Denken und effektives Handeln sowie ein reflektiertes berufliches Selbstverständnis aus",,5,,https://www.karriere.uk-erlangen.de/job/gesundheits-und-krankenpfleger-nephrologie-m-w-d-inz-gkp-nephro-2026-09-08/
Universitätsklinikum Erlangen,Erlangen,Notaufnahme Chirurgisches Departement,Gesundheits- und Krankenpfleger Notaufnahme Chirurgisches Departement (m/w/d),pflegefachkraft,,Eingruppierung gemäß TV-L,unklar,,vollzeit_teilzeit,"Erfolgreich abgeschlossene Ausbildung als Gesundheits- und Krankenpfleger (m/w/d) | Persönliche, soziale und fachliche Kompetenz sowie Verantwortungsbewusstsein und Kooperationsbereitschaft gegenüber anderen Berufsgruppen | Flexibilität, Engagement und Interesse an regelmäßiger fachspezifischer Qualifizierung | Innovatives Denken und Handeln sowie ein reflektiertes berufliches Selbstverständnis",,5,,https://www.karriere.uk-erlangen.de/job/gesundheits-und-krankenpfleger-notaufnahme-chirurgisches-departement-m-w-d-2026-09-16-chz-nfa-gkp/
Universitätsklinikum Erlangen,Erlangen,Notaufnahme im Internistischen Zentrum,Gesundheits- und Krankenpfleger Notaufnahme Internistisches Zentrum (m/w/d),pflegefachkraft,,Die Eingruppierung erfolgt entsprechend Tarifvertrag TV-L anhand Ihrer Qualifikation und persönlichen Voraussetzungen,unklar,,vollzeit_teilzeit,"Sie haben eine erfolgreich abgeschlossene Ausbildung als Gesundheits- und Krankenpfleger (m/w/d) | Sie besitzen persönliche, soziale und fachliche Kompetenzen sowie Verantwortungsbewusstsein und Kooperationsbereitschaft gegenüber anderen Berufsgruppen | Sie sind flexibel, engagiert und haben Interesse an regelmäßiger fachspezifischer Qualifizierung | Sie zeichnen sich durch innovatives Denken und effektives Handeln sowie ein reflektiertes berufliches Selbstverständnis aus",,5,,https://www.karriere.uk-erlangen.de/job/gesundheits-und-krankenpfleger-notaufnahme-internistisches-zentrum-m-w-d-inz-nfa-gkp-2026-09-08/
Universitätsklinikum Erlangen,Erlangen,OP der Augenklinik,Gesundheits- und Krankenpfleger OP Augenklinik (m/w/d),pflegefachkraft,,Beabsichtigte Eingruppierung je nach Qualifikation und persönlichen Voraussetzungen gemäß TV-L,unklar,,vollzeit_teilzeit,"Erfolgreich abgeschlossene Ausbildung als Gesundheits- und Krankenpfleger (m/w/d) | Persönliche, soziale und fachliche Kompetenz sowie Verantwortungsbewusstsein und Kooperationsbereitschaft gegenüber anderen Berufsgruppen | Flexibilität, Engagement und Interesse an regelmäßiger fachspezifischer Qualifizierung",,5,,https://www.karriere.uk-erlangen.de/job/gesundheits-und-krankenpfleger-op-augenklinik-m-w-d-kk-au-op-gkp-2026-09-17/
Universitätsklinikum Erlangen,Erlangen,OP-Bereich der Neurochirurgie,Gesundheits- und Krankenpfleger OP Neurochirurgie (m/w/d),pflegefachkraft,,Beabsichtigte Eingruppierung je nach Qualifikation und persönlichen Voraussetzungen gemäß TV-L,unklar,,vollzeit_teilzeit,"Erfolgreich abgeschlossene Ausbildung als Gesundheits- und Krankenpfleger (m/w/d) | Persönliche, soziale und fachliche Kompetenz sowie Verantwortungsbewusstsein und Kooperationsbereitschaft gegenüber anderen Berufsgruppen | Flexibilität, Engagement und Interesse an regelmäßiger fachspezifischer Qualifizierung",,5,,https://www.karriere.uk-erlangen.de/job/gesundheits-und-krankenpfleger-op-neurochirurgie-m-w-d-kk-nc-op-gkp-2026-09-10/
Universitätsklinikum Erlangen,Erlangen,internistisch-onkologischen Spezialbereichen im Internistischen Zentrum,Gesundheits- und Krankenpfleger Onkologie (m/w/d),pflegefachkraft,,Die Eingruppierung erfolgt entsprechend Tarifvertrag TV-L anhand Ihrer Qualifikation und persönlichen Voraussetzungen,unklar,,vollzeit_teilzeit,"Sie haben eine erfolgreich abgeschlossene Ausbildung als Gesundheits- und Krankenpfleger (m/w/d) | Sie verfügen über persönliche, soziale und fachliche Kompetenzen sowie Verantwortungsbewusstsein und Kooperationsbereitschaft gegenüber anderen Berufsgruppen | Sie sind flexibel, engagiert und haben Interesse an regelmäßiger fachspezifischer Qualifizierung | Sie zeichnen sich durch gestalterisches Denken und effektives Handeln sowie ein reflektiertes berufliches Selbstverständnis aus",,5,,https://www.karriere.uk-erlangen.de/job/gesundheits-und-krankenpfleger-onkologie-m-w-d-inz-gkp-onkologie-2026-09-08/
Universitätsklinikum Erlangen,Erlangen,Funktionsbereich Proktologie/ Endoskopie in der Chirurgischen Hochschulambulanz,Gesundheits- und Krankenpfleger Proktologie/ Endoskopie (m/w/d) im Chirurgischen Department,pflegefachkraft,,beabsichtigte Eingruppierung je nach Qualifikation und persönlichen Voraussetzungen gemäß TV-L,unklar,,vollzeit_teilzeit,"erfolgreich abgeschlossene Ausbildung als Gesundheits- und Krankenpfleger (m/w/d) | persönliche, soziale und fachliche Kompetenz sowie Verantwortungsbewusstsein und Kooperationsbereitschaft gegenüber anderen Berufsgruppen | Flexibilität, Engagement und Interesse an regelmäßiger fachspezifischer Qualifizierung | innovatives Denken und Handeln sowie ein reflektiertes berufliches Selbstverständnis",,5,,https://www.karriere.uk-erlangen.de/job/gesundheits-und-krankenpfleger-proktologie-endoskopie-m-w-d-im-chirurgischen-department-2026-09-16-chz-gkp-pro-endo/
Universitätsklinikum Erlangen,Erlangen,Funktionsbereich Proktologie/ Endoskopie in der Chirurgischen Hochschulambulanz,Gesundheits- und Krankenpfleger Proktologie/ Endoskopie im Chirurgischen Department (m/w/d),pflegefachkraft,,beabsichtigte Eingruppierung je nach Qualifikation und persönlichen Voraussetzungen gemäß TV-L,unklar,,vollzeit_teilzeit,"erfolgreich abgeschlossene Ausbildung als Gesundheits- und Krankenpfleger (m/w/d) | persönliche, soziale und fachliche Kompetenz sowie Verantwortungsbewusstsein und Kooperationsbereitschaft gegenüber anderen Berufsgruppen | Flexibilität, Engagement und Interesse an regelmäßiger fachspezifischer Qualifizierung | innovatives Denken und Handeln sowie ein reflektiertes berufliches Selbstverständnis",,5,,https://www.karriere.uk-erlangen.de/job/gesundheits-und-krankenpfleger-proktologie-endoskopie-im-chirurgischen-department-m-w-d-2026-09-18-chz-gkp-pro-endo/
Universitätsklinikum Erlangen,Erlangen,Allgemeinstationen der Psychiatrischen und Psychotherapeutischen Klinik,Gesundheits- und Krankenpfleger Psychiatrie (m/w/d),pflegefachkraft,,Beabsichtigte Eingruppierung je nach Qualifikation und persönlichen Voraussetzungen gemäß TV-L,unklar,,vollzeit_teilzeit,"Erfolgreich abgeschlossene Ausbildung als Gesundheits- und Krankenpfleger (m/w/d) | Persönliche, soziale und fachliche Kompetenz sowie Verantwortungsbewusstsein und Kooperationsbereitschaft gegenüber anderen Berufsgruppen | Flexibilität, Engagement und Interesse an regelmäßiger fachspezifischer Qualifizierung",,5,,https://www.karriere.uk-erlangen.de/job/gesundheits-und-krankenpfleger-psychiatrie-m-w-d-kk-ps-allg-gkp-2026-09-10/
Universitätsklinikum Erlangen,Erlangen,Psychosomatischen Allgemeinstation,Gesundheits- und Krankenpfleger Psychosomatik (m/w/d),pflegefachkraft,,Beabsichtigte Eingruppierung je nach Qualifikation und persönlichen Voraussetzungen gemäß TV-L,unklar,,vollzeit_teilzeit,"Erfolgreich abgeschlossene Ausbildung als Gesundheits- und Krankenpfleger (m/w/d) | Erfahrung in der Psychosomatik | Persönliche, soziale und fachliche Kompetenz sowie Verantwortungsbewusstsein und Kooperationsbereitschaft gegenüber anderen Berufsgruppen | Flexibilität, Engagement und Interesse an regelmäßiger fachspezifischer Qualifizierung",Erfahrung in der Psychosomatik,5,,https://www.karriere.uk-erlangen.de/job/gesundheits-und-krankenpfleger-psychosomatik-m-w-d-kk-psom-gkp-2026-09-20/
Universitätsklinikum Erlangen,Erlangen,Allgemeinstation der Klinik für Rheumatologie und Immunologie,Gesundheits- und Krankenpfleger Rheumatologie (m/w/d),pflegefachkraft,,Beabsichtigte Eingruppierung je nach Qualifikation und persönlichen Voraussetzungen gemäß TV-L,unklar,,vollzeit_teilzeit,"Sie haben eine erfolgreich abgeschlossene Ausbildung als Gesundheits- und Krankenpfleger (m/w/d) | Sie verfügen über persönliche, soziale und fachliche Kompetenzen sowie Verantwortungsbewusstsein und Kooperationsbereitschaft gegenüber anderen Berufsgruppen | Sie sind flexibel, engagiert und haben Interesse an regelmäßiger fachspezifischer Qualifizierung | Sie zeichnen sich durch gestalterisches Denken und effektives Handeln sowie ein reflektiertes berufliches Selbstverständnis aus",,5,,https://www.karriere.uk-erlangen.de/job/gesundheits-und-krankenpfleger-rheumatologie-m-w-d-inz-gkp-rheuma-2026-09-08/
Universitätsklinikum Erlangen,Erlangen,Tagesklinik der Kinder- und Jugendpsychiatrie,Gesundheits- und Krankenpfleger Tagesklinik Kinderpsychiatrie (m/w/d),pflegefachkraft,,Beabsichtigte Eingruppierung je nach Qualifikation und persönlichen Voraussetzungen gemäß TV-L,unklar,,vollzeit_teilzeit,"Erfolgreich abgeschlossene Ausbildung als Gesundheits- und Krankenpfleger (m/w/d) | Persönliche, soziale und fachliche Kompetenz sowie Verantwortungsbewusstsein und Kooperationsbereitschaft gegenüber anderen Berufsgruppen | Flexibilität, Engagement und Interesse an regelmäßiger fachspezifischer Qualifizierung",,5,,https://www.karriere.uk-erlangen.de/job/gesundheits-und-krankenpfleger-tagesklinik-kinderpsychiatrie-m-w-d-kk-jp-tag-gkp-2026-09-16/
Universitätsklinikum Erlangen,Erlangen,Wachsaal der Frauenklinik,Gesundheits- und Krankenpfleger Wachsaal Frauenklinik (m/w/d),pflegefachkraft,,Eingruppierung gemäß TV-L,unklar,,vollzeit_teilzeit,"Sie haben eine erfolgreich abgeschlossene Ausbildung als Gesundheits- und Krankenpfleger (m/w/d). | Flexibilität, Engagement und Interesse an regelmäßiger fachspezifischer Qualifizierung wird bei Ihnen groß geschrieben. | Auch sind Sie Neuerungen gegenüber aufgeschlossen und sie verfügen über ein reflektiertes berufliches Selbstverständnis. | Sie arbeiten gerne kollegial und ergebnisorientiert im interprofessionellen Team.",,5,,https://www.karriere.uk-erlangen.de/job/gesundheits-und-krankenpfleger-wachsaal-frauenklinik-m-w-d-fk-ws-2026-08-31/
Universitätsklinikum Erlangen,Erlangen,Zentral-OP,Gesundheits- und Krankenpfleger Zentral-OP inkl. Herz- u. Kieferchirurgischer OP (m/w/d),pflegefachkraft,,Eingruppierung gemäß TV-L,unklar,,vollzeit_teilzeit,"erfolgreich abgeschlossene Ausbildung als Gesundheits- und Krankenpfleger (m/w/d) oder Pflegefachmann/Pflegefachfrau (m/w/d) | persönliche, soziale und fachliche Kompetenz sowie Verantwortungsbewusstsein und Kooperationsbereitschaft gegenüber anderen Berufsgruppen | Flexibilität, Engagement und Interesse an regelmäßiger fachspezifischer Qualifizierung | Innovatives Denken und Handeln",,5,,https://www.karriere.uk-erlangen.de/job/gesundheits-und-krankenpfleger-zentral-op-inkl-herz-u-kieferchirurgischer-op-m-w-d-2026-09-16-op-gkp/
Universitätsklinikum Erlangen,Erlangen,dermatologischen Hochschulambulanz im Internistischen Zentrum,Gesundheits- und Krankenpfleger spezialisierte Hochschulambulanz Dermatologie (m/w/d),pflegefachkraft,,Die beabsichtigte Eingruppierung erfolgt je nach Qualifikation und persönlichen Voraussetzungen gemäß TV-L,unklar,,vollzeit_teilzeit,"Sie haben eine erfolgreich abgeschlossene Ausbildung als Gesundheits- und Krankenpfleger (m/w/d) | Sie verfügen über persönliche, soziale und fachliche Kompetenzen sowie Verantwortungsbewusstsein und Kooperationsbereitschaft gegenüber anderen Berufsgruppen | Sie sind flexibel, engagiert und haben Interesse an regelmäßiger fachspezifischer Qualifizierung | Sie zeichnen sich durch gestalterisches Denken und effektives Handeln sowie ein reflektiertes berufliches Selbstverständnis aus",,5,,https://www.karriere.uk-erlangen.de/job/gesundheits-und-krankenpfleger-spezialisierte-hochschulambulanz-dermatologie-m-w-d-inz-gkp-de-hsa-2026-09-08/
Universitätsklinikum Erlangen,Erlangen,Allgemeinstation HNO-Klinik,Gesundheits- und Krankenpfleger/Pflegefachmann Allgemeinstation HNO-Klinik (m/w/d),pflegefachkraft,,Eingruppierung gemäß TV-L,unklar,,vollzeit_teilzeit,"Sie haben eine erfolgreich abgeschlossene Ausbildung als Pflegefachmann (m/w/d) oder Gesundheits- und Krankenpfleger (m/w/d) | Sie besitzen persönliche, soziale und fachliche Kompetenz sowie Verantwortungsbewusstsein und Kooperationsbereitschaft gegenüber anderen Berufsgruppen | Flexibilität, Engagement und Interesse an regelmäßiger fachspezifischer Qualifizierung",,5,,https://www.karriere.uk-erlangen.de/job/gesundheits-und-krankenpfleger-pflegefachmann-allgemeinstation-hno-klinik-m-w-d-13666/
Universitätsklinikum Erlangen,Erlangen,Augenklinik,Operationstechnischer Assistent (OTA) Augenklinik (m/w/d),ota_ata,,Beabsichtigte Eingruppierung je nach Qualifikation und persönlichen Voraussetzungen gemäß TV-L,unklar,,vollzeit_teilzeit,"Erfolgreich abgeschlossene Ausbildung als Operationstechnischer Assistent (OTA) (m/w/d) | persönliche, soziale und fachliche Kompetenz sowie Verantwortungsbewusstsein und Kooperationsbereitschaft gegenüber anderen Berufsgruppen | Flexibilität, Engagement und Interesse an regelmäßiger fachspezifischer Qualifizierung | Innovatives Denken und Handeln",,5,,https://www.karriere.uk-erlangen.de/job/operationstechnischer-assistent-ota-augenklinik-m-w-d-kk-au-op-ota-2026-09-17/
Universitätsklinikum Erlangen,Erlangen,FlexTEAM,Operationstechnischer Assistent (OTA) für unser FlexTEAM (m/w/d),ota_ata,,"Am Uniklinikum Erlangen wenden wir Tarifverträge an (TV-L/TV-Ä), die Ihre Bezahlung festlegen.",unklar,,,"Eine erfolgreich abgeschlossene Ausbildung als Operationstechnischer Assistent (OTA) (m/w/d) | Freude an der Arbeit in unterschiedlichen Teams und Fachbereichen | Verantwortungsbewusstsein, Engagement und kooperative Zusammenarbeit mit allen Berufsgruppen",,5,,https://www.karriere.uk-erlangen.de/job/operationstechnischer-assistent-ota-fuer-unser-flexteam-m-w-d-13443/
Universitätsklinikum Erlangen,Erlangen,Herz-OP,Operationstechnischer Assistent Herz-OP (m/w/d),ota_ata,,Eingruppierung gemäß TV-L,unklar,,vollzeit_teilzeit,"abgeschlossene Ausbildung als Operationstechnischer Assistent (m/w/d) | persönliche, soziale und fachliche Kompetenz sowie Verantwortungsbewusstsein und Kooperationsbereitschaft gegenüber anderen Berufsgruppen | Flexibilität, Engagement und Interesse an regelmäßiger fachspezifischer Qualifizierung | Innovatives Denken und Handeln",,5,,https://www.karriere.uk-erlangen.de/job/operationstechnischer-assistent-herz-op-m-w-d-2026-09-16-chz-hc-op-ota/
Universitätsklinikum Erlangen,Erlangen,Kieferchirurgischer OP,Operationstechnischer Assistent Kieferchirurgischer OP (m/w/d),ota_ata,,Eingruppierung gemäß TV-L,unklar,,vollzeit_teilzeit,"abgeschlossene Ausbildung als Operationstechnischer Assistent (m/w/d) | persönliche, soziale und fachliche Kompetenz sowie Verantwortungsbewusstsein und Kooperationsbereitschaft gegenüber anderen Berufsgruppen | Flexibilität, Engagement und Interesse an regelmäßiger fachspezifischer Qualifizierung | Innovatives Denken und Handeln",,5,,https://www.karriere.uk-erlangen.de/job/operationstechnischer-assistent-kieferchirurgischer-op-m-w-d-2026-09-16-chz-kc-op-ota/
Universitätsklinikum Erlangen,Erlangen,Neurochirurgische Klinik,Operationstechnischer Assistent Neurochirurgie (m/w/d),ota_ata,,Beabsichtigte Eingruppierung je nach Qualifikation und persönlichen Voraussetzungen gemäß TV-L,unklar,,vollzeit_teilzeit,"Erfolgreich abgeschlossene Ausbildung als Operationstechnischer Assistent (m/w/d) | Persönliche, soziale und fachliche Kompetenz sowie Verantwortungsbewusstsein und Kooperationsbereitschaft gegenüber anderen Berufsgruppen | Flexibilität, Engagement und Interesse an regelmäßiger fachspezifischer Qualifizierung",,5,,https://www.karriere.uk-erlangen.de/job/operationstechnischer-assistent-neurochirurgie-m-w-d-kk-nc-op-ota-2026-09-10/
Universitätsklinikum Erlangen,Erlangen,Zentral-OP,Operationstechnischer Assistent Zentral-OP inkl. Herz- u. Kieferchirurgischer OP (m/w/d),ota_ata,,Eingruppierung gemäß TV-L,unklar,,vollzeit_teilzeit,"abgeschlossene Ausbildung als Operationstechnischer Assistent (m/w/d) | persönliche, soziale und fachliche Kompetenz sowie Verantwortungsbewusstsein und Kooperationsbereitschaft gegenüber anderen Berufsgruppen | Flexibilität, Engagement und Interesse an regelmäßiger fachspezifischer Qualifizierung | Innovatives Denken und Handeln",,5,,https://www.karriere.uk-erlangen.de/job/operationstechnischer-assistent-zentral-op-inkl-herz-u-kieferchirurgischer-op-m-w-d-2026-09-16-op-ota/
Universitätsklinikum Erlangen,Erlangen,Innere Medizin,Pflegefachhelfer Innere Medizin (m/w/d),hilfskraft,KR6,Die Eingruppierung erfolgt in KR6 TV-L anhand Ihrer Qualifikation,unklar,,vollzeit_teilzeit,"Sie haben eine erfolgreich abgeschlossene, einjährige Ausbildung zum Pflegefachhelfer, Krankenpflegehelfer oder Altenpflegehelfer (m/w/d). | Sie verfügen über persönliche, soziale und fachliche Kompetenzen sowie Verantwortungsbewusstsein und Kooperationsbereitschaft gegenüber anderen Berufsgruppen. | Sie sind flexibel, engagiert und zuverlässig.",,5,,https://www.karriere.uk-erlangen.de/job/pflegefachhelfer-innere-medizin-m-w-d-inz-pfh-allgemeinstation-2026-09-20/
Universitätsklinikum Erlangen,Erlangen,Transfusionsmedizin und Hämostaseologie,Pflegefachkraft für die Transfusionsmedizin und Hämostaseologie (m/w/d),pflegefachkraft,,Eingruppierung gemäß TV-L,unklar,,vollzeit_teilzeit,"erfolgreich abgeschlossen Ausbildung zur Pflegefachkraft | persönliche, soziale und fachliche Kompetenz sowie Verantwortungsbewusstsein und Kooperationsbereitschaft gegenüber anderen Berufsgruppen | Flexibilität Engagement und Interesse an regelmäßiger fachspezifischer Qualifizierung | innovatives Denken und Handeln | technisches Verständnis und handwerkliches Geschick",,5,,https://www.karriere.uk-erlangen.de/job/pflegefachkraft-fuer-die-transfusionsmedizin-und-haemostaseologie-m-w-d-2026-09-16-tr-gkp/
Universitätsklinikum Erlangen,Erlangen,FlexTEAM,Pflegefachkraft für unser FlexTEAM (m/w/d),pflegefachkraft,,"Am Uniklinikum Erlangen wenden wir Tarifverträge an (TV-L/TV-Ä), die Ihre Bezahlung festlegen.",unklar,,,"Eine erfolgreich abgeschlossene Ausbildung als Pflegefachperson (m/w/d) in der Gesundheits- und Krankenpflege, Kinderkrankenpflege oder Altenpflege | Freude an der Arbeit in unterschiedlichen Teams und Fachbereichen | Verantwortungsbewusstsein, Engagement und kooperative Zusammenarbeit mit allen Berufsgruppen",,5,,https://www.karriere.uk-erlangen.de/job/pflegefachkraft-fuer-unser-flexteam-m-w-d-13434/
Universitätsklinikum Erlangen,Erlangen,Pflegedirektion,Pflegefachmann (m/w/d),pflegefachkraft,,Eingruppierung gemäß TV-L,unklar,,vollzeit_teilzeit,"Erfolgreich abgeschlossene Ausbildung als Pflegefachmann (m/w/d), Gesundheits- und Krankenpfleger (m/w/d), Gesundheits- und Kinderkrankenpfleger (m/w/d) oder Altenpfleger (m/w/d) | Persönliche, soziale und fachliche Kompetenz sowie Verantwortungsbewusstsein und Kooperationsbereitschaft gegenüber anderen Berufsgruppen | Flexibilität, Engagement und Interesse an regelmäßiger fachspezifischer Qualifizierung | Innovatives Denken und Handeln",,5,,https://www.karriere.uk-erlangen.de/job/pflegefachmann-m-w-d-dauerausschreibung-pflegefachmann-m-wd/
Universitätsklinikum Erlangen,Erlangen,Endoskopie,Pflegefachmann / Medizinischer Fachangestellter Endoskopie HNO-Klinik (m/w/d),pflegefachkraft,,Eingruppierung gemäß TV-L,unklar,,vollzeit,"erfolgreich abgeschlossene Ausbildung als Pflegefachmann (m/w/d) oder als Medizinischer Fachangestellter (m/w/d) | persönliche, soziale und fachliche Kompetenz sowie Verantwortungsbewusstsein und Kooperationsbereitschaft gegenüber anderen Berufsgruppen | Flexibilität, Engagement und Interesse an regelmäßiger fachspezifischer Qualifizierung | Innovatives Denken und Handeln",,5,,https://www.karriere.uk-erlangen.de/job/pflegefachmann-medizinischer-fachangestellter-endoskopie-hno-klinik-m-w-d-13713/
Universitätsklinikum Erlangen,Erlangen,Interdisziplinäres Tumortherapie Centrum (ITC),Pflegefachmann / Pflegefachfrau Interdisziplinäres Tumortherapie Centrum ITC (m/w/d),fachweiterbildung,,faire Eingruppierung entsprechend Tarifvertrag TV-L anhand Ihrer Qualifikation und persönlichen Voraussetzungen in die KR8 oder ggf. KR9,unklar,,vollzeit_teilzeit,"Sie verfügen über eine erfolgreich abgeschlossene Ausbildung als Pflegefachmann /-frau (m/w/d) und haben mehrjährige Berufserfahrung in der Onkologie | Sie verfügen über persönliche, soziale und fachliche Kompetenzen sowie Verantwortungsbewusstsein und Kooperationsbereitschaft gegenüber anderen Berufsgruppen | Sie verfügen über die notwendige Resilienz, sind engagiert und qualifizieren sich regelmäßig auch fachspezifisch weiter",mehrjährige Berufserfahrung in der Onkologie,5,,https://www.karriere.uk-erlangen.de/job/pflegefachmann-pflegefachfrau-interdisziplinaeres-tumortherapie-centrum-itc-m-w-d-inz-gkp-itc-2026-09-08/
Universitätsklinikum Erlangen,Erlangen,Intensivstation mit Aufwachraum,Pflegefachmann Intensiv HNO-Klinik (m/w/d),fachweiterbildung,,Eingruppierung gemäß TV-L,unklar,,vollzeit_teilzeit,"Sie haben eine abgeschlossene Ausbildung als Pflegefachmann (m/w/d) | persönliche, soziale und fachliche Kompetenz sowie Verantwortungsbewusstsein und Kooperationsbereitschaft gegenüber anderen Berufsgruppen | Flexibilität, Engagement und Interesse an regelmäßiger fachspezifischer Qualifizierung | Sie arbeiten gerne im interdisziplinären Team",,5,,https://www.karriere.uk-erlangen.de/job/pflegefachmann-intensiv-hno-klinik-m-w-d-13708/
Universitätsklinikum Erlangen,Erlangen,Intensivstation mit Schwerpunkt Kardiologie,Pflegefachmann Intensivstation Kardiologie (m/w/d),pflegefachkraft,,Eingruppierung entsprechend Tarifvertrag TV-L anhand Ihrer Qualifikation und persönlichen Voraussetzungen,unklar,,vollzeit_teilzeit,"Sie verfügen über eine erfolgreich abgeschlossene Ausbildung zum Pflegefachmann (m/w/d) oder eine als gleichwertig anerkannte Qualifikation | Sie verfügen über die persönlichen, sozialen und fachlichen Kompetenzen sowie Verantwortungsbewusstsein und Kooperationsbereitschaft gegenüber anderen Berufsgruppen | Sie sind flexibel, engagiert und haben Interesse an regelmäßiger fachspezifischer Qualifizierung",,5,,https://www.karriere.uk-erlangen.de/job/pflegefachmann-intensivstation-kardiologie-m-w-d-inz-pfk-intensiv-m2-2026-09-08/
Universitätsklinikum Erlangen,Erlangen,Intensivstation mit Schwerpunkt Nephrologie,Pflegefachmann Intensivstation Nephrologie (m/w/d),fachweiterbildung,,faire Eingruppierung entsprechend Tarifvertrag TV-L anhand Ihrer Qualifikation und persönlichen Voraussetzungen in die KR8 oder ggf. KR9,unklar,,vollzeit_teilzeit,"Sie verfügen über eine erfolgreich abgeschlossene Ausbildung zum Pflegefachmann oder eine als gleichwertig anerkannte Qualifikation (m/w/d) | Sie verfügen über die persönlichen, sozialen und fachlichen Kompetenzen sowie Verantwortungsbewusstsein und Kooperationsbereitschaft gegenüber anderen Berufsgruppen | Sie sind flexibel, engagiert und haben Interesse an regelmäßiger fachspezifischer Qualifizierung",,5,,https://www.karriere.uk-erlangen.de/job/pflegefachmann-intensivstation-nephrologie-m-w-d-inz-pfk-intensiv-m4-2026-09-08/
Universitätsklinikum Erlangen,Erlangen,KMT-Station,Pflegefachmann Knochenmarktransplantation (m/w/d),fachweiterbildung,,Eingruppierung entsprechend Tarifvertrag TV-L anhand Ihrer Qualifikation und persönlichen Voraussetzungen,unklar,,vollzeit_teilzeit,"Sie haben eine erfolgreich abgeschlossene Ausbildung als Gesundheits- und Krankenpfleger (m/w/d) | Sie haben bereits Vorerfahrungen in der onkologischen Pflege in einem Krankenhaus gesammelt | Sie sind flexibel, engagiert und haben Interesse an regelmäßiger fachspezifischer Qualifizierung | Sie zeichnen sich durch gestalterisches Denken und effektives Handeln sowie ein reflektiertes berufliches Selbstverständnis aus",,5,,https://www.karriere.uk-erlangen.de/job/pflegefachmann-knochenmarktransplantation-m-w-d-inz-gkp-kmt-2026-09-08/
Universitätsklinikum Erlangen,Erlangen,Arbeitsbereich OP,Pflegefachmann OP HNO-Klinik (m/w/d),pflegefachkraft,,,unklar,,vollzeit_teilzeit,"Sie haben eine abgeschlossene Ausbildung zum Pflegefachmann (m/w/d) | Sie verfügen über persönliche, soziale und fachliche Kompetenz | Sie arbeiten gerne im interdisziplinären Team | Flexibilität, Engagement und Interesse an regelmäßiger fachlicher Qualifikation sind für Sie selbstverständlich",,5,,https://www.karriere.uk-erlangen.de/job/pflegefachmann-op-hno-klinik-m-w-d-13706/
Universitätsklinikum Erlangen,Erlangen,Allgemeinstation mit onkologischem Schwerpunkt der Strahlenklinik,Pflegefachmann Strahlenklinik (m/w/d),fachweiterbildung,,Eingruppierung entsprechend Tarifvertrag TV-L anhand Ihrer Qualifikation und persönlichen Voraussetzungen in die Entgeltgruppe KR8 oder ggf. KR9,unklar,,vollzeit_teilzeit,"Sie haben eine erfolgreich abgeschlossene Ausbildung als Pflegefachmann (m/w/d) | Sie verfügen über persönliche, soziale und fachliche Kompetenzen sowie Verantwortungsbewusstsein und Kooperationsbereitschaft gegenüber anderen Berufsgruppen | Sie sind flexibel, engagiert und haben Interesse an regelmäßiger fachspezifischer Qualifizierung | Sie zeichnen sich durch gestalterisches Denken und effektives Handeln sowie ein reflektiertes berufliches Selbstverständnis aus",,5,,https://www.karriere.uk-erlangen.de/job/pflegefachmann-strahlenklinik-m-w-d-inz-pfk-st-2026-09-08/
Universitätsklinikum Erlangen,Erlangen,nuklearmedizinische Therapiestation mit acht Behandlungsplätzen,Pflegefachmann Therapiestation Nuklearmedizin (m/w/d),fachweiterbildung,,Eingruppierung anhand Ihrer Qualifikation und persönlichen Voraussetzungen gemäß TV-L,unklar,,vollzeit_teilzeit,"Sie haben eine erfolgreich abgeschlossene Ausbildung als Pflegefachmann (m/w/d) | Sie haben bereits Vorerfahrungen in der onkologischen Pflege in einem Krankenhaus gesammelt | Sie sind flexibel, engagiert und haben Interesse an regelmäßiger fachspezifischer Qualifizierung | Sie zeichnen sich durch gestalterisches Denken und effektives Handeln sowie ein reflektiertes berufliches Selbstverständnis aus",Sie haben bereits Vorerfahrungen in der onkologischen Pflege in einem Krankenhaus gesammelt,5,,https://www.karriere.uk-erlangen.de/job/pflegefachmann-therapiestation-nuklearmedizin-m-w-d-inz-gkp-nuc-2026-09-08/
Universitätsklinikum Erlangen,Erlangen,FlexTEAM,Pflegefachperson mit Weiterbildung für unser FlexTEAM (m/w/d),fachweiterbildung,,"Am Uniklinikum Erlangen wenden wir Tarifverträge an (TV-L/TV-Ä), die Ihre Bezahlung festlegen.",unklar,,,"Eine erfolgreich abgeschlossene Ausbildung als Pflegefachperson (m/w/d) mit Weiterbildung | Freude an der Arbeit in unterschiedlichen Teams und Fachbereichen | Verantwortungsbewusstsein, Engagement und kooperative Zusammenarbeit mit allen Berufsgruppen",,5,,https://www.karriere.uk-erlangen.de/job/pflegefachperson-mit-weiterbildung-fuer-unser-flexteam-m-w-d-13439/
Universitätsklinikum Erlangen,Erlangen,Allgemeinstationen der Neurochirurgischen Klinik,Stellvertretende Stationsleitung Neurochirurgie (m/w/d),leitung,,Beabsichtigte Eingruppierung je nach Qualifikation und persönlichen Voraussetzungen gemäß TV-L,unklar,,vollzeit_teilzeit,"Erfolgreich abgeschlossene Ausbildung als Gesundheits- und Krankenpfleger (m/w/d) | Bereitschaft, die Weiterbildung zur Leitung einer Station zu absolvieren | persönliche, soziale und fachliche Kompetenz sowie Verantwortungsbewusstsein und Kooperationsbereitschaft gegenüber anderen Berufsgruppen | Flexibilität, Engagement und Interesse an regelmäßiger fachspezifischer Qualifizierung",,5,,https://www.karriere.uk-erlangen.de/job/stellvertretende-stationsleitung-neurochirurgie-m-w-d-kk-nc-allg-stvsl-2026-09-15/
Universitätsklinikum Erlangen,Erlangen,Allgemeinstationen der Neurochirurgischen Klinik,Stellvertretende Stationsleitung Neurochirurgie (m/w/d),leitung,,Beabsichtigte Eingruppierung je nach Qualifikation und persönlichen Voraussetzungen gemäß TV-L,unklar,,vollzeit_teilzeit,"Erfolgreich abgeschlossene Ausbildung als Gesundheits- und Krankenpfleger (m/w/d) | Bereitschaft, die Weiterbildung zur Leitung einer Station zu absolvieren | persönliche, soziale und fachliche Kompetenz sowie Verantwortungsbewusstsein und Kooperationsbereitschaft gegenüber anderen Berufsgruppen | Flexibilität, Engagement und Interesse an regelmäßiger fachspezifischer Qualifizierung",,5,,https://www.karriere.uk-erlangen.de/job/stellvertretende-stationsleitung-neurochirurgie-m-w-d-kk-nc-allg-stvsl-2026-09-17/
Universitätsklinikum Regensburg,Regensburg,Kinder- und Jugendmedizin,Gesundheits- & Kinderkrankenpfleger (m/w/d),pflegefachkraft,,,unklar,,,,,3,"einzige Klinik am Portal, Ort der Anzeige unbekannt; Ort der Stelle nicht belegt",https://jobs.ukr.de/de/jobposting/feaec3fcf2a934ff717733dd287f9112a6be88260/apply
Universitätsklinikum Regensburg,Regensburg,,Gesundheits- & Krankenpfleger (m/w/d),pflegefachkraft,,,unklar,,,,,3,"einzige Klinik am Portal, Ort der Anzeige unbekannt; Ort der Stelle nicht belegt",https://jobs.ukr.de/de/jobposting/473394a44d34467cdd0a009d8f20edb5f91149800/apply
Universitätsklinikum Regensburg,Regensburg,"Intensiveinheiten (Chirurgische, Internistische, Neurochirurgische Intensiveinheit)",Gesundheits- und Krankenpfleger (m/w/d) für Intensiveinheiten,pflegefachkraft,,TV-L KR 8 bis KR 9,unklar,,Vollzeit oder Teilzeit; Unbefristet; Ab sofort,Erfolgreich abgeschlossene Ausbildung als Gesundheits- und (Kinder-) Krankenpfleger,idealerweise mit Abschluss der Fachweiterbildung in der Intensivpflege und Anästhesie,4,Zuordnung aus dem vorherigen Lauf übernommen,https://jobs.ukr.de/jobposting/5de38f1a55a2fb4130402cf617105bef1f0a7cf00
Universitätsklinikum Regensburg,Regensburg,Anästhesiebereich,Gesundheits- und Krankenpfleger (m/w/d) und Anästhesietechnische Assistenten (m/w/d) für den Anästhesiebereich,pflegefachkraft,,TV-L KR 8 bis KR 9,unklar,,Vollzeit oder Teilzeit; Unbefristet,Erfolgreich abgeschlossene Ausbildung als Gesundheits- und (Kinder-) Krankenpfleger oder Anästhesietechnischer Assistent,,4,Zuordnung aus dem vorherigen Lauf übernommen,https://jobs.ukr.de/jobposting/0347b98851bf1c2ba9a0401b34216a75113f74c50
Universitätsklinikum Regensburg,Regensburg,,Operationstechnischer Assistent (m/w/d),ota_ata,,,unklar,,,,,3,"einzige Klinik am Portal, Ort der Anzeige unbekannt; Ort der Stelle nicht belegt",https://jobs.ukr.de/de/jobposting/5f785d50a28397bf13b31acd3edd1602a269ba4f0/apply
Universitätsklinikum Regensburg,Regensburg,"Station 13, Klinik und Poliklinik für Strahlentherapie / Abteilung Nuklearmedizin",Pflegefachmann / Pflegefachfrau (m/w/d) für die Station 13 der Klinik und Poliklinik für Strahlentherapie / Abteilung Nuklearmedizin,pflegefachkraft,,TV-L - KR 8,unklar,,Vollzeit oder Teilzeit; Unbefristet,Erfolgreich abgeschlossene Ausbildung in der Gesundheits- und Krankenpflege,"Berufserfahrung im Bereich der Onkologie wünschenswert; onkologische Fachweiterbildung oder Palliative Care (oder die Bereitschaft, diese zu absolvieren)",4,Zuordnung aus dem vorherigen Lauf übernommen,https://jobs.ukr.de/jobposting/d7986df20ba6be6aad634ae22a937079bb25933c0
Universitätsklinikum Regensburg,Regensburg,IMC-Einheiten (Stroke Unit),Pflegefachpersonen (m/w/d) für die IMC-Einheiten (Stroke Unit),pflegefachkraft,,TV-L KR 8 bis KR 9,unklar,,Vollzeit oder Teilzeit; Unbefristet,Erfolgreich abgeschlossene Ausbildung in der Gesundheits- und (Kinder-) Krankenpflege,,4,Zuordnung aus dem vorherigen Lauf übernommen,https://jobs.ukr.de/jobposting/22096197a471715d25a89831fa516997486b39ce0
Universitätsklinikum Regensburg,Regensburg,Dialyse (Nephrologie),Pflegefachpersonen (m/w/d) oder Medizinische Fachangestellte (m/w/d) für die Dialyse,pflegefachkraft,,"TV-L KR 8 bis KR 9, MFA E6",unklar,,Vollzeit oder Teilzeit; Unbefristet,Erfolgreich abgeschlossene Ausbildung in der Gesundheits- und Krankenpflege oder Medizinischen Fachassistenz,Berufserfahrung im Bereich der Nephrologie ... wünschenswert,4,Zuordnung aus dem vorherigen Lauf übernommen,https://jobs.ukr.de/jobposting/6b6c451420a34da41052beac64e3022dfd2d9a040
Universitätsklinikum Würzburg,Würzburg,"Stroke Unit, Neurologische Klinik",Pflegefachkraft (m/w/d),pflegefachkraft,,Vergütung nach dem TV-L + monatliche universitäre Pflegezulage,unklar,,"in Voll- oder Teilzeit, unbefristet",Abgeschlossenes Examen als Pflegefachmann/-frau,,3,Zuordnung aus dem vorherigen Lauf übernommen; Ort der Stelle nicht belegt,https://karriere.ukw.de/de/p/pflegeundfunktionsdienst/jobs/11447/pflegefachkraft-mwd-stroke-unit
Universitätsklinikum Würzburg,Würzburg,"Station M62 (Dialyse), Medizinische Klinik I",Pflegefachkraft (m/w/d),pflegefachkraft,,Vergütung nach dem TV-L + monatliche universitäre Pflegezulage,unklar,,"in Teilzeit (19,25h)",Abgeschlossene Ausbildung als Pflegefachfrau/-mann,Gerne Vorkenntnisse im Bereich der Nephrologie bzw. Erfahrung in der Dialyse (wünschenswert),3,Zuordnung aus dem vorherigen Lauf übernommen; Ort der Stelle nicht belegt,https://karriere.ukw.de/de/p/pflegeundfunktionsdienst/jobs/11834/pflegefachkraft-mwd-station-m62-dialyse
Universitätsklinikum Würzburg,Würzburg,"Herzkatheterlabor, Medizinische Klinik I",Pflegefachkraft* und/oder Anästhesietechnische/n Assistenten/in und/oder Notfallsanitäter/in (m/w/d) und/oder Medizinische/r Fachangestellte/r (m/w/d),pflegefachkraft,,Vergütung nach dem TV-L + monatliche universitäre Pflegezulage,unklar,,"in Voll- oder Teilzeit, unbefristet",Abgeschlossenes Examen als Pflegefachfrau/-mann und/oder als Anästhesietechnische/-n Assistenten/-in und/oder als Notfallsanitäter/in und/oder als Medizinische/r Fachangestellte/r,Gerne praktische Erfahrung im IMC-/Intensiv-/OP-Bereich und/oder der Kardiologie (wünschenswert),3,Zuordnung aus dem vorherigen Lauf übernommen; Ort der Stelle nicht belegt,https://karriere.ukw.de/de/p/pflegeundfunktionsdienst/jobs/11835/pflegefachkraft-undoder-anasthesietechnischen-assistentenin-undoder-notfallsanitaterin-mwd-undoder-medizinischer-fachangestellter-mwd-herzkatheterlabor
Universitätsklinikum Würzburg,Würzburg,Kinderpalliativteam Unterfranken,"Pflegefachkraft, Gesundheits- und (Kinder)Krankenpfleger (m/w/d) ambulantes Kinderpalliativteam",pflegefachkraft,,"Eine tarifliche Vergütung nach AVR-Caritas, inkl. Jahressonderzahlungen sowie eine arbeitgeberfinanzierte betriebliche Altersvorsorge",unklar,,vollzeit_teilzeit,"Ausbildung zum Gesundheits- und Kinderkrankenpfleger, Pflegefachfrau/Pflegefachmann, Gesundheits- und Krankenpfleger (m/w/d) | Erfahrung in der Betreuung chronisch kranker Kinder | Zusatzqualifikation Palliative Care oder die Bereitschaft diese zu erwerben | Einsatzbereitschaft und Freude an den Mitgestaltungsmöglichkeiten | Selbständige und strukturierte und gewissenhafte Arbeitsweise | Führerschein Klasse B | Bereitschaft zur regelmäßigen Teilnahme am Rufbereitschaftsdienst und an Supervisionen | Einfühlungsvermögen, soziale Kompetenz und Teamfähigkeit",Erfahrung in der Betreuung chronisch kranker Kinder,4,Klinik nach Anzeigenort korrigiert,https://jobs.malteser.de/de/job-offer-list/job-detail/Pflegefachkraft%2C-Gesundheits-und-Kinder-Krankenpfleger-m-w-d-ambulantes-Kinderpalliativteam-14462.html
Universitätsklinikum Würzburg,Würzburg,"Neurologische Normalstation NL 6 West, Kopfklinikum",Stellvertretende Stationsleitung (m/w/d),leitung,,Vergütung nach dem TV-L + monatliche universitäre Pflegezulage,unklar,,"in Vollzeit (38,5 Wochenstunden) oder Teilzeit",Abgeschlossenes Examen als Pflegefachmann/-frau oder AltenpflegerIn | Weiterbildung zur Leitung einer Station oder die Bereitschaft diese zu absolvieren,Eine Weiterbildung zur Leitung einer Station oder die Bereitschaft diese zu absolvieren,3,Zuordnung aus dem vorherigen Lauf übernommen; Ort der Stelle nicht belegt,https://karriere.ukw.de/de/p/pflegeundfunktionsdienst/jobs/11449/stellvertretende-stationsleitung-mwd-6-west
Urologische Klinik München - Planegg,Planegg,,OP-Pflegekräfte / OP-Fachpersonal (w/m/d),unklar,,,,,,,,3,"einzige Klinik am Portal, Ort der Anzeige unbekannt; Ort der Stelle nicht belegt",https://www.ukmp.de/karriere/stellenangebote/op-pflegekraefte-op-fachpersonal-w-m-d.html
VITREA Klinik Kipfenberg,Kipfenberg,,Pflegefachhelfer (m/w/d) Kipfenberg Lesen,hilfskraft,,,unklar,,vollzeit_teilzeit,"Natürlich benötigst du die einjährige Ausbildung zum Pflegefachhelfer, Altenpflegehelfer oder Krankenpflegehelfer.",,5,,https://www.vitrea-gesundheit.de/karriere/job-finden/stellendetail/1713-000035/pflegefachhelfer-m-w-d
VITREA Klinik Kipfenberg,Kipfenberg,,Pflegefachkraft (m/w/d) Kipfenberg Lesen,pflegefachkraft,,,unklar,,vollzeit_teilzeit,"Eine Ausbildung zur Pflegefachkraft oder eine gleichwertige Ausbildung (Altenpflege, Gesundheits- und Krankenpfleger, Krankenschwester) ist natürlich nötig.",,5,,https://www.vitrea-gesundheit.de/karriere/job-finden/stellendetail/1713-000010/pflegefachkraft-m-w-d
VITREA Klinik Kipfenberg,Kipfenberg,Querschnittzentrum,Pflegefachkraft (m/w/d) für unser Querschnittzentrum Kipfenberg Lesen,pflegefachkraft,,,unklar,,vollzeit_teilzeit,Eine Ausbildung zur Pflegefachkraft ist natürlich nötig.,,5,,https://www.vitrea-gesundheit.de/karriere/job-finden/stellendetail/1713-000025/pflegefachkraft-m-w-d-fuer-unser-querschnittzentrum
VITREA Klinik Kipfenberg,Kipfenberg,Frühreha,Pflegefachkraft (m/w/d) für unsere Frühreha Kipfenberg Lesen,pflegefachkraft,,,unklar,,vollzeit_teilzeit,Eine Ausbildung zur Pflegefachkraft ist natürlich nötig.,,5,,https://www.vitrea-gesundheit.de/karriere/job-finden/stellendetail/1713-000026/pflegefachkraft-m-w-d-fuer-unsere-fruehreha
VITREA Klinik Kipfenberg,Kipfenberg,Intensivstation,Pflegefachkraft (m/w/d) für unsere Intensivstation Kipfenberg Lesen,pflegefachkraft,,,unklar,,vollzeit_teilzeit,"Eine Ausbildung zur Pflegefachkraft oder eine gleichwertige Ausbildung (Altenpflege, Gesundheits- und Krankenpfleger, Krankenschwester) ist natürlich nötig.",,5,,https://www.vitrea-gesundheit.de/karriere/job-finden/stellendetail/1713-000027/pflegefachkraft-m-w-d-fuer-unsere-intensivstation
VITREA Klinik Kipfenberg,Kipfenberg,Springerpool,Pflegefachkraft (m/w/d) oder Pflegefachhelfer (m/w/d) für den Springerpool Kipfenberg Lesen,pflegefachkraft,,,unklar,,,Eine Ausbildung zur Pflegefachkraft oder zum Pflegefachhelfer ist natürlich nötig.,,5,,https://www.vitrea-gesundheit.de/karriere/job-finden/stellendetail/1713-000002/pflegefachkraft-m-w-d-oder-pflegefachhelfer-m-w-d-fuer-den-springerpool
Veramed-Klinik am Wendelstein,Brannenburg,,Gesundheits- und Krankenpfleger (m/w/d) Voll- / Teilzeit ab sofort,pflegefachkraft,,Leistungsgerechte Bezahlung,,,vollzeit_teilzeit,"Sie haben eine abgeschlossene Berufsausbildung zum Gesundheits- und Krankenpfleger (m/w/d) oder Altenpfleger (m/w/d) | Erfahrungen in der Onkologie wären wünschenswert, sind aber keine Bedingung | Sie sind ein absoluter Teamplayer und fühlen sich in einem familiären Umfeld wohl | Gute Deutschkenntnisse runden Ihr Profil ab","Erfahrungen in der Onkologie wären wünschenswert, sind aber keine Bedingung",3,"einzige Klinik am Portal, Ort der Anzeige unbekannt; Ort der Stelle nicht belegt",https://www.veramed.de/stellenangebote/gesundheits-und-krankenpfleger/
Veramed-Klinik am Wendelstein,Brannenburg,,Gesundheits- und Krankenpfleger im Nachtdienst (m/w/d) Voll- / Teilzeit ab sofort,pflegefachkraft,,Leistungsgerechte Bezahlung,,,vollzeit_teilzeit,"Sie haben eine abgeschlossene Berufsausbildung zum Gesundheits- und Krankenpfleger (m/w/d) oder Altenpfleger (m/w/d) | Erfahrungen in der Onkologie wären wünschenswert, sind aber keine Bedingung | Sie sind ein absoluter Teamplayer und fühlen sich in einem familiären Umfeld wohl | Gute Deutschkenntnisse runden Ihr Profil ab","Erfahrungen in der Onkologie wären wünschenswert, sind aber keine Bedingung",3,"einzige Klinik am Portal, Ort der Anzeige unbekannt; Ort der Stelle nicht belegt",https://www.veramed.de/stellenangebote/gesundheits-und-krankenpfleger-im-nachtdienst/
Waldkrankenhaus St. Marien,Erlangen,Allgemeinstationen,Gesundheits- und Krankenpfleger (m/w/d) für unsere Allgemeinstationen,pflegefachkraft,,Vergütung nach AVR Caritas,ja,Unterstützung bei der Wohnungssuche,"Vollzeit (38,5 Std.) ∼ Unbefristet",abgeschlossene Ausbildung als Gesundheits- und Krankenpfleger:in,praktische Erfahrung,4,Zuordnung aus dem vorherigen Lauf übernommen,https://jobs.malteser.de/de/job-offer-list/job-detail/Gesundheits-und-Krankenpfleger-m-w-d-fuer-unsere-Allgemeinstationen-1625.html
Waldkrankenhaus St. Marien,Erlangen,Geriatrie-Zentrum Erlangen,Gesundheits- und Krankenpfleger bzw. Altenpfleger (m/w/d) für das Geriatrie-Zentrum Erlangen,pflegefachkraft,,Vergütung nach AVR Caritas,ja,Unterstützung bei der Wohnungssuche,"Vollzeit (38,5 Std.) ∼ Unbefristet",Abgeschlossene Ausbildung als Gesundheits- und Krankenpflegerin oder Altenpflegerin (m/w/d),,4,Zuordnung aus dem vorherigen Lauf übernommen,https://jobs.malteser.de/de/job-offer-list/job-detail/Gesundheits-und-Krankenpfleger-m-w-d-%2C-Altenpfleger-m-w-d-fuer-das-Geriatrie-Zentrum-Erlangen-1622.html
Waldkrankenhaus St. Marien,Erlangen,interdisziplinäre Privatstation,Gesundheits- und Krankenpfleger oder Altenpfleger (m/w/d) für die interdisziplinäre Privatstation,pflegefachkraft,,Attraktive Vergütung nach AVR-Caritas mit Sozialleistungen,unklar,Unterstützung bei der Wohnungssuche,vollzeit,"Abgeschlossene Ausbildung als Gesundheits- und Krankenpflegerin oder Altenpflegerin (m/w/d) | Freude am persönlichen Umgang mit Patient*innen und an der aktiven Beziehungsgestaltung in einem anspruchsvollen, interdisziplinären Umfeld. | Einfühlungsvermögen, patientenorientiertes Denken und ein hohes Maß an persönlichem Engagement in der Betreuung von Patient*innen. | Begeisterung für die Arbeit in einem interdisziplinären Team und ein respektvolles, wertschätzendes Miteinander. | Bereitschaft, Verantwortung zu übernehmen sowie eine strukturierte, flexible und lösungsorientierte Arbeitsweise, auch in herausfordernden Situationen. | Identifikation mit den Zielen und Werten einer katholischen Einrichtung und die Bereitschaft, diese aktiv mitzugestalten.",,5,,https://jobs.malteser.de/de/job-offer-list/job-detail/Gesundheits-und-Krankenpfleger-oder-Altenpfleger-m-w-d-fuer-die-interdisziplinaere-Privatstation-5303.html
Waldkrankenhaus St. Marien,Erlangen,Geriatrische Rehabilitation,"Gesundheits- und Krankenpfleger, Altenpfleger oder Gesundheits- und Krankenpflegehelfer (m/w/d) für die Station der Geriatrischen Rehabilitation",pflegefachkraft,,Vergütung nach den Arbeitsvertragsrichtlinien des Deutschen Caritasverbandes (AVR) mit allen Sozialleistungen und zusätzlicher Altersversorgung (TVöD angelehnt),unklar,Unterstützung bei der Wohnungssuche,,"Sie haben eine abgeschlossene Ausbildung zum/zur Gesundheits- und Krankenpfleger/in, Altenpfleger/in oder Gesundheits-und Krankenpflegehelfer/in | Sie haben Freude am Umgang und der Beziehungsgestaltung mit geriatrischen Patienten | Sie zeichnen sich durch patientenorientiertes Denken, soziale Kompetenz und persönliches Engagement aus | Sie haben Freude an der Arbeit in einem interdisziplinären Team und am kollegialen Miteinander | Sie übernehmen Verantwortung und Flexibilität gehört zu ihren Stärken | Die Identifikation mit unseren Zielen als katholische Einrichtung setzen wir voraus",,5,,https://jobs.malteser.de/de/job-offer-list/job-detail/Gesundheits-und-Krankenpfleger%2C-Altenpfleger-oder-Gesundheits-und-Krankenpflegehelfer-m-w-d-fuer-die-Station-der-Geriatrischen-Rehabilitation-5179.html
Waldkrankenhaus St. Marien,Erlangen,Geriatrie-Zentrum,"Gesundheits-und Krankenpfleger (m/w/d), Altenpfleger (m/w/d) für das Geriatrie-Zentrum",pflegefachkraft,,Attraktive Vergütung nach AVR-Caritas mit Sozialleistungen,unklar,Unterstützung bei der Wohnungssuche,vollzeit,"Abgeschlossene Ausbildung als Gesundheits- und Krankenpflegerin oder Altenpflegerin (m/w/d) – mit Interesse an der geriatrischen Pflege | Freude am Umgang mit älteren Menschen und an der aktiven Beziehungsgestaltung im geriatrischen Umfeld | Patientenorientiertes Denken, Einfühlungsvermögen und ein hohes Maß an persönlichem Engagement | Freude an der Arbeit in einem interdisziplinären Team und am wertschätzenden Miteinander | Bereitschaft, Verantwortung zu übernehmen sowie eine strukturierte, flexible und lösungsorientierte Arbeitsweise | Identifikation mit den Zielen einer katholischen Einrichtung und die Bereitschaft, diese aktiv mitzugestalten",,5,,https://jobs.malteser.de/de/job-offer-list/job-detail/Gesundheits-und-Krankenpfleger-m-w-d-%2C-Altenpfleger-m-w-d-fuer-das-Geriatrie-Zentrum-1622.html
Waldkrankenhaus St. Marien,Erlangen,Anästhesiepflege,Kommissarische Funktionsleitung Anästhesiepflege (m/w/d),leitung,,Vergütung nach den Arbeitsvertragsrichtlinien des Deutschen Caritasverbandes (AVR) mit allen Sozialleistungen und zusätzlicher Altersversorgung (TVöD angelehnt),unklar,Unterstützung bei der Wohnungssuche,befristet,"Abgeschlossene Berufsausbildung als examinierte/r Gesundheits- und Krankenpfleger/-in (m/w/d) | Leitungsausbildung oder Studium im Bereich Pflegemanagement bzw. die Bereitschaft dazu sind wünschenswert | Fachliche, soziale Kompetenz sowie Flexibilität für eine hohe Mitarbeitermotivation und -führung | Handlungsstärke und Durchsetzungsvermögen, um Aufgabenstellungen, Veränderungsprozesse und neue Konzepte zielstrebig umzusetzen | Ausgeprägte organisatorische, kommunikative und interkulturelle Kompetenzen | Bereitschaft, sich selbst weiterzuentwickeln und Verantwortung zu übernehmen | Positive Einstellung zum Beruf sowie Freude an der Arbeit in einem interdisziplinären Team und am kollegialen Miteinander | Die Identifikation mit unseren Zielen als katholische Einrichtung setzen wir voraus",,5,,https://jobs.malteser.de/de/job-offer-list/job-detail/Kommissarische-Funktionsleitung-Anaesthesiepflege-m-w-d-14583.html
Waldkrankenhaus St. Marien,Erlangen,OP-Bereich,OTA Praxisanleiter für unseren OP-Bereich (m/w/d),ota_ata,,Attraktive Vergütung nach AVR-Caritas mit Sozialleistungen,unklar,Unterstützung bei der Wohnungssuche für einen stressfreien Start bei uns,vollzeit,Abgeschlossene Ausbildung als Operationstechnische Assistenz (OTA) | Weiterbildung zur Praxisanleitung: Idealerweise haben Sie die Weiterbildung zur Praxisanleitung bereits abgeschlossen | Leidenschaft für Ausbildung und Förderung im OP-Bereich | Fachliche Kompetenz und Verantwortungsbewusstsein | Teamfähigkeit und interdisziplinäre Zusammenarbeit | Bereitschaft zur Teilnahme am Rufdienst,,5,,https://jobs.malteser.de/de/job-offer-list/job-detail/OTA-Praxisanleiter-fuer-unseren-OP-Bereich-m-w-d-11701.html
Waldkrankenhaus St. Marien,Erlangen,OP,Operationstechnische Assistenten bzw. Operationspflegefachkräfte (m/w/d),ota_ata,,Vergütung nach AVR Caritas,ja,Unterstützung bei der Wohnungssuche,"Vollzeit (38,5 Std.) ∼ Unbefristet",Abgeschlossene Ausbildung als Operationstechnischer Assistent oder Gesundheits- und Krankenpfleger mit OP-Fachweiterbildung,OP-Fachweiterbildung (bei Pflegefachkraft),4,Zuordnung aus dem vorherigen Lauf übernommen,https://jobs.malteser.de/de/job-offer-list/job-detail/Operationstechnische-Assistenten-m-w-d-bzw.-Operationspflegefachkraefte-10996.html
Waldkrankenhaus St. Marien,Erlangen,,Pflegefachhelfer (m/w/d),hilfskraft,,Attraktive Vergütung nach AVR-Caritas mit Sozialleistungen,unklar,Unterstützung bei der Wohnungssuche für einen stressfreien Start bei uns,vollzeit,"Abgeschlossene Ausbildung als Pflegefachhelfer (m/w/d) | Freude und Empathie im Umgang mit älteren, hilfsbedürftigen Menschen | Patientenorientiertes Denken , soziale Kompetenz und persönliches Engagement | Freude an der Arbeit in einem interdisziplinären Team und kollegialem Miteinander | Freude an selbständiger und verantwortungsvoller Arbeit | Kenntnisse zum wirtschaftlichen Einsatz von Sachmitteln | Eigeninitiative und Flexibilität sowie Team- und Kommunikationsfähigkeit | Identifikation mit unseren Zielen als katholische Einrichtung setzen wir voraus",,5,,https://jobs.malteser.de/de/job-offer-list/job-detail/Pflegefachhelfer-m-w-d-9668.html
Waldkrankenhaus St. Marien,Erlangen,interdisziplinäre Aufnahmestation mit 6 IMC Betten und Interventionsraum,Pflegefachkraefte%2C Gesundheits und Krankenpfleger%2C Altenpflegefachkraefte oder Notfallsanitaeter m w d fuer interdisziplinaere Aufnahmestation mit 6 IMC Betten und Interventionsraum 12469,pflegefachkraft,,Vergütung nach den Arbeitsvertragsrichtlinien des Deutschen Caritasverbandes (AVR) mit allen Sozialleistungen und zusätzlicher Altersversorgung (TVöD angelehnt),unklar,Unterstützung bei der Wohnungssuche,,"Sie haben eine abgeschlossene Ausbildung zur/zum Pflegefachfrau oder Pflegefachmann, Altenpflegefachkraft oder Notfallsanitäter | Erfahrung im Bereich IMC oder zentrale Notaufnahme ist wünschenswert | Motivation zum aktivem Mitgestalten von neuen Prozessen | Freude am Umgang und der Beziehungsgestaltung mit Patienten unterschiedlicher Fachdisziplinen | Sie zeichnen sich durch patientenorientiertes Denken, soziale Kompetenz und persönliches Engagement aus | Lust auf Veränderung und Offenheit für Neues | Freude an der Arbeit in einem interdisziplinären und interprofessionellen Team und kollegialem Miteinander | Verantwortung, Flexibilität und Stressresistenz gehören zu ihren Stärken",,5,,https://jobs.malteser.de/de/job-offer-list/job-detail/Pflegefachkraefte%2C-Gesundheits-und-Krankenpfleger%2C-Altenpflegefachkraefte-oder-Notfallsanitaeter-m-w-d-fuer-interdisziplinaere-Aufnahmestation-mit-6-IMC-Betten-und-Interventionsraum-12469.html
Waldkrankenhaus St. Marien,Erlangen,Notfallpflege / Praxisanleitung,Pflegefachkraft (m/w/d) für Notfallpflege und Praxisanleitung,fachweiterbildung,,Vergütung nach AVR Caritas,ja,Unterstützung bei der Wohnungssuche,"Vollzeit (38,5 Std.) ∼ Unbefristet",Abgeschlossene Ausbildung in der Gesundheits- und Krankenpflege mit Fachweiterbildung Notfallpflege,Fachweiterbildung Notfallpflege; idealerweise mehrere Jahre Berufserfahrung in der Notfallpflege,4,Zuordnung aus dem vorherigen Lauf übernommen,https://jobs.malteser.de/de/job-offer-list/job-detail/Pflegefachkraft-mit-Fachweiterbildung-fuer-Notfallpflege-m-w-d-11702.html
Waldkrankenhaus St. Marien,Erlangen,Interdisziplinäre Intensivstation,Pflegefachkraft (m/w/d) für unsere interdisziplinäre Intensivstation,pflegefachkraft,,Vergütung nach den Arbeitsvertragsrichtlinien des Deutschen Caritasverbandes (AVR) ... (TVöD angelehnt),ja,Unterstützung bei der Wohnungssuche,,abgeschlossene Ausbildung zur Pflegefachkraft oder Gesundheits-und Krankenpfleger/in,mehrjährige Berufserfahrung; Fachweiterbildung Intensiv-und Anästhesiepflege oder Bereitschaft,4,Zuordnung aus dem vorherigen Lauf übernommen,https://jobs.malteser.de/de/job-offer-list/job-detail/Pflegefachkraft-m-w-d-fuer-unsere-interdisziplinaere-Intensivstation-12605.html
Waldkrankenhaus St. Marien,Erlangen,Notaufnahme,Pflegefachkraft für die Notfallpflege und Praxisanleitung (m/w/d),fachweiterbildung,,Attraktive Vergütung nach AVR-Caritas mit Sozialleistungen,unklar,Unterstützung bei der Wohnungssuche für einen stressfreien Start bei uns,vollzeit,"Abgeschlossene Ausbildung in der Gesundheits- und Krankenpflege mit Fachweiterbildung Notfallpflege | Abgeschlossene Weiterbildung: zur Praxisanleitung oder die Bereitschaft, diese zu absolvieren | Berufserfahrung: Idealerweise bringen Sie mehrere Jahre Berufserfahrung in der Notfallpflege mit. | Verantwortungsbereitschaft und Belastbarkeit: Sie übernehmen gerne Verantwortung, zeigen eine hohe Belastbarkeit und handeln auch unter Druck souverän. | Positive Grundeinstellung und Teamorientierung: Sie haben Freude an Ihrer Arbeit, schätzen das interdisziplinäre Miteinander",,5,Live-Pruefung fehlgeschlagen,https://jobs.malteser.de/de/job-offer-list/job-detail/Pflegefachkraft-fuer-die-Notfallpflege-und-Praxisanleitung-m-w-d-11702.html
Wertachklinik Bobingen,Bobingen,Care Station Innere Medizin und Onkologie,Fachkraft für den Care Bereich Innere Medizin und Onkologie (m/w/d),pflegefachkraft,P7,Vergütung nach TVöD-K in Entgeltgruppe P7,unklar,,Voll/Teilzeit,Eine abgeschlossene Ausbildung als Pflegefachkraft (m/w/d),Idealerweise erste Berufserfahrung in der Onkologie,4,Zuordnung aus dem vorherigen Lauf übernommen,https://karriere-wertachkliniken.de/Fachkraft-fuer-den-Care-Bereich-Innere-Medizin-und-Onkolog-de-j577.html
Wertachklinik Bobingen,Bobingen,Chirurgische-Orthopädische Station,Gesundheits- und Krankenpfleger (m/w/d) / Pflegefachkraft (m/w/d) für die Chirurgische-Orthopädische Station,pflegefachkraft,P7,Vergütung nach TVöD-K in Entgeltgruppe P7 sowie zusätzliche Vorteile und Leistungen des öffentlichen Dienstes,unklar,,in Vollzeit/Teilzeit,Eine abgeschlossene Ausbildung als Gesundheits- und Krankenpfleger (m/w/d) bzw. Pflegefachkraft (m/w/d),,4,Zuordnung aus dem vorherigen Lauf übernommen,https://karriere-wertachkliniken.de/Gesundheits-und-Krankenpfleger-mwd-Pflegefachkraft-mwd-fue-de-j163.html
Wertachklinik Bobingen,Bobingen,Intensivstation,Gesundheits- und Krankenpfleger (m/w/d) / Pflegefachkraft (m/w/d)- Intensiv,pflegefachkraft,P8,Vergütung nach TVöD-K in Entgeltgruppe P8 / mit Fachweiterbildung in Entgeltgruppe P9; attraktive Arbeitsmarktzulage wahlweise,unklar,,in Vollzeit/Teilzeit,Eine abgeschlossene Ausbildung zum Gesundheits- und Krankenpfleger (m/w/d) bzw. zur Pflegefachkraft (m/w/d),Fachausbildung Intensiv und Anästhesie wäre wünschenswert,4,Zuordnung aus dem vorherigen Lauf übernommen,https://karriere-wertachkliniken.de/Gesundheits-und-Krankenpfleger-mwd-Pflegefachkraft-mwd-Int-de-j62.html
Wertachklinik Bobingen,Bobingen,Normalstation,Gesundheits- und Krankenpfleger (m/w/d) / Pflegefachkräfte (m/w/d) für die Normalstation,pflegefachkraft,P7,Vergütung nach TVöD-K in Entgeltgruppe P7 sowie zusätzliche Vorteile und Leistungen des öffentlichen Dienstes,unklar,,,abgeschlossene Ausbildung als Gesundheits- und Krankenpfleger bzw. Pflegefachkraft,,4,Klinik nach Anzeigenort korrigiert,https://karriere-wertachkliniken.de/Gesundheits-und-Krankenpfleger-mwd-Pflegefachkraefte-mwd-f-de-j33.html
Wertachklinik Bobingen,Bobingen,Anästhesiepflege,Pflegefachkraft für die Anästhesie / ATA (m/w/d),ota_ata,P8,leistungsgerechte Vergütung nach TVöD-K in Entgeltgruppe P8 / mit Fachweiterbildung in Entgeltgruppe P9,unklar,,Voll/Teilzeit,abgeschlossene Ausbildung als Pflegefachkraft – gerne mit Fachweiterbildung Anästhesie- und Intensivpflege oder als Anästhesietechnische Assistenz (ATA),Berufserfahrung in der Anästhesiepflege ist wünschenswert,4,Zuordnung aus dem vorherigen Lauf übernommen,https://karriere-wertachkliniken.de/Pflegefachkraft-fuer-die-Anaesthesie-ATA-mwd-de-j579.html
Wertachklinik Bobingen,Bobingen,Unfallchirurgie & Orthopädie,Stationsleitung Unfallchirurgie & Orthopädie (m/w/d),leitung,P12,Vergütung nach TVöD-K in Entgeltgruppe P12 unter Berücksichtigung der Berufserfahrung,unklar,,Voll/Teilzeit (Teilzeit mind. 75%),Eine abgeschlossene Ausbildung als Pflegefachkraft (m/w/d),"Einschlägige Berufserfahrung, idealerweise im chirurgischen Fachbereich mit Leitungserfahrung; Weiterbildung zur Leitung einer Station wünschenswert",4,Zuordnung aus dem vorherigen Lauf übernommen,https://karriere-wertachkliniken.de/Stationsleitung-Unfallchirurgie-Orthopaedie-mwd-de-j588.html
WolfartKlinik,Gräfelfing,Anästhesieabteilung,Fachkrankenpfleger/in Intensivpflege und Anästhesie (m/w/d),fachweiterbildung,,Eine Vergütung nach dem Tarifvertrag der Privatkrankenanstalten in Bayern,unklar,,,"Abgeschlossene 3-jährige Ausbildung als Gesundheits- und Krankenpfleger/in | Berufserfahrung in diesen Bereichen oder die Herausforderung annehmen, in einen für Sie neuen Bereich zu arbeiten und sich weiter zu entwickeln | Teamfähigkeit | schnelle Auffassungsgabe und selbständiges, eigenverantwortliches Arbeiten | Flexibilität und Teilnahme an Rufdiensten, Schichtdienst",,3,"einzige Klinik am Portal, Ort der Anzeige unbekannt; Ort der Stelle nicht belegt",https://wolfartklinik.de/karriere/stellenangebote/anaesthesie-und-intensivschwestern-pfleger-w-m-d/
WolfartKlinik,Gräfelfing,ambulantes OP-Zentrum in Aubing,OTA / OP-Fachkraft (m/w/d) für unser ambulantes OP-Zentrum in Aubing,ota_ata,,,unklar,,vollzeit,"Eine Ausbildung als OTA / Gesundheits- und Krankenpfleger oder eine gleichwertige Qualifikation - Idealerweise in Verbindung mit Erfahrungen im OP-Bereich | Die Bereitschaft, selbstständige Entscheidungen zu treffen | Gute kommunikative Fähigkeiten, Aufgeschlossenheit und Einfühlungsvermögen, um unsere Patienten auf einem hohen Servicelevel zu begleiten | Freude an konstruktiver und interdisziplinärer Zusammenarbeit mit den Berufsgruppen Ärzteschaft, ZSVA, OP-Reinigung sowie Administration und Therapie",,3,"einzige Klinik am Portal, Ort der Anzeige unbekannt; Ort der Stelle nicht belegt",https://wolfartklinik.de/karriere/stellenangebote/ota-op-fachkraft-gesundheits-und-krankenpfleger-mfa-im-op-m-w-d-fuer-unser-ambulantes-op-zentrum-in-vollzeit-oder-teilzeit/
WolfartKlinik,Gräfelfing,OP,"OTA, OP Pflegekraft, Gesundheits- und Krankenpflegekraft im OP (m/w/d)",ota_ata,,Eine OP-Zulage von 400 € auf eine Vollzeitstelle sowie Urlaubs- und Weihnachtsgeld,unklar,,vollzeit_teilzeit,"Eine Ausbildung als OTA / Gesundheits- und Krankenpfleger oder eine gleichwertige Qualifikation - Idealerweise in Verbindung mit Erfahrungen im Op-Bereich | Die Bereitschaft, selbstständige Entscheidungen zu treffen | Gute kommunikative Fähigkeiten, Aufgeschlossenheit und Einfühlungsvermögen, um unsere Patienten auf einem hohen Servicelevel zu begleiten | Freude an konstruktiver und interdisziplinärer Zusammenarbeit mit den Berufsgruppen Ärzteschaft, ZSVA, OP-Reinigung sowie Administration und Therapie",,3,"einzige Klinik am Portal, Ort der Anzeige unbekannt; Ort der Stelle nicht belegt",https://wolfartklinik.de/karriere/stellenangebote/operationstechnischen-assistenten-m-w-d-gesundheits-und-krankenpfleger-im-op-m-w-d-op-pflegekraft-m-w-d/
WolfartKlinik,Gräfelfing,,Pflegefachkraft / Gesundheits- und Krankenpfleger / exam. Altenpfleger (m/w/d),pflegefachkraft,,Eine Vergütung nach dem Tarifvertrag der Privatkrankenanstalten in Bayern,unklar,,,"Eine Ausbildung als Gesundheits- und Krankenpfleger, Examinierter Altenpfleger oder eine gleichwertige Qualifikation | Die Bereitschaft, selbstständige Entscheidungen zu treffen | Gute kommunikative Fähigkeiten, Aufgeschlossenheit und Einfühlungsvermögen, um unsere Patienten auf einem hohen Servicelevel zu begleiten | Freude an konstruktiver und interdisziplinärer Zusammenarbeit mit den Berufsgruppen Ärzteschaft sowie Administration und Therapie",,3,"einzige Klinik am Portal, Ort der Anzeige unbekannt; Ort der Stelle nicht belegt",https://wolfartklinik.de/karriere/stellenangebote/krankenschwester-gesundheits-und-krankenpfleger-m-w-d-examinierter-altenpfleger-m-w-d/
kbo-Heckscher-Klinikum,München,"Offene Stationen für Jugendliche, Standort Rottmannshöhe (Nachtdienst)","Gesundheits- und (Kinder-) Krankenpfleger (m/w/d), Erzieher, Heilerziehungspfleger im Nachtdienst am Standort Rottmannshöhe in Berg am Starnberger See",pflegefachkraft,,Tarifliche Vergütung gemäß TVöD/SuE in unbefristeter Anstellung; Bewertung: EG S8b TVöD-SuE,ja,Wohnmöglichkeit in näherer Umgebung für begrenzten Zeitraum,Vollzeit und Teilzeit vorwiegend im Nachtdienst,Abgeschlossene Ausbildung als Gesundheits- und Krankenpfleger (m/w/d) oder Gesundheits- und Kinderkrankenpfleger (m/w/d),"Erfahrungen in der Arbeit mit Jugendlichen oder psychisch Erkrankten erwünscht, aber nicht Voraussetzung",4,Zuordnung aus dem vorherigen Lauf übernommen,https://kbo.de/karriere/jobs/99-2026-gesundheits-und-kinder-krankenpfleger-m-w-d-erzieher-heilerziehungspfleger-im-nachtdienst-am-standort-rottmannshoehe-in-berg-am-starnberger-see
kbo-Heckscher-Klinikum,München,"Tagesklinik für Kinder und Jugendliche, Standort Landsberg am Lech",Pflegefachkraft / Gesundheits- und Krankenpfleger (m/w/d) für den Pflege- und Erziehungsdienst am Standort Landsberg am Lech,pflegefachkraft,,Tarifliche Vergütung gemäß TVöD/SuE in unbefristeter Anstellung; Bewertung: EG S8b TVöD-SuE,nein,,Teilzeit 29 Wochenstunden; befristet,Abgeschlossene Ausbildung als Pflegefachkraft (m/w/d) oder Gesundheits- und Krankenpfleger (m/w/d),"Erfahrungen in der Arbeit mit Jugendlichen oder psychisch Erkrankten erwünscht, aber nicht Voraussetzung",4,Zuordnung aus dem vorherigen Lauf übernommen,https://kbo.de/karriere/jobs/98-2026-pflegefachkraft-gesundheits-und-krankenpfleger-m-w-d-fuer-den-pflege-und-erziehungsdienst-am-standort-landsberg-am-lech
kbo-Heckscher-Klinikum,München,"Therapiestation für Jugendliche (Pflege- und Erziehungsdienst), Standort Rottmannshöhe",Stellvertretende Stationsleitung im Pflege- und Erziehungsdienst am Standort Rottmannshöhe in Berg am Starnberger See,leitung,,Tarifliche Vergütung gemäß TVöD/SuE in unbefristeter Anstellung; Bewertung: EG S13 TVöD-SuE,nein,,Vollzeit,"Abgeschlossene Ausbildung als Erzieher/in, Pädagogische Fachkraft (m/w/d), Pflegefachkraft (m/w/d) oder Heilerziehungspfleger/in | Bereitschaft zum Schichtdienst",,4,Zuordnung aus dem vorherigen Lauf übernommen,https://kbo.de/karriere/jobs/100-2026-stellvertretende-stationsleitung-im-pflege-und-erziehungsdienst-am-standort-rottmannshoehe-in-berg-am-starnberger-see
kbo-Isar-Amper-Klinikum Haar,Haar,"kbo-Klinik für Psychosomatik, Psychiatrie und Psychotherapie | Haar",Pflegedienstleitung (m/w/d),leitung,P15,"Gehaltsspanne (Vollzeit / Jahresbrutto ohne Zulagen / je nach Qualifikation) 66.000,-€ - 82.000,-€; EG P15 TVöD-K (VKA)",unklar,,Teilzeit: 50%,Abgeschlossenes Studium Pflegemanagement/Pflegewissenschaft oder vergleichbar,Mehrjährige Führungs- und Leitungserfahrung im Krankenhaus,3,Zuordnung aus dem vorherigen Lauf übernommen; Ort der Stelle nicht belegt,https://recruitingapp-5656.de.umantis.com/Vacancies/3322/Description/1
kbo-Isar-Amper-Klinikum Taufkirchen Vils,Taufkirchen (Vils),kbo-Klinik für Forensische Psychiatrie und Psychotherapie,Pflegefachfrau / Pflegefachmann / Gesundheits- und (Kinder-)Krankenpfleger / Altenpfleger / Heilerziehungspfleger oder Fachkrankenpfleger für Psychiatrie (m/w/d),pflegefachkraft,,"EG P8 TVöD (in Abhängigkeit von Überleitung bzw. Neueingruppierung); EG P9 TVöD für Fachkrankenpfleger für Psychiatrie m/w/d; 48.000,- € - 60.000,- € Jahresbrutto",unklar,,Vollzeit/Teilzeit; Unbefristet,"Abgeschlossene 3jährige Berufsausbildung als Pflegefachfrau, Pflegefachmann, Gesundheits- und (Kinder-)Krankenpfleger, Altenpfleger oder Heilerziehungspfleger",Abgeschlossene Fachweiterbildung für Psychiatrie (nach DKG-Richtlinie) für P9,3,"Zuordnung aus dem vorherigen Lauf übernommen; Ort der Stelle nicht belegt · pay_grade auf der Seite nicht gefunden, geleert",https://recruitingapp-5656.de.umantis.com/Vacancies/704/Description/1
kbo-Isar-Amper-Klinikum Taufkirchen Vils,Taufkirchen (Vils),Station A3 (Psychotherapie/Psychosomatik),Pflegefachfrau / Pflegefachmann / Gesundheits- und (Kinder-)Krankenpfleger / Altenpfleger / Heilerziehungspfleger oder Fachkrankenpfleger – Pflegeexperte für Psychiatrie (m/w/d),pflegefachkraft,,"EG P8 TVöD (VKA) für Pflegefachfrau, Pflegefachmann, Gesundheits- und (Kinder-)Krankenpfleger, Altenpfleger oder EG P9 TVöD für Fachkrankenpfleger - Pflegeexperte für Psychiatrie m/w/d",unklar,,Vollzeit/Teilzeit; Unbefristet,Abgeschlossene Berufsausbildung als Pflegefachfrau / Pflegefachmann / Gesundheits- und (Kinder-)Krankenpfleger / Altenpfleger / Heilerziehungspfleger (m/w/d),Abgeschlossene Fachweiterbildung für Psychiatrie (nach DKG-Richtlinie) für P9,3,"Zuordnung aus dem vorherigen Lauf übernommen; Ort der Stelle nicht belegt · pay_grade auf der Seite nicht gefunden, geleert",https://recruitingapp-5656.de.umantis.com/Vacancies/3318/Description/1
kbo-Kinderzentrum München,München,,Gesundheits- und (Kinder-) Krankenpfleger/ Altenpfleger (w/m/d) für Nachtdienste,pflegefachkraft,,"Bewertung S 8b TVöD-K, Anlage C für Beschäftigte im Sozial- und Erziehungsdienst",unklar,,vollzeit_teilzeit,"Abgeschlossene Ausbildung in einem der o. g. Berufsfelder oder vergleichbarem Studiengang (Bachelor) | Interesse an der pflegerisch-pädagogischen Patientenversorgung | Erfahrung mit behinderten, verhaltensauffälligen und in der Entwicklung verzögerten Kindern und Jugendlichen | Pflegedokumentation und administrative Tätigkeiten im Nachtdienst | Beachtung und Einhaltung von Pflege- und Qualitätsstandards | Soziale Kompetenz, vor allem Kommunikations- und Konfliktfähigkeit, psychische Flexibilität, Einsatzbereitschaft und Motivation | Belastbarkeit, Teamfähigkeit","Erfahrung mit behinderten, verhaltensauffälligen und in der Entwicklung verzögerten Kindern und Jugendlichen",3,"einzige Klinik am Portal, Ort der Anzeige unbekannt; Ort der Stelle nicht belegt",https://recruitingapp-5545.de.umantis.com/Vacancies/691/Description/1
kbo-Kinderzentrum München,München,,Pflegefachkräfte /Gesundheits- und (Kinder-) Krankenpfleger (w/m/d),pflegefachkraft,,"Bewertung S 8b TVöD-K, Anlage C für Beschäftigte im Sozial- und Erziehungsdienst",unklar,,vollzeit,"Abgeschlossene Ausbildung in einem der o. g. Berufsfelder, als Pflegefachfrau / Pflegefachmann / Pflegefachkraft, Krankenschwester oder vergleichbarem Studiengang, u. a. Pflege / Pflegewissenschaft (Bachelor) | Interesse an der pflegerisch-pädagogischen Patientenversorgung | Erfahrung mit Kindern und Jugendlichen mit Behinderungen, Verhaltensauffälligkeiten und / oder Entwicklungsverzögerungen | Motivation, die pädagogisch-pflegerische Arbeit weiterzuentwickeln | Soziale Kompetenz, vor allem Kommunikations- und Konfliktfähigkeit, Flexibilität, psychische Belastbarkeit, Teamfähigkeit | gute Deutschkenntnisse in Wort und Schrift","Erfahrung mit Kindern und Jugendlichen mit Behinderungen, Verhaltensauffälligkeiten und / oder Entwicklungsverzögerungen",3,"einzige Klinik am Portal, Ort der Anzeige unbekannt; Ort der Stelle nicht belegt",https://recruitingapp-5545.de.umantis.com/Vacancies/438/Description/1
kbo-Kinderzentrum München,München,,Stationsleitung (w/m/d),leitung,,Bewertung S16 TVöD - Sozial- und Erziehungsdienst,unklar,,vollzeit,Abgeschlossene Ausbildung zum Gesundheits- und Kinderkrankenpfleger (w/m/d) oder Gesundheits- und Krankenpfleger (w/m/d) oder Pflegefachfrau (w/m/d) | Führungserfahrung | Weiterbildung für die Leitung eines Bereichs (DKG) oder abgeschlossenes Studium Pflegemanagement/ Pflege (Bachelor) | Sie bringen Freude an organisatorischen und mitarbeiterbezogenen Leitungsaufgaben mit | Sie besitzen Durchsetzungs- und Kooperationsfähigkeit und die Bereitschaft zur konstruktiven Zusammenarbeit im interdisziplinären Team | Flexibilität und Offenheit gegenüber neuen Entwicklungen zeichnen Sie aus | Sie haben sehr gute Deutschkenntnisse in Wort und Schrift,Wünschenswert ist eine mehrjährige Berufserfahrung in der Pädiatrie oder (Kinder- und Jugend-)Psychiatrie oder vergleichbaren Einrichtungen,3,"einzige Klinik am Portal, Ort der Anzeige unbekannt; Ort der Stelle nicht belegt",https://recruitingapp-5545.de.umantis.com/Vacancies/619/Description/1
m&i Fachklinik Bad Heilbrunn,Bad Heilbrunn,,Exam. Pflegefachkraft (m/w/d) im Nachtdienst,pflegefachkraft,,,nein,,Voll- oder Teilzeit,Abgeschlossene pflegerische Berufsausbildung | (Berufs-) Erfahrung in der Pflege,(Berufs-) Erfahrung in der Pflege,4,"Zuordnung aus dem vorherigen Lauf übernommen · pay_text auf der Seite nicht gefunden, geleert",https://www.fachklinik-bad-heilbrunn.de/job/exam-pflegefachkraft-m-w-d-im-nachtdienst
m&i Fachklinik Bad Heilbrunn,Bad Heilbrunn,,Exam. Pflegefachkraft (m/w/d) im familienfreundlichen Arbeitszeitmodell,pflegefachkraft,,,nein,,Voll- oder Teilzeit,Abgeschlossene pflegerische Berufsausbildung | (Berufs-) Erfahrung in der Pflege,(Berufs-) Erfahrung in der Pflege,4,"Zuordnung aus dem vorherigen Lauf übernommen · pay_text auf der Seite nicht gefunden, geleert",https://www.fachklinik-bad-heilbrunn.de/job/exam-pflegefachkraft-m-w-d-im-familienfreundlichen-arbeitszeitmodell
m&i Fachklinik Bad Heilbrunn,Bad Heilbrunn,"Neurologie Phase C, D und B; Innere Medizin/ Diabetologie; Orthopädie",Pflegefachkraft (Examinierte GuK) (m/w/d),pflegefachkraft,,,nein,,Voll- oder Teilzeit,Abgeschlossene pflegerische Berufsausbildung | Fachliche Kompetenz und aktuelles Wissen zu den Expertenstandards,Idealerweise Erfahrungen in der Intensivpflege oder Neurologie (jedoch keine Einstellungsvoraussetzung),4,"Zuordnung aus dem vorherigen Lauf übernommen · pay_text auf der Seite nicht gefunden, geleert",https://www.fachklinik-bad-heilbrunn.de/job/pflegefachkraft-examinierte-guk-m-w-d
m&i Fachklinik Bad Heilbrunn,Bad Heilbrunn,Pflege Nachtdienst (Gesamthaus),Stationsleitung (m/w/d) im Bereich Pflege Nachtdienst,leitung,,,nein,,Vollzeit,Abgeschlossene Ausbildung zur Pflegefachkraft mit Weiterbildung zur Stationsleitung wünschenswert,Mehrjährige Berufserfahrung im Pflegebereich mit Führungserfahrung,4,"Zuordnung aus dem vorherigen Lauf übernommen · pay_text auf der Seite nicht gefunden, geleert",https://www.fachklinik-bad-heilbrunn.de/job/stationsleitung-m-w-d-im-bereich-pflege-nachtdienst
— nicht zugeordnet —,"Weiden, Bayern, Deutschland",,Fachweiterbildung fuer Intensiv und Anaesthesiepflege Weiden Bayern Deutschland Kliniken Nordoberpfalz AG,fachweiterbildung,,,,,vollzeit_teilzeit,Kopie der Erlaubnis zur Führung der Berufsbezeichnung | Kopie des Zeugnisses über die staatliche Prüfung | Nachweis von sechs Monaten Tätigkeit in der Anästhesie- und/oder Intensivpflege | Tabellarischer Lebenslauf | Empfehlungsschreiben des direkten Vorgesetzten | Bereitschaft zum Abschluss einer Rückzahlungsvereinbarung für den Fall eines vorzeitigen Ausscheidens aus dem Unternehmen,Nachweis von sechs Monaten Tätigkeit in der Anästhesie- und/oder Intensivpflege,2,Ort der Anzeige nicht als bayerisch bestätigt,https://kliniken-nordoberpfalz.talention.com/stellenangebote/Fachweiterbildung-fuer-Intensiv-und-Anaesthesiepflege-Weiden-Bayern-Deutschland-Kliniken-Nordoberpfalz-AG--684879454
— nicht zugeordnet —,Pfaffenhofen a.d.Ilm,Zentrale Notaufnahme,Gesundheits- & Krankenpfleger oder Notfallsanitäter (m/w/d) für die Zentrale Notaufnahme,pflegefachkraft,,nach Tarif,ja,,unbefristet in Voll- oder Teilzeit,Exam. Gesundheits- und Krankenpflegekraft bzw. Notfallsanitäter-Ausbildung | gute PC-Kenntnisse,,2,"Anzeigenort widerspricht der Portal-Klinik · housing_quote auf der Seite nicht gefunden, geleert",https://karriere.ilmtalkliniken.de/jobposting/ffaecca35e5bdcebb6a54e78d6fbf84bfabf25d60
— nicht zugeordnet —,Nürnberg,Psychosomatik,Gesundheits- und Krankenpfleger / Co-Therapeut (m/w/d) - Tagesklinik Am Rosenaupark,pflegefachkraft,,Eine leistungsgerechte Vergütung,unklar,,vollzeit_teilzeit,"Abgeschlossene Ausbildung zum Gesundheits- und Krankenpfleger (m/w/d) | Vorerfahrung im Bereich Psychiatrie/Psychosomatik ist von Vorteil, insbesondere in der Leitung von Gruppen | Sie verfügen über Offenheit und Freude an der Arbeit mit Menschen | Interesse an der Weiterentwicklung von Behandlungskonzepten und Klinikstrukturen | Hohe Sozialkompetenz, Empathie und Kommunikationsstärke | Gute Deutschkenntnisse, Engagement und Flexibilität im Rahmen der bestehenden Aufgabe",,2,keine Klinik zugeordnet,https://karriereportal.kirinus.de/Gesundheits-und-Krankenpfleger-Co-Therapeut-mwd-Tagesklini-de-j1044.html
— nicht zugeordnet —,Roding,,Operationstechnischer Assistent (m/w/d),ota_ata,,,,,,"Abgeschlossene Ausbildung als Operationstechnischer Assistent oder Pflegefachkraft OP (m/w/d) | Ausgeprägtes Verantwortungsbewusstsein und strukturierte, zuverlässige Arbeitsweise | Hohe Motivation, Fachwissen aktiv einzubringen und weiterzuentwickeln | Freude an interdisziplinärer Zusammenarbeit und Teamarbeit | Engagement, Empathie und ein hoher Anspruch an Qualität und Patientenzufriedenheit",,2,"Ort der Anzeige nicht als bayerisch bestätigt · pay_text auf der Seite nicht gefunden, geleert",https://jobs.sana.de/de/sites/CX_4025/job/4704
— nicht zugeordnet —,Berching,,Pflegefachhelfer(m/w/d) Berching Lesen,hilfskraft,,,,,vollzeit_teilzeit,"Eine mindestens einjährigen Ausbildung zur Pflegehilfskraft (m/w/d) ist natürlich nötig. | Toll wäre auch, wenn du Erfahrung im Arbeitsschwerpunkt Geriatrie vorweisen kannst. | Neben einer strukturierten Arbeitsweise bringst du eine positive Lebenseinstellung mit und arbeitest gern mit älteren Menschen.",,2,Anzeigenort widerspricht der Portal-Klinik,https://www.vitrea-gesundheit.de/karriere/job-finden/stellendetail/0103-000012/pflegefachhelferm-w-d
— nicht zugeordnet —,Pflegezentren alle Standorte der KNO AG,,Pflegefachkraefte m w d fuer unterschiedliche Fachbereiche Klinikum Weiden Pflegezentren Kliniken Nordoberpfalz AG,pflegefachkraft,,"Vergütung nach TVÖD-K entsprechend der Bedeutung der Position und dem Verantwortungsbereich, sowie langfristige Perspektiven und Entwicklungs­möglichkeiten",,,vollzeit_teilzeit,"Abgeschlossene Ausbildung zur/zum Gesundheits- und Krankenpfleger/in, Pflegefachfrau/-mann, Altenpfleger/in | Verantwortungsbewusstes und interdisziplinäres Denken und Handeln | Hohes Maß an Qualitätsbewusstsein, Freundlichkeit und Patientenorientierung | Hohes Engagement in der Krankenversorgung sowie Interesse und Begeisterung für das entsprechende Fachgebiet | Zuverlässigkeit, Flexibilität und Freude an der Mitarbeit in einem multiprofessionellen Team",,2,Anzeigenort widerspricht der Portal-Klinik,https://kliniken-nordoberpfalz.talention.com/stellenangebote/Pflegefachkraefte-m-w-d-fuer-unterschiedliche-Fachbereiche-Klinikum-Weiden-Pflegezentren-Kliniken-Nordoberpfalz-AG--57269324
— nicht zugeordnet —,Roding,Anästhesie,Pflegefachkraft (m/w/d) Anästhesie,fachweiterbildung,,,,,,"Abgeschlossene Ausbildung als Pflegefachkraft oder Anästhesietechnischer Assistent | Berufserfahrung im anästhesiologischen Bereich – idealerweise mit Erfahrung in der Kindernarkose | Fachweiterbildung Anästhesie und Intensivpflege von Vorteil | Sorgfältige, verantwortungsbewusste und eigenständige Arbeitsweise | Teamorientiertes Auftreten, hohe Einsatzbereitschaft und Freude an Weiterentwicklung",,2,Ort der Anzeige nicht als bayerisch bestätigt,https://jobs.sana.de/de/sites/CX_4025/job/4836
— nicht zugeordnet —,-,Anästhesiepflege,Pflegefachkraft (m/w/d) Anästhesie oder ATA (m/w/d),pflegefachkraft,P8,Pflegefachkraft ohne Fachweiterbildung oder ATA Eingruppierung in Entgeltgruppe P8 TVöD-K,,,vollzeit_teilzeit,"abgeschlossene 3-jährige Ausbildung als Pflegefachkraft (m/w/d) mit oder ohne Fachweiterbildung in der Anästhesie | oder abgeschlossene Ausbildung zur Anästhesietechnischen Assistenz (m/w/d) | erste Berufserfahrung im Bereich Anästhesie wünschenswert, gerne begrüßen wir gleichermaßen Berufsanfänger | Teamfähigkeit und Verantwortungsbewusstsein | Empathie gegenüber unseren Patienten und Angehörigen | Freude an der Arbeit im Team | selbstständige und eigenverantwortliche Arbeitsweise",erste Berufserfahrung im Bereich Anästhesie wünschenswert,2,Ort der Anzeige nicht als bayerisch bestätigt,https://klipa.softgarden.io/job/64492558/Pflegefachkraft-m-w-d-An%C3%A4sthesie-oder-ATA-m-w-d-?jobDbPVId=283755630&l=de
— nicht zugeordnet —,-,Anästhesiepflege,Pflegefachkraft (m/w/d) Anästhesie oder ATA (m/w/d),ota_ata,P8,Pflegefachkraft ohne Fachweiterbildung oder ATA Eingruppierung in Entgeltgruppe P8 TVöD-K; mit Fachweiterbildung P9,unklar,,Voll- oder Teilzeit,abgeschlossene 3-jährige Ausbildung als Pflegefachkraft oder ATA,erste Berufserfahrung im Bereich Anästhesie wünschenswert,2,Anzeigenort widerspricht der Portal-Klinik,https://klipa.softgarden.io/job/64492558?l=de
— nicht zugeordnet —,-,Anästhesiepflege,Pflegefachkraft (m/w/d) Anästhesie oder ATA (m/w/d),pflegefachkraft,P8,Pflegefachkraft ohne Fachweiterbildung oder ATA Eingruppierung in Entgeltgruppe P8 TVöD-K; mit Fachweiterbildung P9 TVöD-K,unklar,,Voll- oder Teilzeit,abgeschlossene 3-jährige Ausbildung als Pflegefachkraft mit oder ohne Fachweiterbildung Anästhesie | oder Ausbildung zur Anästhesietechnischen Assistenz (ATA),erste Berufserfahrung im Bereich Anästhesie wünschenswert,2,Anzeigenort widerspricht der Portal-Klinik,https://klipa.softgarden.io/job/64492558?jobDbPVId=283755630&l=de
— nicht zugeordnet —,Berching,,Pflegefachkraft (m/w/d) Berching Lesen,pflegefachkraft,,,,,vollzeit_teilzeit,"Eine Ausbildung zur Pflegefachkraft (m/w/d) ist natürlich nötig. | Toll wäre auch, wenn du eine abgeschlossene Ausbildung zur Altenpflegefachkraft (m/w/d) hast | und noch besser, Erfahrung im Arbeitsschwerpunkt Geriatrie vorweisen kannst. | Neben einer strukturierten Arbeitsweise bringst du eine positive Lebenseinstellung mit und arbeitest gern mit älteren Menschen.",,2,Anzeigenort widerspricht der Portal-Klinik,https://www.vitrea-gesundheit.de/karriere/job-finden/stellendetail/0103-000011/pflegefachkraft-m-w-d
— nicht zugeordnet —,Deutschland,chirurgischen Intensivstation,Pflegefachkraft / Pflegefachkraft mit Fachweiterbildung (m/w/d) Intensivstation Pinneberg,fachweiterbildung,,,,,vollzeit,"Du hast eine abgeschlossene Ausbildung als Gesundheits- und Krankenpfleger (m/w/d), gerne mit Fachweiterbildung in Anästhesie- und Intensivpflege und idealerweise erste Erfahrung auf der Intensivstation | Deine fachliche, kommunikative und soziale Kompetenz ist ausgeprägt und du bringst Verantwortungsbewusstsein sowie Engagement mit | Du bist offen für neue Aufgaben und Fortbildungen, auch in Eigeninitiative | Als Pflegeprofi liebst du deinen Job und suchst die Herausforderung auf der chirurgischen Intensivstation. | Du kannst dich gut auf wechselnde Patienten und die Bedürfnisse ihrer Angehörigen einstellen | In kritischen Situationen zeigst du dich psychisch und physisch belastbar und bleibst auch in Stresssituationen freundlich | Gute Deutschkenntnisse in Wort und Schrift und die Bereitschaft zur Tätigkeit im 3-Schicht-System runden dein Profil ab",,2,"Ort der Anzeige nicht als bayerisch bestätigt · pay_text auf der Seite nicht gefunden, geleert",https://jobs.sana.de/de/sites/CX_4025/job/5754
— nicht zugeordnet —,Klinikum Weiden,,Pflegefachkraft B A als pflegewissenschaftlicher Mitarbeiter auf der Station m w d Klinikum Weiden Kliniken Nordoberpfalz AG,pflegefachkraft,,"Vergütung nach TVÖD entsprechend der Bedeutung der Position und dem Verantwortungsbereich, sowie langfristige Perspektiven und Entwicklungs­möglichkeiten",,,vollzeit_teilzeit,"Pflegefachkraft mit abgeschlossener Ausbildung in der Gesundheits- und Krankenpflege oder Altenpflege | absolviertem oder begonnenen Hochschulstudium im Bereich Pflege (Bachelor) | Verantwortungsbewusste Persönlichkeit mit hoher sozialer, kommunikativer und fachlicher Kompetenz | Interesse an der Weiterentwicklung der pflegerischen Versorgungsqualität | Engagierte Pflegefachkraft mit Interesse an regelmäßiger fachspezifischer Qualifizierung | Flexibilität, innovatives Denken und Handeln zeichnet Sie aus.",,2,Ort der Anzeige nicht als bayerisch bestätigt,https://kliniken-nordoberpfalz.talention.com/stellenangebote/Pflegefachkraft-B-A-als-pflegewissenschaftlicher-Mitarbeiter-auf-der-Station-m-w-d-Klinikum-Weiden-Kliniken-Nordoberpfalz-AG--2853522
— nicht zugeordnet —,Krankenhaus St. Barbara Schwandorf,Intensivstation,Pflegefachkraft Intensivstation (VZ/TZ),pflegefachkraft,,,ja,Kurzfristige Wohnmöglichkeiten in unserem Wohnheim,Vollzeit oder Teilzeit; unbefristeter Dienstvertrag,abgeschlossene Ausbildung zur Pflegefachkraft,idealerweise Fachweiterbildung Intensiv- und Anästhesiepflege oder Bereitschaft dazu,2,"Anzeigenort widerspricht der Portal-Klinik · pay_text auf der Seite nicht gefunden, geleert",https://www.barmherzige-bieten-zukunft.de/stellenmarkt/stellenboerse/detail/pflegefachkraft-intensivstation-vz/tz-160249072
— nicht zugeordnet —,Augsburg,Zentrale Notaufnahme,Pflegefachkraft für die Zentrale Notaufnahme m/w/d,pflegefachkraft,,Vergütung nach AVR-Tarif und zusätzliche Sozialleistungen,,,vollzeit_teilzeit,"Abgeschlossene 3-jährige Ausbildung als Pflegefachkraft m/w/d mit entsprechender Berufserfahrung oder einer alternativen Pflegeausbildung, z.B. Notfallsanitäter | Fundierte Kenntnisse in der Notfallmedizin und Erfahrung in der Versorgung von Notfallpatienten | Berufliche Vorerfahrung in der Versorgung von Kindern und Jugendlichen | Bereitschaft zur Tätigkeit im 3-Schicht-System | Fähigkeit zur Zusammenarbeit im interdisziplinären Team | Hohe Belastbarkeit und Flexibilität im Umgang mit stressigen Situationen | Gute Kommunikationsfähigkeiten und ein professionelles Auftreten",Fundierte Kenntnisse in der Notfallmedizin und Erfahrung in der Versorgung von Notfallpatienten,2,keine Klinik zugeordnet,https://josefinum.softgarden.io/job/65211086/Pflegefachkraft-f%C3%BCr-die-Zentrale-Notaufnahme-m-w-d?jobDbPVId=281823435&l=de
— nicht zugeordnet —,Augsburg,Kreißsaal,Pflegefachkraft im Kreissaal m/w/d,pflegefachkraft,,Vergütung nach AVR-Tarif,,,vollzeit_teilzeit,Ausbildung als examinierte Pflegefachkraft m/w/d | Berufserfahrung in der Pflege und wünschenswert IMC oder Intensiverfahrung | Bereitschaft zur Arbeit im 3-Schichtdienst | Selbstständige und verantwortungsbewusste Arbeitsweise | Teamfähigkeit und Empathie im Umgang mit Patientinnen,Berufserfahrung in der Pflege und wünschenswert IMC oder Intensiverfahrung,2,keine Klinik zugeordnet,https://josefinum.softgarden.io/job/64877711/Pflegefachkraft-im-Kreissaal-m-w-d?jobDbPVId=281821545&l=de
— nicht zugeordnet —,"Weiden, Bayern, Deutschland",Pflegezentrum Intensiv / Intermediate Care,Pflegefachkraft m w d Klinikum Weiden Pflegezentrum Intensiv Intermediate Care Kliniken Nordoberpfalz AG,fachweiterbildung,,"Vergütung nach TVÖD (EG P) entsprechend der Qualifikation, der Bedeutung der Position und dem Verantwortungsbereich sowie langfristige Perspektiven und Entwicklungsmöglichkeiten",ja,Eine vorübergehende Unterbringung im Personalwohnheim ist u. U. möglich,vollzeit_teilzeit,"Examinierte Pflegefachkraft – Gesundheits- und Krankenpfleger (m/w/d) / Gesundheits- und Kinderkrankenpfleger (m/w/d) / Pflegefachfrau/-mann | Abgeschlossene Fachweiterbildung Intensiv- und Anästhesiepflege (DKG) / Intermediate Care Pflege (DKG) oder die Bereitschaft diese zu absolvieren | Freude an der pflegerischen Tätigkeit und wertschätzender Umgang mit den Patienten und Patientinnen, deren Angehörigen | und den Kollegen und Kolleginnen im interprofessionellen Team | Ausgeprägtes Verantwortungsbewusstsein, Engagement und Flexibilität | Bereitschaft zur kontinuierlichen Fort- und Weiterbildung | Kommunikationsfähigkeit und Kooperationsbereitschaft | Organisationsgeschick, wirtschaftliches Handeln",,2,Ort der Anzeige nicht als bayerisch bestätigt,https://kliniken-nordoberpfalz.talention.com/stellenangebote/Pflegefachkraft-m-w-d-Klinikum-Weiden-Pflegezentrum-Intensiv-Intermediate-Care-Kliniken-Nordoberpfalz-AG--848944260
— nicht zugeordnet —,Klinikum Weiden Zentrale Notaufnahme,Zentrale Notaufnahme,Pflegefachkraft m w d Zentrale Notaufnahme Klinikum Weiden Zentrale Notaufnahme Kliniken Nordoberpfalz AG,pflegefachkraft,,Vergütung nach TVÖD je nach Qualifikation sowie langfristige Perspektiven und Entwicklungs­ möglichkeiten,ja,Eine vorübergehende Unterbringung im Personalwohnheim ist u. U. möglich,vollzeit_teilzeit,"Pflegefachkraft - Gesundheits- Krankenpfleger/-in / Pflegefgachfrau / Pflegefachmann | wünschenswert mit Weiterbildung Notfallpflege, bzw. Bereitschaft diese zu absolvieren | Ausgeprägtes Verantwortungsbewusstsein, Engagement und Flexibilität | Freude am Pflegeberuf und wertschätzender Umgang mit den Patienten, Patientinnen, deren Angehörigen | Hohe Teamfähigkeit",,2,Ort der Anzeige nicht als bayerisch bestätigt,https://kliniken-nordoberpfalz.talention.com/stellenangebote/Pflegefachkraft-m-w-d-Zentrale-Notaufnahme-Klinikum-Weiden-Zentrale-Notaufnahme-Kliniken-Nordoberpfalz-AG--956479006
— nicht zugeordnet —,"Weiden, Bayern, Deutschland",Chirurgische Intensivstation,Pflegefachkraft m w d fuer die Chirurgische Intensivstation Weiden Bayern Deutschland Kliniken Nordoberpfalz AG,fachweiterbildung,,"Vergütung nach TVÖD (EG P8 / P9 & Intensivzulage) entsprechend der Qualifikation, der Bedeutung der Position und dem Verantwortungsbereich sowie langfristige Perspektiven und Entwicklungs­möglichkeiten",ja,Eine vorübergehende Unterbringung im Personalwohnheim ist u. U. möglich,vollzeit_teilzeit,"Examinierte Pflegefachkraft – Gesundheits- und Krankenpfleger (m/w/d) / Pflegefachfrau/-mann | Abgeschlossene Fachweiterbildung Intensiv- und Anästhesiepflege (DKG) oder die Bereitschaft diese zu absolvieren | Freude an der pflegerischen Tätigkeit und wertschätzender Umgang mit den Patienten und Patientinnen, deren Angehörigen | und den Kollegen und Kolleginnen im interprofessionellen Team | Ausgeprägtes Verantwortungsbewusstsein, Engagement und Flexibilität | Bereitschaft zur kontinuierlichen Fort- und Weiterbildung | Kommunikationsfähigkeit und Kooperationsbereitschaft | Organisationsgeschick, wirtschaftliches Handeln",,2,Ort der Anzeige nicht als bayerisch bestätigt,https://kliniken-nordoberpfalz.talention.com/stellenangebote/Pflegefachkraft-m-w-d-fuer-die-Chirurgische-Intensivstation-Weiden-Bayern-Deutschland-Kliniken-Nordoberpfalz-AG--602213145
— nicht zugeordnet —,Pfaffenhofen a.d.Ilm,,"Pflegefachkräfte (m/w/d), Altenpfleger (m/w/d)",pflegefachkraft,,nach Tarif,ja,,in Voll- oder Teilzeit,Exam. Gesundheits- und Krankenpflegekraft oder Altenpfleger (m/w/d) oder Pflegefachhelfer (m/w/d),,2,"Anzeigenort widerspricht der Portal-Klinik · housing_quote auf der Seite nicht gefunden, geleert",https://karriere.ilmtalkliniken.de/jobposting/d279a9a50fb52ff236cc38d346f042c8dedcbd650
— nicht zugeordnet —,Pfaffenhofen a.d.Ilm,Intensivstation,Pflegefachkräfte Intensivstation (m/w/d),pflegefachkraft,,,ja,,Vollzeit oder Teilzeit,Examen als Pflegefachkraft (m/w/d),gerne mit Fachweiterbildung oder Motivation zur Qualifikation,2,"Anzeigenort widerspricht der Portal-Klinik · pay_text auf der Seite nicht gefunden, geleert · housing_quote auf der Seite nicht gefunden, geleert",https://karriere.ilmtalkliniken.de/jobposting/2855129d0791e2cd618d096aa9750028b1b6eaaa0
— nicht zugeordnet —,Augsburg,Pädiatrie mit Schwerpunkt Chirurgie,Pflegefachperson Pädiatrie mit Schwerpunkt Chirurgie m/w/d,pflegefachkraft,,Vergütung nach AVR-Tarif,,,vollzeit_teilzeit,"Abgeschlossene Ausbildung als Pflegefachperson m/w/d oder vergleichbare Qualifikation | Interesse und Lust an der Arbeit in der Pädiatrie | Freundliches und empathisches Auftreten im Umgang mit Kindern, Jugendlichen und deren Familien | Teamfähig, belastbar und flexibel | Bereitschaft zur Arbeit im 3-Schichtsystem | Bereitschaft zur kontinuierlichen Weiterbildung",,2,keine Klinik zugeordnet,https://josefinum.softgarden.io/job/66506933/Pflegefachperson-P%C3%A4diatrie-mit-Schwerpunkt-Chirurgie-m-w-d-?jobDbPVId=281821480&l=de
— nicht zugeordnet —,Augsburg,PWS-Patient*innen und pädiatrisches Schlaflabor,Pflegefachperson im Bereich für PWS-Patient*innen und pädiatrisches Schlaflabor m/w/d,pflegefachkraft,,Vergütung nach AVR-Tarif,,,vollzeit_teilzeit,"Abgeschlossene Ausbildung als Pflegefachperson m/w/d oder eine Ausbildung als Medizinische Fachangestellte m/w/d | Freude an der Arbeit mit Kindern und Jugendlichen sowie deren Familien | Einfühlungsvermögen, Geduld und ein wertschätzender Umgang mit Patientinnen und Patienten und deren Angehörigen | Verantwortungsbewusstsein und eine sorgfältige Arbeitsweise | Teamfähigkeit und Freude an der interdisziplinären Zusammenarbeit | Sicherer Umgang mit medizinischer Dokumentation und gängigen EDV-Systemen | Bereitschaft, sich in die Besonderheiten des Prader-Willi-Syndroms und der pädiatrischen Schlafdiagnostik einzuarbeiten | Bereitschaft für eine Tätigkeit im 3-Schicht-System von montags bis freitags (Wochenenden und Feiertage frei)",,2,keine Klinik zugeordnet,https://josefinum.softgarden.io/job/66917245/Pflegefachperson-im-Bereich-f%C3%BCr-PWS-Patient-innen-und-p%C3%A4diatrisches-Schlaflabor-m-w-d?jobDbPVId=282659580&l=de
— nicht zugeordnet —,Seeon-Seebruck,,Pflegehilfskraft Altenpflegehelfer Pflegefachassistent Med de j2296,hilfskraft,,,ja,die Möglichkeit einer übergangsweisen Unterkunft in unseren Mitarbeiterappartements,vollzeit_teilzeit,"Abgeschlossene 1-jährige Ausbildung als Pflegehilfskraft, Altenpflegehelfer oder Pflegefachassistent (m/w/d) | Bereitschaft zur Fortbildung in der Co-Therapie | Empathisches Verständnis auf bindungsorientierter und psychodynamischer Grundlage | Ganzheitliches Denken und Problemlösungsfähigkeit | Gute PC-Kenntnisse",,2,keine Klinik zugeordnet,https://karriere.gesundheitswelt.de/Pflegehilfskraft-Altenpflegehelfer-Pflegefachassistent-Med-de-j2296.html
— nicht zugeordnet —,"Neustadt a. d. Waldnaab, Bayern, Deutschland",Berufsfachschule für Pflege,Pflegepaedagogen Medizinpaedagogen oder Berufspaedagogen Fachrichtung Gesundheit m w d Neustadt a d Waldnaab Bayern Deutschland Kliniken Nordoberpfalz AG,unklar,,Im Sinne der europarechtlichen Vorgaben zur Entgelttransparenz erfolgt die Vergütung für diese Position mit Hochschulabschluss Bachelor nach den Bestimmungen des TVöD-K in der Entgeltgruppe 11.,,,teilzeit,"Erfolgreich abgeschlossenes Hochschulstudium der Pflegepädagogik, Berufspädagogik Fachrichtung Gesundheit auf Bachelor- oder Masterniveau | oder ein bereits laufendes Studium im Bereich der Pflege-/Berufspädagogik | Grundständige Ausbildung im Bereich Gesundheits- und Krankenpflege / Gesundheits- und Kinderkrankenpflege / Altenpflege mit mehrjähriger Berufserfahrung | Fachliche, pädagogische und soziale Kompetenz | Engagement, Teamfähigkeit, Kreativität und Verantwortungsbewusstsein | Kommunikative Fähigkeiten und Methodenkompetenz | Selbständige Arbeitsweise und Organisationstalent | Offenheit für neue Lernformen",mit mehrjähriger Berufserfahrung,2,Ort der Anzeige nicht als bayerisch bestätigt,https://kliniken-nordoberpfalz.talention.com/stellenangebote/Pflegepaedagogen-Medizinpaedagogen-oder-Berufspaedagogen-Fachrichtung-Gesundheit-m-w-d-Neustadt-a-d-Waldnaab-Bayern-Deutschland-Kliniken-Nordoberpfalz-AG--523502300
— nicht zugeordnet —,Baden-Württemberg,,Pflegerische Teamleitung (m/w/d) 80-100%,leitung,,,unklar,,vollzeit_teilzeit,"Du bist Pflegefachperson o.ä. und verfügst über aktuelle Kenntnisse zu pflegewissenschaftlichen und evidenzbasierten pflegerischen Leitlinien und Standards | Du bringst mehrjährige Berufserfahrung mit und verfügst bereits über Erfahrung in der Leitung einer Station / Abteilung. | Außerdem bist Du kreativ, teamfähig und bereit mit unterschiedlichen Berufsgruppen konstruktiv und zielorientiert zusammenzuarbeiten. | Wir wünschen uns hohe Konfliktfähigkeit, Durchsetzungsstärke sowie eine ausgeprägte Ziel- und Ergebnisorientierung. | Zudem wünschen wir uns Ideenreichtum zur Optimierung der Arbeitsabläufe, um Veränderungsprozesse konstruktiv anstoßen und aktiv begleiten zu können. | Du verfügst über eine ökonomische Denkweise und handelst im Sinne der Unternehmensziele, bist innovationsorientiert",Du bringst mehrjährige Berufserfahrung mit und verfügst bereits über Erfahrung in der Leitung einer Station / Abteilung.,2,"Ort der Anzeige nicht als bayerisch bestätigt · pay_text auf der Seite nicht gefunden, geleert",https://jobs.sana.de/de/sites/CX_4025/job/6960
— nicht zugeordnet —,-,,Praxisanleiter (m/w/d),leitung,P8,Eingruppierung in EG P8 TVöD-K und weitere Leistungen gemäß Tarif,,,vollzeit_teilzeit,abgeschlossene 3-jährige Ausbildung als Pflegefachmann/-frau (m/w/d) | abgeschlossene Weiterbildung zum Praxisanleiter (m/w/d) | mind. 1 Jahr Berufserfahrung als Praxisanleitung | Bereitschaft auch stations- bzw. klinikübergreifende Praxisanleitungen durchzuführen und praktische Prüfungen abzunehmen | Verantwortungsbereitschaft | Freude an der Arbeit im Team der Praxisanleitungen und der Station | selbstständige und eigenverantwortliche Arbeitsweise,mind. 1 Jahr Berufserfahrung als Praxisanleitung,2,Ort der Anzeige nicht als bayerisch bestätigt,https://klipa.softgarden.io/job/64178788/Praxisanleiter-m-w-d-?jobDbPVId=282364325&l=de
— nicht zugeordnet —,-,,Praxisanleiter (m/w/d),fachweiterbildung,P8,Eingruppierung in EG P8 TVöD-K und weitere Leistungen gemäß Tarif,unklar,,Voll- oder Teilzeit,abgeschlossene 3-jährige Ausbildung als Pflegefachmann/-frau | abgeschlossene Weiterbildung zum Praxisanleiter,mind. 1 Jahr Berufserfahrung als Praxisanleitung,2,Anzeigenort widerspricht der Portal-Klinik,https://klipa.softgarden.io/job/64178788?l=de
— nicht zugeordnet —,-,Praxisanleitung generalistische Pflegeausbildung,Praxisanleiter (m/w/d),fachweiterbildung,P8,Eingruppierung in EG P8 TVöD-K und weitere Leistungen gemäß Tarif,unklar,,Voll- oder Teilzeit (mind. 30 Std. wöchentlich),abgeschlossene 3-jährige Ausbildung als Pflegefachmann/-frau | abgeschlossene Weiterbildung zum Praxisanleiter,mind. 1 Jahr Berufserfahrung als Praxisanleitung,2,Anzeigenort widerspricht der Portal-Klinik,https://klipa.softgarden.io/job/64178788?jobDbPVId=282364325&l=de
— nicht zugeordnet —,Deutschland,Notfallambulanz,Stationsleitung (m/w/d) Notfallambulanz Pflege Elmshorn,leitung,,,,,vollzeit,"Abgeschlossene Zusatzweiterbildung Notfallpflege (DKG) - zwingende Voraussetzung | Berufserfahrung in der Notaufnahme oder Akutpflege | Führungskompetenz, Kommunikationsstärke und Freude an Teamarbeit | Strukturierte, lösungsorientierte Arbeitsweise | Bereitschaft, moderne Führungsmodelle aktiv mitzugestalten",Berufserfahrung in der Notaufnahme oder Akutpflege,2,"Ort der Anzeige nicht als bayerisch bestätigt · pay_text auf der Seite nicht gefunden, geleert",https://jobs.sana.de/de/sites/CX_4025/job/6720
— nicht zugeordnet —,"Weiden, Bayern, Deutschland",,Stellvertretende Schulleitung m w d der Berufsfachschule fuer Pflege Akademie fuer Gesundheit NEW LIFE Kliniken Nordoberpfalz AG,unklar,,Im Sinne der europarechtlichen Vorgaben zur Entgelttransparenz erfolgt die Vergütung für diese Position nach den Bestimmungen des TVöD-K in der Entgeltgruppe 14.,ja,Eine vorübergehende Unterbringung im Personalwohnheim ist u. U. möglich,vollzeit,"Abgeschlossene pädagogische Hochschulausbildung auf Master- oder vergleichbarem Niveau (nach PflBG § 9 (1) 1.) | Erfahrung als Leitung einer Berufsfachschule ist wünschenswert | Erfahrung als Klassenleitung | Fachliche, pädagogische und soziale Kompetenz | Engagement, Teamfähigkeit, Kreativität und Verantwortungsbewusstsein | Kommunikative Fähigkeiten und Methodenkompetenz | Selbständige Arbeitsweise und Organisationstalent | Offenheit für neue Lernformen",,2,Ort der Anzeige nicht als bayerisch bestätigt,https://kliniken-nordoberpfalz.talention.com/stellenangebote/Stellvertretende-Schulleitung-m-w-d-der-Berufsfachschule-fuer-Pflege-Akademie-fuer-Gesundheit-NEW-LIFE-Kliniken-Nordoberpfalz-AG--359945425
